[{"nome":"Abbateggio","codice":"068001","regione":"abruzzo","provincia":"pescara","sigla":"PE","codiceCatastale":"A008","cap":"65020","coordinate":{"lat":42.2245154,"lng":14.0136461}},{"nome":"Acciano","codice":"066001","regione":"abruzzo","provincia":"l'aquila","sigla":"AQ","codiceCatastale":"A018","cap":"67020","coordinate":{"lat":42.1764158,"lng":13.7169084}},{"nome":"Aielli","codice":"066002","regione":"abruzzo","provincia":"l'aquila","sigla":"AQ","codiceCatastale":"A100","cap":"67041","coordinate":{"lat":42.0818888,"lng":13.591574}},{"nome":"Alanno","codice":"068002","regione":"abruzzo","provincia":"pescara","sigla":"PE","codiceCatastale":"A120","cap":"65020","coordinate":{"lat":42.294949,"lng":13.971743}},{"nome":"Alba Adriatica","codice":"067001","regione":"abruzzo","provincia":"teramo","sigla":"TE","codiceCatastale":"A125","cap":"64011","coordinate":{"lat":42.831834,"lng":13.926037}},{"nome":"Alfedena","codice":"066003","regione":"abruzzo","provincia":"l'aquila","sigla":"AQ","codiceCatastale":"A187","cap":"67030","coordinate":{"lat":41.7342376,"lng":14.0325334}},{"nome":"Altino","codice":"069001","regione":"abruzzo","provincia":"chieti","sigla":"CH","codiceCatastale":"A235","cap":"66040","coordinate":{"lat":42.1024135,"lng":14.3306655}},{"nome":"Ancarano","codice":"067002","regione":"abruzzo","provincia":"teramo","sigla":"TE","codiceCatastale":"A270","cap":"64010","coordinate":{"lat":42.8369794,"lng":13.7406514}},{"nome":"Anversa degli Abruzzi","codice":"066004","regione":"abruzzo","provincia":"l'aquila","sigla":"AQ","codiceCatastale":"A318","cap":"67030","coordinate":{"lat":41.9948518,"lng":13.8048518}},{"nome":"Archi","codice":"069002","regione":"abruzzo","provincia":"chieti","sigla":"CH","codiceCatastale":"A367","cap":"66044","coordinate":{"lat":42.0904181,"lng":14.3821808}},{"nome":"Ari","codice":"069003","regione":"abruzzo","provincia":"chieti","sigla":"CH","codiceCatastale":"A398","cap":"66010","coordinate":{"lat":42.2933672,"lng":14.2640338}},{"nome":"Arielli","codice":"069004","regione":"abruzzo","provincia":"chieti","sigla":"CH","codiceCatastale":"A402","cap":"66030","coordinate":{"lat":42.2631678,"lng":14.3073269}},{"nome":"Arsita","codice":"067003","regione":"abruzzo","provincia":"teramo","sigla":"TE","codiceCatastale":"A445","cap":"64031","coordinate":{"lat":42.5023805,"lng":13.7845685}},{"nome":"Ateleta","codice":"066005","regione":"abruzzo","provincia":"l'aquila","sigla":"AQ","codiceCatastale":"A481","cap":"67030","coordinate":{"lat":41.854829,"lng":14.201356}},{"nome":"Atessa","codice":"069005","regione":"abruzzo","provincia":"chieti","sigla":"CH","codiceCatastale":"A485","cap":"66041","coordinate":{"lat":42.0667129,"lng":14.4460612}},{"nome":"Atri","codice":"067004","regione":"abruzzo","provincia":"teramo","sigla":"TE","codiceCatastale":"A488","cap":"64032","coordinate":{"lat":42.5802021,"lng":13.9810016}},{"nome":"Avezzano","codice":"066006","regione":"abruzzo","provincia":"l'aquila","sigla":"AQ","codiceCatastale":"A515","cap":"67051","coordinate":{"lat":42.028408,"lng":13.425618}},{"nome":"Balsorano","codice":"066007","regione":"abruzzo","provincia":"l'aquila","sigla":"AQ","codiceCatastale":"A603","cap":"67052","coordinate":{"lat":41.8109629,"lng":13.5607962}},{"nome":"Barete","codice":"066008","regione":"abruzzo","provincia":"l'aquila","sigla":"AQ","codiceCatastale":"A656","cap":"67010","coordinate":{"lat":42.4490884,"lng":13.2832322}},{"nome":"Barisciano","codice":"066009","regione":"abruzzo","provincia":"l'aquila","sigla":"AQ","codiceCatastale":"A667","cap":"67021","coordinate":{"lat":42.3254814,"lng":13.5934629}},{"nome":"Barrea","codice":"066010","regione":"abruzzo","provincia":"l'aquila","sigla":"AQ","codiceCatastale":"A678","cap":"67030","coordinate":{"lat":41.7552493,"lng":13.992042}},{"nome":"Basciano","codice":"067005","regione":"abruzzo","provincia":"teramo","sigla":"TE","codiceCatastale":"A692","cap":"64030","coordinate":{"lat":42.5948703,"lng":13.7411111}},{"nome":"Bellante","codice":"067006","regione":"abruzzo","provincia":"teramo","sigla":"TE","codiceCatastale":"A746","cap":"64020","coordinate":{"lat":42.7448539,"lng":13.803994}},{"nome":"Bisegna","codice":"066011","regione":"abruzzo","provincia":"l'aquila","sigla":"AQ","codiceCatastale":"A884","cap":"67050","coordinate":{"lat":41.9222037,"lng":13.7586111}},{"nome":"Bisenti","codice":"067007","regione":"abruzzo","provincia":"teramo","sigla":"TE","codiceCatastale":"A885","cap":"64033","coordinate":{"lat":42.528439,"lng":13.801118}},{"nome":"Bolognano","codice":"068003","regione":"abruzzo","provincia":"pescara","sigla":"PE","codiceCatastale":"A945","cap":"65020","coordinate":{"lat":42.2192407,"lng":13.9611111}},{"nome":"Bomba","codice":"069006","regione":"abruzzo","provincia":"chieti","sigla":"CH","codiceCatastale":"A956","cap":"66042","coordinate":{"lat":42.0353148,"lng":14.3681481}},{"nome":"Borrello","codice":"069007","regione":"abruzzo","provincia":"chieti","sigla":"CH","codiceCatastale":"B057","cap":"66040","coordinate":{"lat":41.9200185,"lng":14.3053148}},{"nome":"Brittoli","codice":"068004","regione":"abruzzo","provincia":"pescara","sigla":"PE","codiceCatastale":"B193","cap":"65010","coordinate":{"lat":42.3184945,"lng":13.8624566}},{"nome":"Bucchianico","codice":"069008","regione":"abruzzo","provincia":"chieti","sigla":"CH","codiceCatastale":"B238","cap":"66011","coordinate":{"lat":42.3058632,"lng":14.182742}},{"nome":"Bugnara","codice":"066012","regione":"abruzzo","provincia":"l'aquila","sigla":"AQ","codiceCatastale":"B256","cap":"67030","coordinate":{"lat":42.0221984,"lng":13.8586786}},{"nome":"Bussi sul Tirino","codice":"068005","regione":"abruzzo","provincia":"pescara","sigla":"PE","codiceCatastale":"B294","cap":"65022","coordinate":{"lat":42.2126329,"lng":13.824796}},{"nome":"Cagnano Amiterno","codice":"066013","regione":"abruzzo","provincia":"l'aquila","sigla":"AQ","codiceCatastale":"B358","cap":"67012","coordinate":{"lat":42.4522647,"lng":13.2247903}},{"nome":"Calascio","codice":"066014","regione":"abruzzo","provincia":"l'aquila","sigla":"AQ","codiceCatastale":"B382","cap":"67020","coordinate":{"lat":42.3265687,"lng":13.6981091}},{"nome":"Campli","codice":"067008","regione":"abruzzo","provincia":"teramo","sigla":"TE","codiceCatastale":"B515","cap":"64012","coordinate":{"lat":42.7295343,"lng":13.6933341}},{"nome":"Campo di Giove","codice":"066015","regione":"abruzzo","provincia":"l'aquila","sigla":"AQ","codiceCatastale":"B526","cap":"67030","coordinate":{"lat":42.0111928,"lng":14.0348815}},{"nome":"Campotosto","codice":"066016","regione":"abruzzo","provincia":"l'aquila","sigla":"AQ","codiceCatastale":"B569","cap":"67013","coordinate":{"lat":42.5598706,"lng":13.3678545}},{"nome":"Canistro","codice":"066017","regione":"abruzzo","provincia":"l'aquila","sigla":"AQ","codiceCatastale":"B606","cap":"67050","coordinate":{"lat":41.9416256,"lng":13.4134432}},{"nome":"Canosa Sannita","codice":"069010","regione":"abruzzo","provincia":"chieti","sigla":"CH","codiceCatastale":"B620","cap":"66010","coordinate":{"lat":42.2998458,"lng":14.3063198}},{"nome":"Cansano","codice":"066018","regione":"abruzzo","provincia":"l'aquila","sigla":"AQ","codiceCatastale":"B624","cap":"67030","coordinate":{"lat":42.0054814,"lng":14.0128148}},{"nome":"Canzano","codice":"067009","regione":"abruzzo","provincia":"teramo","sigla":"TE","codiceCatastale":"B640","cap":"64020","coordinate":{"lat":42.6467407,"lng":13.805}},{"nome":"Capestrano","codice":"066019","regione":"abruzzo","provincia":"l'aquila","sigla":"AQ","codiceCatastale":"B651","cap":"67022","coordinate":{"lat":42.2685708,"lng":13.766123}},{"nome":"Capistrello","codice":"066020","regione":"abruzzo","provincia":"l'aquila","sigla":"AQ","codiceCatastale":"B656","cap":"67053","coordinate":{"lat":41.965729,"lng":13.389809}},{"nome":"Capitignano","codice":"066021","regione":"abruzzo","provincia":"l'aquila","sigla":"AQ","codiceCatastale":"B658","cap":"67014","coordinate":{"lat":42.520421,"lng":13.30088}},{"nome":"Caporciano","codice":"066022","regione":"abruzzo","provincia":"l'aquila","sigla":"AQ","codiceCatastale":"B672","cap":"67020","coordinate":{"lat":42.2511426,"lng":13.6747086}},{"nome":"Cappadocia","codice":"066023","regione":"abruzzo","provincia":"l'aquila","sigla":"AQ","codiceCatastale":"B677","cap":"67060","coordinate":{"lat":42.0058402,"lng":13.2800854}},{"nome":"Cappelle sul Tavo","codice":"068006","regione":"abruzzo","provincia":"pescara","sigla":"PE","codiceCatastale":"B681","cap":"65010","coordinate":{"lat":42.4650173,"lng":14.1032226}},{"nome":"Caramanico Terme","codice":"068007","regione":"abruzzo","provincia":"pescara","sigla":"PE","codiceCatastale":"B722","cap":"65023","coordinate":{"lat":42.1572699,"lng":14.002929}},{"nome":"Carapelle Calvisio","codice":"066024","regione":"abruzzo","provincia":"l'aquila","sigla":"AQ","codiceCatastale":"B725","cap":"67020","coordinate":{"lat":42.2996956,"lng":13.6824834}},{"nome":"Carpineto della Nora","codice":"068008","regione":"abruzzo","provincia":"pescara","sigla":"PE","codiceCatastale":"B827","cap":"65010","coordinate":{"lat":42.334074,"lng":13.8617222}},{"nome":"Carpineto Sinello","codice":"069011","regione":"abruzzo","provincia":"chieti","sigla":"CH","codiceCatastale":"B826","cap":"66030","coordinate":{"lat":42.010716,"lng":14.504298}},{"nome":"Carsoli","codice":"066025","regione":"abruzzo","provincia":"l'aquila","sigla":"AQ","codiceCatastale":"B842","cap":"67061","coordinate":{"lat":42.0995009,"lng":13.086941}},{"nome":"Carunchio","codice":"069012","regione":"abruzzo","provincia":"chieti","sigla":"CH","codiceCatastale":"B853","cap":"66050","coordinate":{"lat":41.9189825,"lng":14.5249765}},{"nome":"Casacanditella","codice":"069013","regione":"abruzzo","provincia":"chieti","sigla":"CH","codiceCatastale":"B859","cap":"66010","coordinate":{"lat":42.2484444,"lng":14.2003333}},{"nome":"Casalanguida","codice":"069014","regione":"abruzzo","provincia":"chieti","sigla":"CH","codiceCatastale":"B861","cap":"66031","coordinate":{"lat":42.0368827,"lng":14.5000221}},{"nome":"Casalbordino","codice":"069015","regione":"abruzzo","provincia":"chieti","sigla":"CH","codiceCatastale":"B865","cap":"66021","coordinate":{"lat":42.150065,"lng":14.584455}},{"nome":"Casalincontrada","codice":"069016","regione":"abruzzo","provincia":"chieti","sigla":"CH","codiceCatastale":"B896","cap":"66012","coordinate":{"lat":42.2978302,"lng":14.1360194}},{"nome":"Casoli","codice":"069017","regione":"abruzzo","provincia":"chieti","sigla":"CH","codiceCatastale":"B985","cap":"66043","coordinate":{"lat":42.1179782,"lng":14.2920038}},{"nome":"Castel Castagna","codice":"067010","regione":"abruzzo","provincia":"teramo","sigla":"TE","codiceCatastale":"C040","cap":"64030","coordinate":{"lat":42.5439074,"lng":13.7173518}},{"nome":"Castel del Monte","codice":"066026","regione":"abruzzo","provincia":"l'aquila","sigla":"AQ","codiceCatastale":"C083","cap":"67023","coordinate":{"lat":42.3645187,"lng":13.7257911}},{"nome":"Castel di Ieri","codice":"066027","regione":"abruzzo","provincia":"l'aquila","sigla":"AQ","codiceCatastale":"C090","cap":"67020","coordinate":{"lat":42.1156144,"lng":13.7427327}},{"nome":"Castel di Sangro","codice":"066028","regione":"abruzzo","provincia":"l'aquila","sigla":"AQ","codiceCatastale":"C096","cap":"67031","coordinate":{"lat":41.784336,"lng":14.108263}},{"nome":"Castel Frentano","codice":"069018","regione":"abruzzo","provincia":"chieti","sigla":"CH","codiceCatastale":"C114","cap":"66032","coordinate":{"lat":42.1981296,"lng":14.3562777}},{"nome":"Castelguidone","codice":"069019","regione":"abruzzo","provincia":"chieti","sigla":"CH","codiceCatastale":"C123","cap":"66040","coordinate":{"lat":41.8237777,"lng":14.5228148}},{"nome":"Castellafiume","codice":"066029","regione":"abruzzo","provincia":"l'aquila","sigla":"AQ","codiceCatastale":"C126","cap":"67050","coordinate":{"lat":41.9893803,"lng":13.3343212}},{"nome":"Castellalto","codice":"067011","regione":"abruzzo","provincia":"teramo","sigla":"TE","codiceCatastale":"C128","cap":"64020","coordinate":{"lat":42.6786834,"lng":13.8232198}},{"nome":"Castelli","codice":"067012","regione":"abruzzo","provincia":"teramo","sigla":"TE","codiceCatastale":"C169","cap":"64041","coordinate":{"lat":42.4891017,"lng":13.711786}},{"nome":"Castelvecchio Calvisio","codice":"066030","regione":"abruzzo","provincia":"l'aquila","sigla":"AQ","codiceCatastale":"C278","cap":"67020","coordinate":{"lat":42.3106403,"lng":13.6884576}},{"nome":"Castelvecchio Subequo","codice":"066031","regione":"abruzzo","provincia":"l'aquila","sigla":"AQ","codiceCatastale":"C279","cap":"67024","coordinate":{"lat":42.1305865,"lng":13.7306449}},{"nome":"Castiglione a Casauria","codice":"068009","regione":"abruzzo","provincia":"pescara","sigla":"PE","codiceCatastale":"C308","cap":"65020","coordinate":{"lat":42.2386387,"lng":13.9233567}},{"nome":"Castiglione Messer Marino","codice":"069020","regione":"abruzzo","provincia":"chieti","sigla":"CH","codiceCatastale":"C298","cap":"66033","coordinate":{"lat":41.866724,"lng":14.450875}},{"nome":"Castiglione Messer Raimondo","codice":"067013","regione":"abruzzo","provincia":"teramo","sigla":"TE","codiceCatastale":"C316","cap":"64034","coordinate":{"lat":42.532388,"lng":13.8793333}},{"nome":"Castilenti","codice":"067014","regione":"abruzzo","provincia":"teramo","sigla":"TE","codiceCatastale":"C322","cap":"64035","coordinate":{"lat":42.533598,"lng":13.9176771}},{"nome":"Catignano","codice":"068010","regione":"abruzzo","provincia":"pescara","sigla":"PE","codiceCatastale":"C354","cap":"65011","coordinate":{"lat":42.3470196,"lng":13.9524044}},{"nome":"Celano","codice":"066032","regione":"abruzzo","provincia":"l'aquila","sigla":"AQ","codiceCatastale":"C426","cap":"67043","coordinate":{"lat":42.086574,"lng":13.5407962}},{"nome":"Celenza sul Trigno","codice":"069021","regione":"abruzzo","provincia":"chieti","sigla":"CH","codiceCatastale":"C428","cap":"66050","coordinate":{"lat":41.8723266,"lng":14.5804255}},{"nome":"Cellino Attanasio","codice":"067015","regione":"abruzzo","provincia":"teramo","sigla":"TE","codiceCatastale":"C449","cap":"64036","coordinate":{"lat":42.5862883,"lng":13.857826}},{"nome":"Cepagatti","codice":"068011","regione":"abruzzo","provincia":"pescara","sigla":"PE","codiceCatastale":"C474","cap":"65012","coordinate":{"lat":42.3659444,"lng":14.0767222}},{"nome":"Cerchio","codice":"066033","regione":"abruzzo","provincia":"l'aquila","sigla":"AQ","codiceCatastale":"C492","cap":"67044","coordinate":{"lat":42.0646792,"lng":13.6018746}},{"nome":"Cermignano","codice":"067016","regione":"abruzzo","provincia":"teramo","sigla":"TE","codiceCatastale":"C517","cap":"64037","coordinate":{"lat":42.5926666,"lng":13.7968888}},{"nome":"Chieti","codice":"069022","regione":"abruzzo","provincia":"chieti","sigla":"CH","codiceCatastale":"C632","cap":"66100","coordinate":{"lat":42.3517929,"lng":14.1671511}},{"nome":"Città Sant'Angelo","codice":"068012","regione":"abruzzo","provincia":"pescara","sigla":"PE","codiceCatastale":"C750","cap":"65013","coordinate":{"lat":42.5192407,"lng":14.0601666}},{"nome":"Civita d'Antino","codice":"066034","regione":"abruzzo","provincia":"l'aquila","sigla":"AQ","codiceCatastale":"C766","cap":"67050","coordinate":{"lat":41.8862437,"lng":13.4698733}},{"nome":"Civitaluparella","codice":"069023","regione":"abruzzo","provincia":"chieti","sigla":"CH","codiceCatastale":"C768","cap":"66040","coordinate":{"lat":41.9451244,"lng":14.3028817}},{"nome":"Civitaquana","codice":"068013","regione":"abruzzo","provincia":"pescara","sigla":"PE","codiceCatastale":"C771","cap":"65010","coordinate":{"lat":42.3256153,"lng":13.9024392}},{"nome":"Civitella Alfedena","codice":"066035","regione":"abruzzo","provincia":"l'aquila","sigla":"AQ","codiceCatastale":"C778","cap":"67030","coordinate":{"lat":41.7664259,"lng":13.9437777}},{"nome":"Civitella Casanova","codice":"068014","regione":"abruzzo","provincia":"pescara","sigla":"PE","codiceCatastale":"C779","cap":"65010","coordinate":{"lat":42.3645294,"lng":13.8857098}},{"nome":"Civitella del Tronto","codice":"067017","regione":"abruzzo","provincia":"teramo","sigla":"TE","codiceCatastale":"C781","cap":"64010","coordinate":{"lat":42.7723934,"lng":13.6670374}},{"nome":"Civitella Messer Raimondo","codice":"069024","regione":"abruzzo","provincia":"chieti","sigla":"CH","codiceCatastale":"C776","cap":"66010","coordinate":{"lat":42.0883055,"lng":14.216238}},{"nome":"Civitella Roveto","codice":"066036","regione":"abruzzo","provincia":"l'aquila","sigla":"AQ","codiceCatastale":"C783","cap":"67054","coordinate":{"lat":41.9137306,"lng":13.4274548}},{"nome":"Cocullo","codice":"066037","regione":"abruzzo","provincia":"l'aquila","sigla":"AQ","codiceCatastale":"C811","cap":"67030","coordinate":{"lat":42.0337586,"lng":13.7748082}},{"nome":"Collarmele","codice":"066038","regione":"abruzzo","provincia":"l'aquila","sigla":"AQ","codiceCatastale":"C844","cap":"67040","coordinate":{"lat":42.0603889,"lng":13.6264756}},{"nome":"Collecorvino","codice":"068015","regione":"abruzzo","provincia":"pescara","sigla":"PE","codiceCatastale":"C853","cap":"65010","coordinate":{"lat":42.4600185,"lng":14.0162777}},{"nome":"Colledara","codice":"067018","regione":"abruzzo","provincia":"teramo","sigla":"TE","codiceCatastale":"C311","cap":"64042","coordinate":{"lat":42.5407346,"lng":13.6793792}},{"nome":"Colledimacine","codice":"069025","regione":"abruzzo","provincia":"chieti","sigla":"CH","codiceCatastale":"C855","cap":"66010","coordinate":{"lat":42.0058305,"lng":14.2024217}},{"nome":"Colledimezzo","codice":"069026","regione":"abruzzo","provincia":"chieti","sigla":"CH","codiceCatastale":"C856","cap":"66040","coordinate":{"lat":41.9873058,"lng":14.3873186}},{"nome":"Collelongo","codice":"066039","regione":"abruzzo","provincia":"l'aquila","sigla":"AQ","codiceCatastale":"C862","cap":"67050","coordinate":{"lat":41.886504,"lng":13.584437}},{"nome":"Collepietro","codice":"066040","regione":"abruzzo","provincia":"l'aquila","sigla":"AQ","codiceCatastale":"C866","cap":"67020","coordinate":{"lat":42.2210619,"lng":13.778725}},{"nome":"Colonnella","codice":"067019","regione":"abruzzo","provincia":"teramo","sigla":"TE","codiceCatastale":"C901","cap":"64010","coordinate":{"lat":42.872236,"lng":13.8672728}},{"nome":"Controguerra","codice":"067020","regione":"abruzzo","provincia":"teramo","sigla":"TE","codiceCatastale":"C972","cap":"64010","coordinate":{"lat":42.8556481,"lng":13.8186111}},{"nome":"Corfinio","codice":"066041","regione":"abruzzo","provincia":"l'aquila","sigla":"AQ","codiceCatastale":"C999","cap":"67030","coordinate":{"lat":42.1238163,"lng":13.8421607}},{"nome":"Corropoli","codice":"067021","regione":"abruzzo","provincia":"teramo","sigla":"TE","codiceCatastale":"D043","cap":"64013","coordinate":{"lat":42.8304814,"lng":13.8329814}},{"nome":"Cortino","codice":"067022","regione":"abruzzo","provincia":"teramo","sigla":"TE","codiceCatastale":"D076","cap":"64040","coordinate":{"lat":42.6321797,"lng":13.5418405}},{"nome":"Corvara","codice":"068016","regione":"abruzzo","provincia":"pescara","sigla":"PE","codiceCatastale":"D078","cap":"65020","coordinate":{"lat":42.2756408,"lng":13.8738987}},{"nome":"Crecchio","codice":"069027","regione":"abruzzo","provincia":"chieti","sigla":"CH","codiceCatastale":"D137","cap":"66014","coordinate":{"lat":42.2899776,"lng":14.3232184}},{"nome":"Crognaleto","codice":"067023","regione":"abruzzo","provincia":"teramo","sigla":"TE","codiceCatastale":"D179","cap":"64043","coordinate":{"lat":42.5876342,"lng":13.4892234}},{"nome":"Cugnoli","codice":"068017","regione":"abruzzo","provincia":"pescara","sigla":"PE","codiceCatastale":"D201","cap":"65020","coordinate":{"lat":42.3081296,"lng":13.9337777}},{"nome":"Cupello","codice":"069028","regione":"abruzzo","provincia":"chieti","sigla":"CH","codiceCatastale":"D209","cap":"66051","coordinate":{"lat":42.071792,"lng":14.674185}},{"nome":"Dogliola","codice":"069029","regione":"abruzzo","provincia":"chieti","sigla":"CH","codiceCatastale":"D315","cap":"66050","coordinate":{"lat":41.9421331,"lng":14.6359949}},{"nome":"Elice","codice":"068018","regione":"abruzzo","provincia":"pescara","sigla":"PE","codiceCatastale":"D394","cap":"65010","coordinate":{"lat":42.5214074,"lng":13.9703333}},{"nome":"Fagnano Alto","codice":"066042","regione":"abruzzo","provincia":"l'aquila","sigla":"AQ","codiceCatastale":"D465","cap":"67020","coordinate":{"lat":42.2540536,"lng":13.5749512}},{"nome":"Fallo","codice":"069104","regione":"abruzzo","provincia":"chieti","sigla":"CH","codiceCatastale":"D480","cap":"66040","coordinate":{"lat":41.9387885,"lng":14.3247422}},{"nome":"Fano Adriano","codice":"067024","regione":"abruzzo","provincia":"teramo","sigla":"TE","codiceCatastale":"D489","cap":"64044","coordinate":{"lat":42.5531884,"lng":13.5363149}},{"nome":"Fara Filiorum Petri","codice":"069030","regione":"abruzzo","provincia":"chieti","sigla":"CH","codiceCatastale":"D494","cap":"66010","coordinate":{"lat":42.2499247,"lng":14.1860337}},{"nome":"Fara San Martino","codice":"069031","regione":"abruzzo","provincia":"chieti","sigla":"CH","codiceCatastale":"D495","cap":"66015","coordinate":{"lat":42.091048,"lng":14.203968}},{"nome":"Farindola","codice":"068019","regione":"abruzzo","provincia":"pescara","sigla":"PE","codiceCatastale":"D501","cap":"65010","coordinate":{"lat":42.4422914,"lng":13.8231106}},{"nome":"Filetto","codice":"069032","regione":"abruzzo","provincia":"chieti","sigla":"CH","codiceCatastale":"D592","cap":"66030","coordinate":{"lat":42.2292222,"lng":14.2461111}},{"nome":"Fontecchio","codice":"066043","regione":"abruzzo","provincia":"l'aquila","sigla":"AQ","codiceCatastale":"D681","cap":"67020","coordinate":{"lat":42.2317302,"lng":13.6051148}},{"nome":"Fossa","codice":"066044","regione":"abruzzo","provincia":"l'aquila","sigla":"AQ","codiceCatastale":"D736","cap":"67020","coordinate":{"lat":42.2957721,"lng":13.4874238}},{"nome":"Fossacesia","codice":"069033","regione":"abruzzo","provincia":"chieti","sigla":"CH","codiceCatastale":"D738","cap":"66022","coordinate":{"lat":42.2432559,"lng":14.4803641}},{"nome":"Fraine","codice":"069034","regione":"abruzzo","provincia":"chieti","sigla":"CH","codiceCatastale":"D757","cap":"66050","coordinate":{"lat":41.9064074,"lng":14.4873518}},{"nome":"Francavilla al Mare","codice":"069035","regione":"abruzzo","provincia":"chieti","sigla":"CH","codiceCatastale":"D763","cap":"66023","coordinate":{"lat":42.4215222,"lng":14.2873066}},{"nome":"Fresagrandinaria","codice":"069036","regione":"abruzzo","provincia":"chieti","sigla":"CH","codiceCatastale":"D796","cap":"66050","coordinate":{"lat":41.9754435,"lng":14.6628039}},{"nome":"Frisa","codice":"069037","regione":"abruzzo","provincia":"chieti","sigla":"CH","codiceCatastale":"D803","cap":"66030","coordinate":{"lat":42.2639123,"lng":14.3708458}},{"nome":"Furci","codice":"069038","regione":"abruzzo","provincia":"chieti","sigla":"CH","codiceCatastale":"D823","cap":"66050","coordinate":{"lat":42.0099755,"lng":14.5891606}},{"nome":"Gagliano Aterno","codice":"066045","regione":"abruzzo","provincia":"l'aquila","sigla":"AQ","codiceCatastale":"D850","cap":"67020","coordinate":{"lat":42.1275,"lng":13.7009444}},{"nome":"Gamberale","codice":"069039","regione":"abruzzo","provincia":"chieti","sigla":"CH","codiceCatastale":"D898","cap":"66040","coordinate":{"lat":41.904808,"lng":14.209344}},{"nome":"Gessopalena","codice":"069040","regione":"abruzzo","provincia":"chieti","sigla":"CH","codiceCatastale":"D996","cap":"66010","coordinate":{"lat":42.0576666,"lng":14.274074}},{"nome":"Gioia dei Marsi","codice":"066046","regione":"abruzzo","provincia":"l'aquila","sigla":"AQ","codiceCatastale":"E040","cap":"67055","coordinate":{"lat":41.9561164,"lng":13.684107}},{"nome":"Gissi","codice":"069041","regione":"abruzzo","provincia":"chieti","sigla":"CH","codiceCatastale":"E052","cap":"66052","coordinate":{"lat":42.0219709,"lng":14.5461554}},{"nome":"Giuliano Teatino","codice":"069042","regione":"abruzzo","provincia":"chieti","sigla":"CH","codiceCatastale":"E056","cap":"66010","coordinate":{"lat":42.3043095,"lng":14.2857741}},{"nome":"Giulianova","codice":"067025","regione":"abruzzo","provincia":"teramo","sigla":"TE","codiceCatastale":"E058","cap":"64021","coordinate":{"lat":42.7525499,"lng":13.9623706}},{"nome":"Goriano Sicoli","codice":"066047","regione":"abruzzo","provincia":"l'aquila","sigla":"AQ","codiceCatastale":"E096","cap":"67030","coordinate":{"lat":42.0818888,"lng":13.7757962}},{"nome":"Guardiagrele","codice":"069043","regione":"abruzzo","provincia":"chieti","sigla":"CH","codiceCatastale":"E243","cap":"66016","coordinate":{"lat":42.190515,"lng":14.2224344}},{"nome":"Guilmi","codice":"069044","regione":"abruzzo","provincia":"chieti","sigla":"CH","codiceCatastale":"E266","cap":"66050","coordinate":{"lat":41.9969585,"lng":14.4763619}},{"nome":"Introdacqua","codice":"066048","regione":"abruzzo","provincia":"l'aquila","sigla":"AQ","codiceCatastale":"E307","cap":"67030","coordinate":{"lat":42.0084444,"lng":13.8992222}},{"nome":"Isola del Gran Sasso d'Italia","codice":"067026","regione":"abruzzo","provincia":"teramo","sigla":"TE","codiceCatastale":"E343","cap":"64045","coordinate":{"lat":42.502517,"lng":13.660914}},{"nome":"L'Aquila","codice":"066049","regione":"abruzzo","provincia":"l'aquila","sigla":"AQ","codiceCatastale":"A345","cap":"67100","coordinate":{"lat":42.3506978,"lng":13.3999338}},{"nome":"Lama dei Peligni","codice":"069045","regione":"abruzzo","provincia":"chieti","sigla":"CH","codiceCatastale":"E424","cap":"66010","coordinate":{"lat":42.0425,"lng":14.1872037}},{"nome":"Lanciano","codice":"069046","regione":"abruzzo","provincia":"chieti","sigla":"CH","codiceCatastale":"E435","cap":"66034","coordinate":{"lat":42.2331749,"lng":14.3913788}},{"nome":"Lecce nei Marsi","codice":"066050","regione":"abruzzo","provincia":"l'aquila","sigla":"AQ","codiceCatastale":"E505","cap":"67050","coordinate":{"lat":41.9300435,"lng":13.6821335}},{"nome":"Lentella","codice":"069047","regione":"abruzzo","provincia":"chieti","sigla":"CH","codiceCatastale":"E531","cap":"66050","coordinate":{"lat":41.9971701,"lng":14.6763027}},{"nome":"Lettomanoppello","codice":"068020","regione":"abruzzo","provincia":"pescara","sigla":"PE","codiceCatastale":"E558","cap":"65020","coordinate":{"lat":42.2436227,"lng":14.0358903}},{"nome":"Lettopalena","codice":"069048","regione":"abruzzo","provincia":"chieti","sigla":"CH","codiceCatastale":"E559","cap":"66010","coordinate":{"lat":42.0016,"lng":14.159651}},{"nome":"Liscia","codice":"069049","regione":"abruzzo","provincia":"chieti","sigla":"CH","codiceCatastale":"E611","cap":"66050","coordinate":{"lat":41.9542856,"lng":14.5582396}},{"nome":"Loreto Aprutino","codice":"068021","regione":"abruzzo","provincia":"pescara","sigla":"PE","codiceCatastale":"E691","cap":"65014","coordinate":{"lat":42.4366993,"lng":13.9836799}},{"nome":"Luco dei Marsi","codice":"066051","regione":"abruzzo","provincia":"l'aquila","sigla":"AQ","codiceCatastale":"E723","cap":"67056","coordinate":{"lat":41.9581481,"lng":13.474537}},{"nome":"Lucoli","codice":"066052","regione":"abruzzo","provincia":"l'aquila","sigla":"AQ","codiceCatastale":"E724","cap":"67045","coordinate":{"lat":42.2920555,"lng":13.3389074}},{"nome":"Magliano de' Marsi","codice":"066053","regione":"abruzzo","provincia":"l'aquila","sigla":"AQ","codiceCatastale":"E811","cap":"67062","coordinate":{"lat":42.0925,"lng":13.3648703}},{"nome":"Manoppello","codice":"068022","regione":"abruzzo","provincia":"pescara","sigla":"PE","codiceCatastale":"E892","cap":"65024","coordinate":{"lat":42.2587777,"lng":14.0609444}},{"nome":"Martinsicuro","codice":"067047","regione":"abruzzo","provincia":"teramo","sigla":"TE","codiceCatastale":"E989","cap":"64014","coordinate":{"lat":42.884697,"lng":13.915481}},{"nome":"Massa d'Albe","codice":"066054","regione":"abruzzo","provincia":"l'aquila","sigla":"AQ","codiceCatastale":"F022","cap":"67050","coordinate":{"lat":42.1118414,"lng":13.3893995}},{"nome":"Miglianico","codice":"069050","regione":"abruzzo","provincia":"chieti","sigla":"CH","codiceCatastale":"F196","cap":"66010","coordinate":{"lat":42.3593888,"lng":14.2925}},{"nome":"Molina Aterno","codice":"066055","regione":"abruzzo","provincia":"l'aquila","sigla":"AQ","codiceCatastale":"M255","cap":"67020","coordinate":{"lat":42.15,"lng":13.7364259}},{"nome":"Montazzoli","codice":"069051","regione":"abruzzo","provincia":"chieti","sigla":"CH","codiceCatastale":"F433","cap":"66030","coordinate":{"lat":41.9477602,"lng":14.429174}},{"nome":"Montebello di Bertona","codice":"068023","regione":"abruzzo","provincia":"pescara","sigla":"PE","codiceCatastale":"F441","cap":"65010","coordinate":{"lat":42.4184243,"lng":13.8730719}},{"nome":"Montebello sul Sangro","codice":"069009","regione":"abruzzo","provincia":"chieti","sigla":"CH","codiceCatastale":"B268","cap":"66040","coordinate":{"lat":41.9876666,"lng":14.3250185}},{"nome":"Monteferrante","codice":"069052","regione":"abruzzo","provincia":"chieti","sigla":"CH","codiceCatastale":"F498","cap":"66040","coordinate":{"lat":41.9559001,"lng":14.3876585}},{"nome":"Montefino","codice":"067027","regione":"abruzzo","provincia":"teramo","sigla":"TE","codiceCatastale":"F500","cap":"64030","coordinate":{"lat":42.5456215,"lng":13.8846557}},{"nome":"Montelapiano","codice":"069053","regione":"abruzzo","provincia":"chieti","sigla":"CH","codiceCatastale":"F535","cap":"66040","coordinate":{"lat":41.9631645,"lng":14.3426226}},{"nome":"Montenerodomo","codice":"069054","regione":"abruzzo","provincia":"chieti","sigla":"CH","codiceCatastale":"F578","cap":"66010","coordinate":{"lat":41.9770656,"lng":14.252121}},{"nome":"Monteodorisio","codice":"069055","regione":"abruzzo","provincia":"chieti","sigla":"CH","codiceCatastale":"F582","cap":"66050","coordinate":{"lat":42.0870187,"lng":14.6532811}},{"nome":"Montereale","codice":"066056","regione":"abruzzo","provincia":"l'aquila","sigla":"AQ","codiceCatastale":"F595","cap":"67015","coordinate":{"lat":42.5241383,"lng":13.2450482}},{"nome":"Montesilvano","codice":"068024","regione":"abruzzo","provincia":"pescara","sigla":"PE","codiceCatastale":"F646","cap":"65015","coordinate":{"lat":42.5050736,"lng":14.1389391}},{"nome":"Montorio al Vomano","codice":"067028","regione":"abruzzo","provincia":"teramo","sigla":"TE","codiceCatastale":"F690","cap":"64046","coordinate":{"lat":42.58322,"lng":13.6328002}},{"nome":"Morino","codice":"066057","regione":"abruzzo","provincia":"l'aquila","sigla":"AQ","codiceCatastale":"F732","cap":"67050","coordinate":{"lat":41.8648656,"lng":13.4570491}},{"nome":"Morro d'Oro","codice":"067029","regione":"abruzzo","provincia":"teramo","sigla":"TE","codiceCatastale":"F747","cap":"64020","coordinate":{"lat":42.663576,"lng":13.9209794}},{"nome":"Mosciano Sant'Angelo","codice":"067030","regione":"abruzzo","provincia":"teramo","sigla":"TE","codiceCatastale":"F764","cap":"64023","coordinate":{"lat":42.749175,"lng":13.888538}},{"nome":"Moscufo","codice":"068025","regione":"abruzzo","provincia":"pescara","sigla":"PE","codiceCatastale":"F765","cap":"65010","coordinate":{"lat":42.427432,"lng":14.05438}},{"nome":"Mozzagrogna","codice":"069056","regione":"abruzzo","provincia":"chieti","sigla":"CH","codiceCatastale":"F785","cap":"66030","coordinate":{"lat":42.211604,"lng":14.445848}},{"nome":"Navelli","codice":"066058","regione":"abruzzo","provincia":"l'aquila","sigla":"AQ","codiceCatastale":"F852","cap":"67020","coordinate":{"lat":42.2376554,"lng":13.7278064}},{"nome":"Nereto","codice":"067031","regione":"abruzzo","provincia":"teramo","sigla":"TE","codiceCatastale":"F870","cap":"64015","coordinate":{"lat":42.82,"lng":13.8170555}},{"nome":"Nocciano","codice":"068026","regione":"abruzzo","provincia":"pescara","sigla":"PE","codiceCatastale":"F908","cap":"65010","coordinate":{"lat":42.334074,"lng":13.985}},{"nome":"Notaresco","codice":"067032","regione":"abruzzo","provincia":"teramo","sigla":"TE","codiceCatastale":"F942","cap":"64024","coordinate":{"lat":42.6593,"lng":13.89261}},{"nome":"Ocre","codice":"066059","regione":"abruzzo","provincia":"l'aquila","sigla":"AQ","codiceCatastale":"F996","cap":"67040","coordinate":{"lat":42.287096,"lng":13.4762542}},{"nome":"Ofena","codice":"066060","regione":"abruzzo","provincia":"l'aquila","sigla":"AQ","codiceCatastale":"G002","cap":"67025","coordinate":{"lat":42.3268888,"lng":13.7597037}},{"nome":"Opi","codice":"066061","regione":"abruzzo","provincia":"l'aquila","sigla":"AQ","codiceCatastale":"G079","cap":"67030","coordinate":{"lat":41.7809706,"lng":13.8297423}},{"nome":"Oricola","codice":"066062","regione":"abruzzo","provincia":"l'aquila","sigla":"AQ","codiceCatastale":"G102","cap":"67063","coordinate":{"lat":42.0499693,"lng":13.0405698}},{"nome":"Orsogna","codice":"069057","regione":"abruzzo","provincia":"chieti","sigla":"CH","codiceCatastale":"G128","cap":"66036","coordinate":{"lat":42.2200185,"lng":14.28}},{"nome":"Ortona","codice":"069058","regione":"abruzzo","provincia":"chieti","sigla":"CH","codiceCatastale":"G141","cap":"66026","coordinate":{"lat":42.356909,"lng":14.40521}},{"nome":"Ortona dei Marsi","codice":"066063","regione":"abruzzo","provincia":"l'aquila","sigla":"AQ","codiceCatastale":"G142","cap":"67050","coordinate":{"lat":41.9978188,"lng":13.7291734}},{"nome":"Ortucchio","codice":"066064","regione":"abruzzo","provincia":"l'aquila","sigla":"AQ","codiceCatastale":"G145","cap":"67050","coordinate":{"lat":41.9561111,"lng":13.6467222}},{"nome":"Ovindoli","codice":"066065","regione":"abruzzo","provincia":"l'aquila","sigla":"AQ","codiceCatastale":"G200","cap":"67046","coordinate":{"lat":42.1381481,"lng":13.517037}},{"nome":"Pacentro","codice":"066066","regione":"abruzzo","provincia":"l'aquila","sigla":"AQ","codiceCatastale":"G210","cap":"67030","coordinate":{"lat":42.0518074,"lng":13.9923945}},{"nome":"Paglieta","codice":"069059","regione":"abruzzo","provincia":"chieti","sigla":"CH","codiceCatastale":"G237","cap":"66020","coordinate":{"lat":42.164074,"lng":14.4982962}},{"nome":"Palena","codice":"069060","regione":"abruzzo","provincia":"chieti","sigla":"CH","codiceCatastale":"G271","cap":"66017","coordinate":{"lat":41.984074,"lng":14.1387777}},{"nome":"Palmoli","codice":"069061","regione":"abruzzo","provincia":"chieti","sigla":"CH","codiceCatastale":"G290","cap":"66050","coordinate":{"lat":41.9394336,"lng":14.5815816}},{"nome":"Palombaro","codice":"069062","regione":"abruzzo","provincia":"chieti","sigla":"CH","codiceCatastale":"G294","cap":"66010","coordinate":{"lat":42.1272222,"lng":14.2303677}},{"nome":"Penna Sant'Andrea","codice":"067033","regione":"abruzzo","provincia":"teramo","sigla":"TE","codiceCatastale":"G437","cap":"64039","coordinate":{"lat":42.5942935,"lng":13.7720507}},{"nome":"Pennadomo","codice":"069063","regione":"abruzzo","provincia":"chieti","sigla":"CH","codiceCatastale":"G434","cap":"66040","coordinate":{"lat":42.0059629,"lng":14.3253333}},{"nome":"Pennapiedimonte","codice":"069064","regione":"abruzzo","provincia":"chieti","sigla":"CH","codiceCatastale":"G435","cap":"66010","coordinate":{"lat":42.1547174,"lng":14.1948121}},{"nome":"Penne","codice":"068027","regione":"abruzzo","provincia":"pescara","sigla":"PE","codiceCatastale":"G438","cap":"65017","coordinate":{"lat":42.457622,"lng":13.9274753}},{"nome":"Perano","codice":"069065","regione":"abruzzo","provincia":"chieti","sigla":"CH","codiceCatastale":"G441","cap":"66040","coordinate":{"lat":42.1042407,"lng":14.3950185}},{"nome":"Pereto","codice":"066067","regione":"abruzzo","provincia":"l'aquila","sigla":"AQ","codiceCatastale":"G449","cap":"67064","coordinate":{"lat":42.0591296,"lng":13.100624}},{"nome":"Pescara","codice":"068028","regione":"abruzzo","provincia":"pescara","sigla":"PE","codiceCatastale":"G482","cap":"65121","coordinate":{"lat":42.4648263,"lng":14.2140946}},{"nome":"Pescasseroli","codice":"066068","regione":"abruzzo","provincia":"l'aquila","sigla":"AQ","codiceCatastale":"G484","cap":"67032","coordinate":{"lat":41.8082493,"lng":13.7895804}},{"nome":"Pescina","codice":"066069","regione":"abruzzo","provincia":"l'aquila","sigla":"AQ","codiceCatastale":"G492","cap":"67057","coordinate":{"lat":42.0262937,"lng":13.6595674}},{"nome":"Pescocostanzo","codice":"066070","regione":"abruzzo","provincia":"l'aquila","sigla":"AQ","codiceCatastale":"G493","cap":"67033","coordinate":{"lat":41.8885916,"lng":14.0642726}},{"nome":"Pescosansonesco","codice":"068029","regione":"abruzzo","provincia":"pescara","sigla":"PE","codiceCatastale":"G499","cap":"65020","coordinate":{"lat":42.2551026,"lng":13.8844311}},{"nome":"Pettorano sul Gizio","codice":"066071","regione":"abruzzo","provincia":"l'aquila","sigla":"AQ","codiceCatastale":"G524","cap":"67034","coordinate":{"lat":41.9756481,"lng":13.9597037}},{"nome":"Pianella","codice":"068030","regione":"abruzzo","provincia":"pescara","sigla":"PE","codiceCatastale":"G555","cap":"65019","coordinate":{"lat":42.397303,"lng":14.047763}},{"nome":"Picciano","codice":"068031","regione":"abruzzo","provincia":"pescara","sigla":"PE","codiceCatastale":"G589","cap":"65010","coordinate":{"lat":42.476195,"lng":13.9900751}},{"nome":"Pietracamela","codice":"067034","regione":"abruzzo","provincia":"teramo","sigla":"TE","codiceCatastale":"G608","cap":"64047","coordinate":{"lat":42.5230484,"lng":13.5533933}},{"nome":"Pietraferrazzana","codice":"069103","regione":"abruzzo","provincia":"chieti","sigla":"CH","codiceCatastale":"G613","cap":"66040","coordinate":{"lat":41.9698518,"lng":14.3750185}},{"nome":"Pietranico","codice":"068032","regione":"abruzzo","provincia":"pescara","sigla":"PE","codiceCatastale":"G621","cap":"65020","coordinate":{"lat":42.2773651,"lng":13.9114297}},{"nome":"Pineto","codice":"067035","regione":"abruzzo","provincia":"teramo","sigla":"TE","codiceCatastale":"F831","cap":"64025","coordinate":{"lat":42.6119561,"lng":14.0630038}},{"nome":"Pizzoferrato","codice":"069066","regione":"abruzzo","provincia":"chieti","sigla":"CH","codiceCatastale":"G724","cap":"66040","coordinate":{"lat":41.9225185,"lng":14.2367407}},{"nome":"Pizzoli","codice":"066072","regione":"abruzzo","provincia":"l'aquila","sigla":"AQ","codiceCatastale":"G726","cap":"67017","coordinate":{"lat":42.432251,"lng":13.3127838}},{"nome":"Poggio Picenze","codice":"066073","regione":"abruzzo","provincia":"l'aquila","sigla":"AQ","codiceCatastale":"G766","cap":"67026","coordinate":{"lat":42.3217407,"lng":13.542037}},{"nome":"Poggiofiorito","codice":"069067","regione":"abruzzo","provincia":"chieti","sigla":"CH","codiceCatastale":"G760","cap":"66030","coordinate":{"lat":42.2559444,"lng":14.3232962}},{"nome":"Pollutri","codice":"069068","regione":"abruzzo","provincia":"chieti","sigla":"CH","codiceCatastale":"G799","cap":"66020","coordinate":{"lat":42.1391958,"lng":14.5928677}},{"nome":"Popoli","codice":"068033","regione":"abruzzo","provincia":"pescara","sigla":"PE","codiceCatastale":"G878","cap":"65026","coordinate":{"lat":42.1709444,"lng":13.8317222}},{"nome":"Prata d'Ansidonia","codice":"066074","regione":"abruzzo","provincia":"l'aquila","sigla":"AQ","codiceCatastale":"G992","cap":"67020","coordinate":{"lat":42.2785682,"lng":13.6065362}},{"nome":"Pratola Peligna","codice":"066075","regione":"abruzzo","provincia":"l'aquila","sigla":"AQ","codiceCatastale":"H007","cap":"67035","coordinate":{"lat":42.0993888,"lng":13.8748518}},{"nome":"Pretoro","codice":"069069","regione":"abruzzo","provincia":"chieti","sigla":"CH","codiceCatastale":"H052","cap":"66010","coordinate":{"lat":42.2187777,"lng":14.1428333}},{"nome":"Prezza","codice":"066076","regione":"abruzzo","provincia":"l'aquila","sigla":"AQ","codiceCatastale":"H056","cap":"67030","coordinate":{"lat":42.058199,"lng":13.833403}},{"nome":"Quadri","codice":"069070","regione":"abruzzo","provincia":"chieti","sigla":"CH","codiceCatastale":"H098","cap":"66040","coordinate":{"lat":41.9259444,"lng":14.2892407}},{"nome":"Raiano","codice":"066077","regione":"abruzzo","provincia":"l'aquila","sigla":"AQ","codiceCatastale":"H166","cap":"67027","coordinate":{"lat":42.1026073,"lng":13.8148149}},{"nome":"Rapino","codice":"069071","regione":"abruzzo","provincia":"chieti","sigla":"CH","codiceCatastale":"H184","cap":"66010","coordinate":{"lat":42.2102738,"lng":14.1863488}},{"nome":"Ripa Teatina","codice":"069072","regione":"abruzzo","provincia":"chieti","sigla":"CH","codiceCatastale":"H320","cap":"66010","coordinate":{"lat":42.3597037,"lng":14.235}},{"nome":"Rivisondoli","codice":"066078","regione":"abruzzo","provincia":"l'aquila","sigla":"AQ","codiceCatastale":"H353","cap":"67036","coordinate":{"lat":41.870743,"lng":14.066418}},{"nome":"Rocca di Botte","codice":"066080","regione":"abruzzo","provincia":"l'aquila","sigla":"AQ","codiceCatastale":"H399","cap":"67066","coordinate":{"lat":42.0251584,"lng":13.0691292}},{"nome":"Rocca di Cambio","codice":"066081","regione":"abruzzo","provincia":"l'aquila","sigla":"AQ","codiceCatastale":"H400","cap":"67047","coordinate":{"lat":42.2372037,"lng":13.4900185}},{"nome":"Rocca di Mezzo","codice":"066082","regione":"abruzzo","provincia":"l'aquila","sigla":"AQ","codiceCatastale":"H402","cap":"67048","coordinate":{"lat":42.2057962,"lng":13.5203333}},{"nome":"Rocca Pia","codice":"066083","regione":"abruzzo","provincia":"l'aquila","sigla":"AQ","codiceCatastale":"H429","cap":"67030","coordinate":{"lat":41.9344729,"lng":13.9774741}},{"nome":"Rocca San Giovanni","codice":"069074","regione":"abruzzo","provincia":"chieti","sigla":"CH","codiceCatastale":"H439","cap":"66020","coordinate":{"lat":42.247037,"lng":14.4625}},{"nome":"Rocca Santa Maria","codice":"067036","regione":"abruzzo","provincia":"teramo","sigla":"TE","codiceCatastale":"H440","cap":"64010","coordinate":{"lat":42.6870696,"lng":13.5275337}},{"nome":"Roccacasale","codice":"066079","regione":"abruzzo","provincia":"l'aquila","sigla":"AQ","codiceCatastale":"H389","cap":"67030","coordinate":{"lat":42.1239546,"lng":13.886598}},{"nome":"Roccamontepiano","codice":"069073","regione":"abruzzo","provincia":"chieti","sigla":"CH","codiceCatastale":"H424","cap":"66010","coordinate":{"lat":42.2431285,"lng":14.1286523}},{"nome":"Roccamorice","codice":"068034","regione":"abruzzo","provincia":"pescara","sigla":"PE","codiceCatastale":"H425","cap":"65020","coordinate":{"lat":42.2155397,"lng":14.0244141}},{"nome":"Roccaraso","codice":"066084","regione":"abruzzo","provincia":"l'aquila","sigla":"AQ","codiceCatastale":"H434","cap":"67037","coordinate":{"lat":41.847663,"lng":14.079944}},{"nome":"Roccascalegna","codice":"069075","regione":"abruzzo","provincia":"chieti","sigla":"CH","codiceCatastale":"H442","cap":"66040","coordinate":{"lat":42.0636111,"lng":14.3078333}},{"nome":"Roccaspinalveti","codice":"069076","regione":"abruzzo","provincia":"chieti","sigla":"CH","codiceCatastale":"H448","cap":"66050","coordinate":{"lat":41.9370399,"lng":14.4703317}},{"nome":"Roio del Sangro","codice":"069077","regione":"abruzzo","provincia":"chieti","sigla":"CH","codiceCatastale":"H495","cap":"66040","coordinate":{"lat":41.9117108,"lng":14.3726597}},{"nome":"Rosciano","codice":"068035","regione":"abruzzo","provincia":"pescara","sigla":"PE","codiceCatastale":"H562","cap":"65020","coordinate":{"lat":42.3250185,"lng":14.0472037}},{"nome":"Rosello","codice":"069078","regione":"abruzzo","provincia":"chieti","sigla":"CH","codiceCatastale":"H566","cap":"66040","coordinate":{"lat":41.9018888,"lng":14.3507962}},{"nome":"Roseto degli Abruzzi","codice":"067037","regione":"abruzzo","provincia":"teramo","sigla":"TE","codiceCatastale":"F585","cap":"64026","coordinate":{"lat":42.6751606,"lng":14.0161308}},{"nome":"Salle","codice":"068036","regione":"abruzzo","provincia":"pescara","sigla":"PE","codiceCatastale":"H715","cap":"65020","coordinate":{"lat":42.1779814,"lng":13.9622037}},{"nome":"San Benedetto dei Marsi","codice":"066085","regione":"abruzzo","provincia":"l'aquila","sigla":"AQ","codiceCatastale":"H772","cap":"67058","coordinate":{"lat":42.00403,"lng":13.619357}},{"nome":"San Benedetto in Perillis","codice":"066086","regione":"abruzzo","provincia":"l'aquila","sigla":"AQ","codiceCatastale":"H773","cap":"67020","coordinate":{"lat":42.1845309,"lng":13.7712664}},{"nome":"San Buono","codice":"069079","regione":"abruzzo","provincia":"chieti","sigla":"CH","codiceCatastale":"H784","cap":"66050","coordinate":{"lat":41.9817799,"lng":14.5707063}},{"nome":"San Demetrio ne' Vestini","codice":"066087","regione":"abruzzo","provincia":"l'aquila","sigla":"AQ","codiceCatastale":"H819","cap":"67028","coordinate":{"lat":42.2880401,"lng":13.5581851}},{"nome":"San Giovanni Lipioni","codice":"069080","regione":"abruzzo","provincia":"chieti","sigla":"CH","codiceCatastale":"H923","cap":"66050","coordinate":{"lat":41.8461869,"lng":14.5611213}},{"nome":"San Giovanni Teatino","codice":"069081","regione":"abruzzo","provincia":"chieti","sigla":"CH","codiceCatastale":"D690","cap":"66020","coordinate":{"lat":42.4102153,"lng":14.202207}},{"nome":"San Martino sulla Marrucina","codice":"069082","regione":"abruzzo","provincia":"chieti","sigla":"CH","codiceCatastale":"H991","cap":"66010","coordinate":{"lat":42.2259578,"lng":14.2141347}},{"nome":"San Pio delle Camere","codice":"066088","regione":"abruzzo","provincia":"l'aquila","sigla":"AQ","codiceCatastale":"I121","cap":"67020","coordinate":{"lat":42.2848632,"lng":13.658494}},{"nome":"San Salvo","codice":"069083","regione":"abruzzo","provincia":"chieti","sigla":"CH","codiceCatastale":"I148","cap":"66050","coordinate":{"lat":42.044658,"lng":14.73102}},{"nome":"San Valentino in Abruzzo Citeriore","codice":"068038","regione":"abruzzo","provincia":"pescara","sigla":"PE","codiceCatastale":"I376","cap":"65020","coordinate":{"lat":42.234074,"lng":13.986574}},{"nome":"San Vincenzo Valle Roveto","codice":"066092","regione":"abruzzo","provincia":"l'aquila","sigla":"AQ","codiceCatastale":"I389","cap":"67050","coordinate":{"lat":41.8335928,"lng":13.523409}},{"nome":"San Vito Chietino","codice":"069086","regione":"abruzzo","provincia":"chieti","sigla":"CH","codiceCatastale":"I394","cap":"66038","coordinate":{"lat":42.297037,"lng":14.4454814}},{"nome":"Sant'Egidio alla Vibrata","codice":"067038","regione":"abruzzo","provincia":"teramo","sigla":"TE","codiceCatastale":"I318","cap":"64016","coordinate":{"lat":42.8239206,"lng":13.7139532}},{"nome":"Sant'Eufemia a Maiella","codice":"068037","regione":"abruzzo","provincia":"pescara","sigla":"PE","codiceCatastale":"I332","cap":"65020","coordinate":{"lat":42.127167,"lng":14.0264784}},{"nome":"Sant'Eusanio del Sangro","codice":"069085","regione":"abruzzo","provincia":"chieti","sigla":"CH","codiceCatastale":"I335","cap":"66037","coordinate":{"lat":42.1700185,"lng":14.3281481}},{"nome":"Sant'Eusanio Forconese","codice":"066090","regione":"abruzzo","provincia":"l'aquila","sigla":"AQ","codiceCatastale":"I336","cap":"67020","coordinate":{"lat":42.2889766,"lng":13.5251804}},{"nome":"Sant'Omero","codice":"067039","regione":"abruzzo","provincia":"teramo","sigla":"TE","codiceCatastale":"I348","cap":"64027","coordinate":{"lat":42.7918971,"lng":13.7876304}},{"nome":"Santa Maria Imbaro","codice":"069084","regione":"abruzzo","provincia":"chieti","sigla":"CH","codiceCatastale":"I244","cap":"66030","coordinate":{"lat":42.2179576,"lng":14.4493041}},{"nome":"Sante Marie","codice":"066089","regione":"abruzzo","provincia":"l'aquila","sigla":"AQ","codiceCatastale":"I326","cap":"67067","coordinate":{"lat":42.10114,"lng":13.205401}},{"nome":"Santo Stefano di Sessanio","codice":"066091","regione":"abruzzo","provincia":"l'aquila","sigla":"AQ","codiceCatastale":"I360","cap":"67020","coordinate":{"lat":42.3441985,"lng":13.6430979}},{"nome":"Scafa","codice":"068039","regione":"abruzzo","provincia":"pescara","sigla":"PE","codiceCatastale":"I482","cap":"65027","coordinate":{"lat":42.266874,"lng":13.996613}},{"nome":"Scanno","codice":"066093","regione":"abruzzo","provincia":"l'aquila","sigla":"AQ","codiceCatastale":"I501","cap":"67038","coordinate":{"lat":41.9017495,"lng":13.8827474}},{"nome":"Scerni","codice":"069087","regione":"abruzzo","provincia":"chieti","sigla":"CH","codiceCatastale":"I520","cap":"66020","coordinate":{"lat":42.1031482,"lng":14.5701731}},{"nome":"Schiavi di Abruzzo","codice":"069088","regione":"abruzzo","provincia":"chieti","sigla":"CH","codiceCatastale":"I526","cap":"66045","coordinate":{"lat":41.8159941,"lng":14.4846755}},{"nome":"Scontrone","codice":"066094","regione":"abruzzo","provincia":"l'aquila","sigla":"AQ","codiceCatastale":"I543","cap":"67030","coordinate":{"lat":41.7472178,"lng":14.0395736}},{"nome":"Scoppito","codice":"066095","regione":"abruzzo","provincia":"l'aquila","sigla":"AQ","codiceCatastale":"I546","cap":"67019","coordinate":{"lat":42.3721509,"lng":13.2558756}},{"nome":"Scurcola Marsicana","codice":"066096","regione":"abruzzo","provincia":"l'aquila","sigla":"AQ","codiceCatastale":"I553","cap":"67068","coordinate":{"lat":42.06323,"lng":13.3395028}},{"nome":"Secinaro","codice":"066097","regione":"abruzzo","provincia":"l'aquila","sigla":"AQ","codiceCatastale":"I558","cap":"67029","coordinate":{"lat":42.1538278,"lng":13.680298}},{"nome":"Serramonacesca","codice":"068040","regione":"abruzzo","provincia":"pescara","sigla":"PE","codiceCatastale":"I649","cap":"65025","coordinate":{"lat":42.2456092,"lng":14.0927887}},{"nome":"Silvi","codice":"067040","regione":"abruzzo","provincia":"teramo","sigla":"TE","codiceCatastale":"I741","cap":"64028","coordinate":{"lat":42.5467407,"lng":14.1229814}},{"nome":"Spoltore","codice":"068041","regione":"abruzzo","provincia":"pescara","sigla":"PE","codiceCatastale":"I922","cap":"65010","coordinate":{"lat":42.4545348,"lng":14.1420773}},{"nome":"Sulmona","codice":"066098","regione":"abruzzo","provincia":"l'aquila","sigla":"AQ","codiceCatastale":"I804","cap":"67039","coordinate":{"lat":42.046828,"lng":13.925648}},{"nome":"Tagliacozzo","codice":"066099","regione":"abruzzo","provincia":"l'aquila","sigla":"AQ","codiceCatastale":"L025","cap":"67069","coordinate":{"lat":42.0688676,"lng":13.2569653}},{"nome":"Taranta Peligna","codice":"069089","regione":"abruzzo","provincia":"chieti","sigla":"CH","codiceCatastale":"L047","cap":"66018","coordinate":{"lat":42.018643,"lng":14.169393}},{"nome":"Teramo","codice":"067041","regione":"abruzzo","provincia":"teramo","sigla":"TE","codiceCatastale":"L103","cap":"64100","coordinate":{"lat":42.661269,"lng":13.6985307}},{"nome":"Tione degli Abruzzi","codice":"066100","regione":"abruzzo","provincia":"l'aquila","sigla":"AQ","codiceCatastale":"L173","cap":"67020","coordinate":{"lat":42.2029725,"lng":13.6352551}},{"nome":"Tocco da Casauria","codice":"068042","regione":"abruzzo","provincia":"pescara","sigla":"PE","codiceCatastale":"L186","cap":"65028","coordinate":{"lat":42.2148703,"lng":13.9145555}},{"nome":"Tollo","codice":"069090","regione":"abruzzo","provincia":"chieti","sigla":"CH","codiceCatastale":"L194","cap":"66010","coordinate":{"lat":42.3489074,"lng":14.319074}},{"nome":"Torano Nuovo","codice":"067042","regione":"abruzzo","provincia":"teramo","sigla":"TE","codiceCatastale":"L207","cap":"64010","coordinate":{"lat":42.824074,"lng":13.7782962}},{"nome":"Torino di Sangro","codice":"069091","regione":"abruzzo","provincia":"chieti","sigla":"CH","codiceCatastale":"L218","cap":"66020","coordinate":{"lat":42.1892407,"lng":14.5417222}},{"nome":"Tornareccio","codice":"069092","regione":"abruzzo","provincia":"chieti","sigla":"CH","codiceCatastale":"L224","cap":"66046","coordinate":{"lat":42.0392407,"lng":14.417037}},{"nome":"Tornimparte","codice":"066101","regione":"abruzzo","provincia":"l'aquila","sigla":"AQ","codiceCatastale":"L227","cap":"67049","coordinate":{"lat":42.2985288,"lng":13.2968477}},{"nome":"Torre de' Passeri","codice":"068043","regione":"abruzzo","provincia":"pescara","sigla":"PE","codiceCatastale":"L263","cap":"65029","coordinate":{"lat":42.2442222,"lng":13.9342222}},{"nome":"Torrebruna","codice":"069093","regione":"abruzzo","provincia":"chieti","sigla":"CH","codiceCatastale":"L253","cap":"66050","coordinate":{"lat":41.8693378,"lng":14.5406001}},{"nome":"Torrevecchia Teatina","codice":"069094","regione":"abruzzo","provincia":"chieti","sigla":"CH","codiceCatastale":"L284","cap":"66010","coordinate":{"lat":42.3837143,"lng":14.2144081}},{"nome":"Torricella Peligna","codice":"069095","regione":"abruzzo","provincia":"chieti","sigla":"CH","codiceCatastale":"L291","cap":"66019","coordinate":{"lat":42.0247619,"lng":14.2596031}},{"nome":"Torricella Sicura","codice":"067043","regione":"abruzzo","provincia":"teramo","sigla":"TE","codiceCatastale":"L295","cap":"64010","coordinate":{"lat":42.658275,"lng":13.655994}},{"nome":"Tortoreto","codice":"067044","regione":"abruzzo","provincia":"teramo","sigla":"TE","codiceCatastale":"L307","cap":"64018","coordinate":{"lat":42.8043988,"lng":13.9129779}},{"nome":"Tossicia","codice":"067045","regione":"abruzzo","provincia":"teramo","sigla":"TE","codiceCatastale":"L314","cap":"64049","coordinate":{"lat":42.5455307,"lng":13.6479849}},{"nome":"Trasacco","codice":"066102","regione":"abruzzo","provincia":"l'aquila","sigla":"AQ","codiceCatastale":"L334","cap":"67059","coordinate":{"lat":41.9579814,"lng":13.5354814}},{"nome":"Treglio","codice":"069096","regione":"abruzzo","provincia":"chieti","sigla":"CH","codiceCatastale":"L363","cap":"66030","coordinate":{"lat":42.2691284,"lng":14.4260933}},{"nome":"Tufillo","codice":"069097","regione":"abruzzo","provincia":"chieti","sigla":"CH","codiceCatastale":"L459","cap":"66050","coordinate":{"lat":41.918276,"lng":14.6248092}},{"nome":"Turrivalignani","codice":"068044","regione":"abruzzo","provincia":"pescara","sigla":"PE","codiceCatastale":"L475","cap":"65020","coordinate":{"lat":42.2617163,"lng":14.0261368}},{"nome":"Vacri","codice":"069098","regione":"abruzzo","provincia":"chieti","sigla":"CH","codiceCatastale":"L526","cap":"66010","coordinate":{"lat":42.2977846,"lng":14.2326676}},{"nome":"Valle Castellana","codice":"067046","regione":"abruzzo","provincia":"teramo","sigla":"TE","codiceCatastale":"L597","cap":"64010","coordinate":{"lat":42.73667,"lng":13.4968743}},{"nome":"Vasto","codice":"069099","regione":"abruzzo","provincia":"chieti","sigla":"CH","codiceCatastale":"E372","cap":"66054","coordinate":{"lat":42.112706,"lng":14.709621}},{"nome":"Vicoli","codice":"068045","regione":"abruzzo","provincia":"pescara","sigla":"PE","codiceCatastale":"L846","cap":"65010","coordinate":{"lat":42.3416489,"lng":13.8973197}},{"nome":"Villa Celiera","codice":"068046","regione":"abruzzo","provincia":"pescara","sigla":"PE","codiceCatastale":"L922","cap":"65010","coordinate":{"lat":42.3828148,"lng":13.859537}},{"nome":"Villa Sant'Angelo","codice":"066105","regione":"abruzzo","provincia":"l'aquila","sigla":"AQ","codiceCatastale":"M023","cap":"67020","coordinate":{"lat":42.2714074,"lng":13.5381481}},{"nome":"Villa Santa Lucia degli Abruzzi","codice":"066104","regione":"abruzzo","provincia":"l'aquila","sigla":"AQ","codiceCatastale":"M021","cap":"67020","coordinate":{"lat":42.3342407,"lng":13.7779814}},{"nome":"Villa Santa Maria","codice":"069102","regione":"abruzzo","provincia":"chieti","sigla":"CH","codiceCatastale":"M022","cap":"66047","coordinate":{"lat":41.948728,"lng":14.349329}},{"nome":"Villalago","codice":"066103","regione":"abruzzo","provincia":"l'aquila","sigla":"AQ","codiceCatastale":"L958","cap":"67030","coordinate":{"lat":41.935275,"lng":13.838085}},{"nome":"Villalfonsina","codice":"069100","regione":"abruzzo","provincia":"chieti","sigla":"CH","codiceCatastale":"L961","cap":"66020","coordinate":{"lat":42.1609787,"lng":14.5710602}},{"nome":"Villamagna","codice":"069101","regione":"abruzzo","provincia":"chieti","sigla":"CH","codiceCatastale":"L964","cap":"66010","coordinate":{"lat":42.3300185,"lng":14.237037}},{"nome":"Villavallelonga","codice":"066106","regione":"abruzzo","provincia":"l'aquila","sigla":"AQ","codiceCatastale":"M031","cap":"67050","coordinate":{"lat":41.8666053,"lng":13.6266137}},{"nome":"Villetta Barrea","codice":"066107","regione":"abruzzo","provincia":"l'aquila","sigla":"AQ","codiceCatastale":"M041","cap":"67030","coordinate":{"lat":41.7756589,"lng":13.9342633}},{"nome":"Vittorito","codice":"066108","regione":"abruzzo","provincia":"l'aquila","sigla":"AQ","codiceCatastale":"M090","cap":"67030","coordinate":{"lat":42.128152,"lng":13.8176552}}]