[{"nome":"Acerno","codice":"065001","regione":"campania","provincia":"salerno","sigla":"SA","codiceCatastale":"A023","cap":"84042"},{"nome":"Acerra","codice":"063001","regione":"campania","provincia":"napoli","sigla":"NA","codiceCatastale":"A024","cap":"80011"},{"nome":"Afragola","codice":"063002","regione":"campania","provincia":"napoli","sigla":"NA","codiceCatastale":"A064","cap":"80021"},{"nome":"Agerola","codice":"063003","regione":"campania","provincia":"napoli","sigla":"NA","codiceCatastale":"A068","cap":"80051"},{"nome":"Agropoli","codice":"065002","regione":"campania","provincia":"salerno","sigla":"SA","codiceCatastale":"A091","cap":"84043"},{"nome":"Aiello del Sabato","codice":"064001","regione":"campania","provincia":"avellino","sigla":"AV","codiceCatastale":"A101","cap":"83020"},{"nome":"Ailano","codice":"061001","regione":"campania","provincia":"caserta","sigla":"CE","codiceCatastale":"A106","cap":"81010"},{"nome":"Airola","codice":"062001","regione":"campania","provincia":"benevento","sigla":"BN","codiceCatastale":"A110","cap":"82011"},{"nome":"Albanella","codice":"065003","regione":"campania","provincia":"salerno","sigla":"SA","codiceCatastale":"A128","cap":"84044"},{"nome":"Alfano","codice":"065004","regione":"campania","provincia":"salerno","sigla":"SA","codiceCatastale":"A186","cap":"84040"},{"nome":"Alife","codice":"061002","regione":"campania","provincia":"caserta","sigla":"CE","codiceCatastale":"A200","cap":"81011"},{"nome":"Altavilla Irpina","codice":"064002","regione":"campania","provincia":"avellino","sigla":"AV","codiceCatastale":"A228","cap":"83011"},{"nome":"Altavilla Silentina","codice":"065005","regione":"campania","provincia":"salerno","sigla":"SA","codiceCatastale":"A230","cap":"84045"},{"nome":"Alvignano","codice":"061003","regione":"campania","provincia":"caserta","sigla":"CE","codiceCatastale":"A243","cap":"81012"},{"nome":"Amalfi","codice":"065006","regione":"campania","provincia":"salerno","sigla":"SA","codiceCatastale":"A251","cap":"84011"},{"nome":"Amorosi","codice":"062002","regione":"campania","provincia":"benevento","sigla":"BN","codiceCatastale":"A265","cap":"82031"},{"nome":"Anacapri","codice":"063004","regione":"campania","provincia":"napoli","sigla":"NA","codiceCatastale":"A268","cap":"80071"},{"nome":"Andretta","codice":"064003","regione":"campania","provincia":"avellino","sigla":"AV","codiceCatastale":"A284","cap":"83040"},{"nome":"Angri","codice":"065007","regione":"campania","provincia":"salerno","sigla":"SA","codiceCatastale":"A294","cap":"84012"},{"nome":"Apice","codice":"062003","regione":"campania","provincia":"benevento","sigla":"BN","codiceCatastale":"A328","cap":"82021"},{"nome":"Apollosa","codice":"062004","regione":"campania","provincia":"benevento","sigla":"BN","codiceCatastale":"A330","cap":"82030"},{"nome":"Aquara","codice":"065008","regione":"campania","provincia":"salerno","sigla":"SA","codiceCatastale":"A343","cap":"84020"},{"nome":"Aquilonia","codice":"064004","regione":"campania","provincia":"avellino","sigla":"AV","codiceCatastale":"A347","cap":"83041"},{"nome":"Ariano Irpino","codice":"064005","regione":"campania","provincia":"avellino","sigla":"AV","codiceCatastale":"A399","cap":"83031"},{"nome":"Arienzo","codice":"061004","regione":"campania","provincia":"caserta","sigla":"CE","codiceCatastale":"A403","cap":"81021"},{"nome":"Arpaia","codice":"062005","regione":"campania","provincia":"benevento","sigla":"BN","codiceCatastale":"A431","cap":"82011"},{"nome":"Arpaise","codice":"062006","regione":"campania","provincia":"benevento","sigla":"BN","codiceCatastale":"A432","cap":"82010"},{"nome":"Arzano","codice":"063005","regione":"campania","provincia":"napoli","sigla":"NA","codiceCatastale":"A455","cap":"80022"},{"nome":"Ascea","codice":"065009","regione":"campania","provincia":"salerno","sigla":"SA","codiceCatastale":"A460","cap":"84046"},{"nome":"Atena Lucana","codice":"065010","regione":"campania","provincia":"salerno","sigla":"SA","codiceCatastale":"A484","cap":"84030"},{"nome":"Atrani","codice":"065011","regione":"campania","provincia":"salerno","sigla":"SA","codiceCatastale":"A487","cap":"84010"},{"nome":"Atripalda","codice":"064006","regione":"campania","provincia":"avellino","sigla":"AV","codiceCatastale":"A489","cap":"83042"},{"nome":"Auletta","codice":"065012","regione":"campania","provincia":"salerno","sigla":"SA","codiceCatastale":"A495","cap":"84031"},{"nome":"Avella","codice":"064007","regione":"campania","provincia":"avellino","sigla":"AV","codiceCatastale":"A508","cap":"83021"},{"nome":"Avellino","codice":"064008","regione":"campania","provincia":"avellino","sigla":"AV","codiceCatastale":"A509","cap":"83100"},{"nome":"Aversa","codice":"061005","regione":"campania","provincia":"caserta","sigla":"CE","codiceCatastale":"A512","cap":"81031"},{"nome":"Bacoli","codice":"063006","regione":"campania","provincia":"napoli","sigla":"NA","codiceCatastale":"A535","cap":"80070"},{"nome":"Bagnoli Irpino","codice":"064009","regione":"campania","provincia":"avellino","sigla":"AV","codiceCatastale":"A566","cap":"83043"},{"nome":"Baia e Latina","codice":"061006","regione":"campania","provincia":"caserta","sigla":"CE","codiceCatastale":"A579","cap":"81010"},{"nome":"Baiano","codice":"064010","regione":"campania","provincia":"avellino","sigla":"AV","codiceCatastale":"A580","cap":"83022"},{"nome":"Barano d'Ischia","codice":"063007","regione":"campania","provincia":"napoli","sigla":"NA","codiceCatastale":"A617","cap":"80072"},{"nome":"Baronissi","codice":"065013","regione":"campania","provincia":"salerno","sigla":"SA","codiceCatastale":"A674","cap":"84081"},{"nome":"Baselice","codice":"062007","regione":"campania","provincia":"benevento","sigla":"BN","codiceCatastale":"A696","cap":"82020"},{"nome":"Battipaglia","codice":"065014","regione":"campania","provincia":"salerno","sigla":"SA","codiceCatastale":"A717","cap":"84091"},{"nome":"Bellizzi","codice":"065158","regione":"campania","provincia":"salerno","sigla":"SA","codiceCatastale":"M294","cap":"84092"},{"nome":"Bellona","codice":"061007","regione":"campania","provincia":"caserta","sigla":"CE","codiceCatastale":"A755","cap":"81041"},{"nome":"Bellosguardo","codice":"065015","regione":"campania","provincia":"salerno","sigla":"SA","codiceCatastale":"A756","cap":"84020"},{"nome":"Benevento","codice":"062008","regione":"campania","provincia":"benevento","sigla":"BN","codiceCatastale":"A783","cap":"82100"},{"nome":"Bisaccia","codice":"064011","regione":"campania","provincia":"avellino","sigla":"AV","codiceCatastale":"A881","cap":"83044"},{"nome":"Bonea","codice":"062009","regione":"campania","provincia":"benevento","sigla":"BN","codiceCatastale":"A970","cap":"82013"},{"nome":"Bonito","codice":"064012","regione":"campania","provincia":"avellino","sigla":"AV","codiceCatastale":"A975","cap":"83032"},{"nome":"Boscoreale","codice":"063008","regione":"campania","provincia":"napoli","sigla":"NA","codiceCatastale":"B076","cap":"80041"},{"nome":"Boscotrecase","codice":"063009","regione":"campania","provincia":"napoli","sigla":"NA","codiceCatastale":"B077","cap":"80042"},{"nome":"Bracigliano","codice":"065016","regione":"campania","provincia":"salerno","sigla":"SA","codiceCatastale":"B115","cap":"84082"},{"nome":"Brusciano","codice":"063010","regione":"campania","provincia":"napoli","sigla":"NA","codiceCatastale":"B227","cap":"80031"},{"nome":"Bucciano","codice":"062010","regione":"campania","provincia":"benevento","sigla":"BN","codiceCatastale":"B239","cap":"82010"},{"nome":"Buccino","codice":"065017","regione":"campania","provincia":"salerno","sigla":"SA","codiceCatastale":"B242","cap":"84021"},{"nome":"Buonabitacolo","codice":"065018","regione":"campania","provincia":"salerno","sigla":"SA","codiceCatastale":"B266","cap":"84032"},{"nome":"Buonalbergo","codice":"062011","regione":"campania","provincia":"benevento","sigla":"BN","codiceCatastale":"B267","cap":"82020"},{"nome":"Caggiano","codice":"065019","regione":"campania","provincia":"salerno","sigla":"SA","codiceCatastale":"B351","cap":"84030"},{"nome":"Caianello","codice":"061008","regione":"campania","provincia":"caserta","sigla":"CE","codiceCatastale":"B361","cap":"81059"},{"nome":"Caiazzo","codice":"061009","regione":"campania","provincia":"caserta","sigla":"CE","codiceCatastale":"B362","cap":"81013"},{"nome":"Cairano","codice":"064013","regione":"campania","provincia":"avellino","sigla":"AV","codiceCatastale":"B367","cap":"83040"},{"nome":"Caivano","codice":"063011","regione":"campania","provincia":"napoli","sigla":"NA","codiceCatastale":"B371","cap":"80023"},{"nome":"Calabritto","codice":"064014","regione":"campania","provincia":"avellino","sigla":"AV","codiceCatastale":"B374","cap":"83040"},{"nome":"Calitri","codice":"064015","regione":"campania","provincia":"avellino","sigla":"AV","codiceCatastale":"B415","cap":"83045"},{"nome":"Calvanico","codice":"065020","regione":"campania","provincia":"salerno","sigla":"SA","codiceCatastale":"B437","cap":"84080"},{"nome":"Calvi","codice":"062012","regione":"campania","provincia":"benevento","sigla":"BN","codiceCatastale":"B444","cap":"82018"},{"nome":"Calvi Risorta","codice":"061010","regione":"campania","provincia":"caserta","sigla":"CE","codiceCatastale":"B445","cap":"81042"},{"nome":"Calvizzano","codice":"063012","regione":"campania","provincia":"napoli","sigla":"NA","codiceCatastale":"B452","cap":"80012"},{"nome":"Camerota","codice":"065021","regione":"campania","provincia":"salerno","sigla":"SA","codiceCatastale":"B476","cap":"84059"},{"nome":"Camigliano","codice":"061011","regione":"campania","provincia":"caserta","sigla":"CE","codiceCatastale":"B477","cap":"81050"},{"nome":"Campagna","codice":"065022","regione":"campania","provincia":"salerno","sigla":"SA","codiceCatastale":"B492","cap":"84022"},{"nome":"Campolattaro","codice":"062013","regione":"campania","provincia":"benevento","sigla":"BN","codiceCatastale":"B541","cap":"82020"},{"nome":"Campoli del Monte Taburno","codice":"062014","regione":"campania","provincia":"benevento","sigla":"BN","codiceCatastale":"B542","cap":"82030"},{"nome":"Campora","codice":"065023","regione":"campania","provincia":"salerno","sigla":"SA","codiceCatastale":"B555","cap":"84040"},{"nome":"Camposano","codice":"063013","regione":"campania","provincia":"napoli","sigla":"NA","codiceCatastale":"B565","cap":"80030"},{"nome":"Cancello ed Arnone","codice":"061012","regione":"campania","provincia":"caserta","sigla":"CE","codiceCatastale":"B581","cap":"81030"},{"nome":"Candida","codice":"064016","regione":"campania","provincia":"avellino","sigla":"AV","codiceCatastale":"B590","cap":"83040"},{"nome":"Cannalonga","codice":"065024","regione":"campania","provincia":"salerno","sigla":"SA","codiceCatastale":"B608","cap":"84040"},{"nome":"Capaccio Paestum","codice":"065025","regione":"campania","provincia":"salerno","sigla":"SA","codiceCatastale":"B644","cap":"84047"},{"nome":"Capodrise","codice":"061013","regione":"campania","provincia":"caserta","sigla":"CE","codiceCatastale":"B667","cap":"81020"},{"nome":"Caposele","codice":"064017","regione":"campania","provincia":"avellino","sigla":"AV","codiceCatastale":"B674","cap":"83040"},{"nome":"Capri","codice":"063014","regione":"campania","provincia":"napoli","sigla":"NA","codiceCatastale":"B696","cap":"80073"},{"nome":"Capriati a Volturno","codice":"061014","regione":"campania","provincia":"caserta","sigla":"CE","codiceCatastale":"B704","cap":"81014"},{"nome":"Capriglia Irpina","codice":"064018","regione":"campania","provincia":"avellino","sigla":"AV","codiceCatastale":"B706","cap":"83010"},{"nome":"Capua","codice":"061015","regione":"campania","provincia":"caserta","sigla":"CE","codiceCatastale":"B715","cap":"81043"},{"nome":"Carbonara di Nola","codice":"063015","regione":"campania","provincia":"napoli","sigla":"NA","codiceCatastale":"B740","cap":"80030"},{"nome":"Cardito","codice":"063016","regione":"campania","provincia":"napoli","sigla":"NA","codiceCatastale":"B759","cap":"80024"},{"nome":"Carife","codice":"064019","regione":"campania","provincia":"avellino","sigla":"AV","codiceCatastale":"B776","cap":"83040"},{"nome":"Carinaro","codice":"061016","regione":"campania","provincia":"caserta","sigla":"CE","codiceCatastale":"B779","cap":"81032"},{"nome":"Carinola","codice":"061017","regione":"campania","provincia":"caserta","sigla":"CE","codiceCatastale":"B781","cap":"81030"},{"nome":"Casagiove","codice":"061018","regione":"campania","provincia":"caserta","sigla":"CE","codiceCatastale":"B860","cap":"81022"},{"nome":"Casal di Principe","codice":"061019","regione":"campania","provincia":"caserta","sigla":"CE","codiceCatastale":"B872","cap":"81033"},{"nome":"Casal Velino","codice":"065028","regione":"campania","provincia":"salerno","sigla":"SA","codiceCatastale":"B895","cap":"84040"},{"nome":"Casalbore","codice":"064020","regione":"campania","provincia":"avellino","sigla":"AV","codiceCatastale":"B866","cap":"83034"},{"nome":"Casalbuono","codice":"065026","regione":"campania","provincia":"salerno","sigla":"SA","codiceCatastale":"B868","cap":"84030"},{"nome":"Casalduni","codice":"062015","regione":"campania","provincia":"benevento","sigla":"BN","codiceCatastale":"B873","cap":"82027"},{"nome":"Casaletto Spartano","codice":"065027","regione":"campania","provincia":"salerno","sigla":"SA","codiceCatastale":"B888","cap":"84030"},{"nome":"Casalnuovo di Napoli","codice":"063017","regione":"campania","provincia":"napoli","sigla":"NA","codiceCatastale":"B905","cap":"80013"},{"nome":"Casaluce","codice":"061020","regione":"campania","provincia":"caserta","sigla":"CE","codiceCatastale":"B916","cap":"81030"},{"nome":"Casamarciano","codice":"063018","regione":"campania","provincia":"napoli","sigla":"NA","codiceCatastale":"B922","cap":"80032"},{"nome":"Casamicciola Terme","codice":"063019","regione":"campania","provincia":"napoli","sigla":"NA","codiceCatastale":"B924","cap":"80074"},{"nome":"Casandrino","codice":"063020","regione":"campania","provincia":"napoli","sigla":"NA","codiceCatastale":"B925","cap":"80025"},{"nome":"Casapesenna","codice":"061103","regione":"campania","provincia":"caserta","sigla":"CE","codiceCatastale":"M260","cap":"81030"},{"nome":"Casapulla","codice":"061021","regione":"campania","provincia":"caserta","sigla":"CE","codiceCatastale":"B935","cap":"81020"},{"nome":"Casavatore","codice":"063021","regione":"campania","provincia":"napoli","sigla":"NA","codiceCatastale":"B946","cap":"80020"},{"nome":"Caselle in Pittari","codice":"065029","regione":"campania","provincia":"salerno","sigla":"SA","codiceCatastale":"B959","cap":"84030"},{"nome":"Caserta","codice":"061022","regione":"campania","provincia":"caserta","sigla":"CE","codiceCatastale":"B963","cap":"81100"},{"nome":"Casola di Napoli","codice":"063022","regione":"campania","provincia":"napoli","sigla":"NA","codiceCatastale":"B980","cap":"80050"},{"nome":"Casoria","codice":"063023","regione":"campania","provincia":"napoli","sigla":"NA","codiceCatastale":"B990","cap":"80026"},{"nome":"Cassano Irpino","codice":"064021","regione":"campania","provincia":"avellino","sigla":"AV","codiceCatastale":"B997","cap":"83040"},{"nome":"Castel Baronia","codice":"064022","regione":"campania","provincia":"avellino","sigla":"AV","codiceCatastale":"C058","cap":"83040"},{"nome":"Castel Campagnano","codice":"061023","regione":"campania","provincia":"caserta","sigla":"CE","codiceCatastale":"B494","cap":"81010"},{"nome":"Castel di Sasso","codice":"061024","regione":"campania","provincia":"caserta","sigla":"CE","codiceCatastale":"C097","cap":"81040"},{"nome":"Castel Morrone","codice":"061026","regione":"campania","provincia":"caserta","sigla":"CE","codiceCatastale":"C211","cap":"81020"},{"nome":"Castel San Giorgio","codice":"065034","regione":"campania","provincia":"salerno","sigla":"SA","codiceCatastale":"C259","cap":"84083"},{"nome":"Castel San Lorenzo","codice":"065035","regione":"campania","provincia":"salerno","sigla":"SA","codiceCatastale":"C262","cap":"84049"},{"nome":"Castel Volturno","codice":"061027","regione":"campania","provincia":"caserta","sigla":"CE","codiceCatastale":"C291","cap":"81030"},{"nome":"Castelcivita","codice":"065030","regione":"campania","provincia":"salerno","sigla":"SA","codiceCatastale":"C069","cap":"84020"},{"nome":"Castelfranci","codice":"064023","regione":"campania","provincia":"avellino","sigla":"AV","codiceCatastale":"C105","cap":"83040"},{"nome":"Castelfranco in Miscano","codice":"062016","regione":"campania","provincia":"benevento","sigla":"BN","codiceCatastale":"C106","cap":"82022"},{"nome":"Castellabate","codice":"065031","regione":"campania","provincia":"salerno","sigla":"SA","codiceCatastale":"C125","cap":"84048"},{"nome":"Castellammare di Stabia","codice":"063024","regione":"campania","provincia":"napoli","sigla":"NA","codiceCatastale":"C129","cap":"80053"},{"nome":"Castello del Matese","codice":"061025","regione":"campania","provincia":"caserta","sigla":"CE","codiceCatastale":"C178","cap":"81016"},{"nome":"Castello di Cisterna","codice":"063025","regione":"campania","provincia":"napoli","sigla":"NA","codiceCatastale":"C188","cap":"80030"},{"nome":"Castelnuovo Cilento","codice":"065032","regione":"campania","provincia":"salerno","sigla":"SA","codiceCatastale":"C231","cap":"84040"},{"nome":"Castelnuovo di Conza","codice":"065033","regione":"campania","provincia":"salerno","sigla":"SA","codiceCatastale":"C235","cap":"84020"},{"nome":"Castelpagano","codice":"062017","regione":"campania","provincia":"benevento","sigla":"BN","codiceCatastale":"C245","cap":"82024"},{"nome":"Castelpoto","codice":"062018","regione":"campania","provincia":"benevento","sigla":"BN","codiceCatastale":"C250","cap":"82030"},{"nome":"Castelvenere","codice":"062019","regione":"campania","provincia":"benevento","sigla":"BN","codiceCatastale":"C280","cap":"82037"},{"nome":"Castelvetere in Val Fortore","codice":"062020","regione":"campania","provincia":"benevento","sigla":"BN","codiceCatastale":"C284","cap":"82023"},{"nome":"Castelvetere sul Calore","codice":"064024","regione":"campania","provincia":"avellino","sigla":"AV","codiceCatastale":"C283","cap":"83040"},{"nome":"Castiglione del Genovesi","codice":"065036","regione":"campania","provincia":"salerno","sigla":"SA","codiceCatastale":"C306","cap":"84090"},{"nome":"Cautano","codice":"062021","regione":"campania","provincia":"benevento","sigla":"BN","codiceCatastale":"C359","cap":"82030"},{"nome":"Cava de' Tirreni","codice":"065037","regione":"campania","provincia":"salerno","sigla":"SA","codiceCatastale":"C361","cap":"84013"},{"nome":"Celle di Bulgheria","codice":"065038","regione":"campania","provincia":"salerno","sigla":"SA","codiceCatastale":"C444","cap":"84040"},{"nome":"Cellole","codice":"061102","regione":"campania","provincia":"caserta","sigla":"CE","codiceCatastale":"M262","cap":"81030"},{"nome":"Centola","codice":"065039","regione":"campania","provincia":"salerno","sigla":"SA","codiceCatastale":"C470","cap":"84051"},{"nome":"Ceppaloni","codice":"062022","regione":"campania","provincia":"benevento","sigla":"BN","codiceCatastale":"C476","cap":"82014"},{"nome":"Ceraso","codice":"065040","regione":"campania","provincia":"salerno","sigla":"SA","codiceCatastale":"C485","cap":"84052"},{"nome":"Cercola","codice":"063026","regione":"campania","provincia":"napoli","sigla":"NA","codiceCatastale":"C495","cap":"80040"},{"nome":"Cerreto Sannita","codice":"062023","regione":"campania","provincia":"benevento","sigla":"BN","codiceCatastale":"C525","cap":"82032"},{"nome":"Cervinara","codice":"064025","regione":"campania","provincia":"avellino","sigla":"AV","codiceCatastale":"C557","cap":"83012"},{"nome":"Cervino","codice":"061028","regione":"campania","provincia":"caserta","sigla":"CE","codiceCatastale":"C558","cap":"81023"},{"nome":"Cesa","codice":"061029","regione":"campania","provincia":"caserta","sigla":"CE","codiceCatastale":"C561","cap":"81030"},{"nome":"Cesinali","codice":"064026","regione":"campania","provincia":"avellino","sigla":"AV","codiceCatastale":"C576","cap":"83020"},{"nome":"Cetara","codice":"065041","regione":"campania","provincia":"salerno","sigla":"SA","codiceCatastale":"C584","cap":"84010"},{"nome":"Chianche","codice":"064027","regione":"campania","provincia":"avellino","sigla":"AV","codiceCatastale":"C606","cap":"83010"},{"nome":"Chiusano di San Domenico","codice":"064028","regione":"campania","provincia":"avellino","sigla":"AV","codiceCatastale":"C659","cap":"83040"},{"nome":"Cicciano","codice":"063027","regione":"campania","provincia":"napoli","sigla":"NA","codiceCatastale":"C675","cap":"80033"},{"nome":"Cicerale","codice":"065042","regione":"campania","provincia":"salerno","sigla":"SA","codiceCatastale":"C676","cap":"84053"},{"nome":"Cimitile","codice":"063028","regione":"campania","provincia":"napoli","sigla":"NA","codiceCatastale":"C697","cap":"80030"},{"nome":"Ciorlano","codice":"061030","regione":"campania","provincia":"caserta","sigla":"CE","codiceCatastale":"C716","cap":"81010"},{"nome":"Circello","codice":"062024","regione":"campania","provincia":"benevento","sigla":"BN","codiceCatastale":"C719","cap":"82020"},{"nome":"Colle Sannita","codice":"062025","regione":"campania","provincia":"benevento","sigla":"BN","codiceCatastale":"C846","cap":"82024"},{"nome":"Colliano","codice":"065043","regione":"campania","provincia":"salerno","sigla":"SA","codiceCatastale":"C879","cap":"84020"},{"nome":"Comiziano","codice":"063029","regione":"campania","provincia":"napoli","sigla":"NA","codiceCatastale":"C929","cap":"80030"},{"nome":"Conca dei Marini","codice":"065044","regione":"campania","provincia":"salerno","sigla":"SA","codiceCatastale":"C940","cap":"84010"},{"nome":"Conca della Campania","codice":"061031","regione":"campania","provincia":"caserta","sigla":"CE","codiceCatastale":"C939","cap":"81044"},{"nome":"Contrada","codice":"064029","regione":"campania","provincia":"avellino","sigla":"AV","codiceCatastale":"C971","cap":"83020"},{"nome":"Controne","codice":"065045","regione":"campania","provincia":"salerno","sigla":"SA","codiceCatastale":"C973","cap":"84020"},{"nome":"Contursi Terme","codice":"065046","regione":"campania","provincia":"salerno","sigla":"SA","codiceCatastale":"C974","cap":"84024"},{"nome":"Conza della Campania","codice":"064030","regione":"campania","provincia":"avellino","sigla":"AV","codiceCatastale":"C976","cap":"83040"},{"nome":"Corbara","codice":"065047","regione":"campania","provincia":"salerno","sigla":"SA","codiceCatastale":"C984","cap":"84010"},{"nome":"Corleto Monforte","codice":"065048","regione":"campania","provincia":"salerno","sigla":"SA","codiceCatastale":"D011","cap":"84020"},{"nome":"Crispano","codice":"063030","regione":"campania","provincia":"napoli","sigla":"NA","codiceCatastale":"D170","cap":"80020"},{"nome":"Cuccaro Vetere","codice":"065049","regione":"campania","provincia":"salerno","sigla":"SA","codiceCatastale":"D195","cap":"84050"},{"nome":"Curti","codice":"061032","regione":"campania","provincia":"caserta","sigla":"CE","codiceCatastale":"D228","cap":"81040"},{"nome":"Cusano Mutri","codice":"062026","regione":"campania","provincia":"benevento","sigla":"BN","codiceCatastale":"D230","cap":"82033"},{"nome":"Domicella","codice":"064031","regione":"campania","provincia":"avellino","sigla":"AV","codiceCatastale":"D331","cap":"83020"},{"nome":"Dragoni","codice":"061033","regione":"campania","provincia":"caserta","sigla":"CE","codiceCatastale":"D361","cap":"81010"},{"nome":"Dugenta","codice":"062027","regione":"campania","provincia":"benevento","sigla":"BN","codiceCatastale":"D380","cap":"82030"},{"nome":"Durazzano","codice":"062028","regione":"campania","provincia":"benevento","sigla":"BN","codiceCatastale":"D386","cap":"82015"},{"nome":"Eboli","codice":"065050","regione":"campania","provincia":"salerno","sigla":"SA","codiceCatastale":"D390","cap":"84025"},{"nome":"Ercolano","codice":"063064","regione":"campania","provincia":"napoli","sigla":"NA","codiceCatastale":"H243","cap":"80056"},{"nome":"Faicchio","codice":"062029","regione":"campania","provincia":"benevento","sigla":"BN","codiceCatastale":"D469","cap":"82030"},{"nome":"Falciano del Massico","codice":"061101","regione":"campania","provincia":"caserta","sigla":"CE","codiceCatastale":"D471","cap":"81030"},{"nome":"Felitto","codice":"065051","regione":"campania","provincia":"salerno","sigla":"SA","codiceCatastale":"D527","cap":"84055"},{"nome":"Fisciano","codice":"065052","regione":"campania","provincia":"salerno","sigla":"SA","codiceCatastale":"D615","cap":"84084"},{"nome":"Flumeri","codice":"064032","regione":"campania","provincia":"avellino","sigla":"AV","codiceCatastale":"D638","cap":"83040"},{"nome":"Foglianise","codice":"062030","regione":"campania","provincia":"benevento","sigla":"BN","codiceCatastale":"D644","cap":"82030"},{"nome":"Foiano di Val Fortore","codice":"062031","regione":"campania","provincia":"benevento","sigla":"BN","codiceCatastale":"D650","cap":"82020"},{"nome":"Fontanarosa","codice":"064033","regione":"campania","provincia":"avellino","sigla":"AV","codiceCatastale":"D671","cap":"83040"},{"nome":"Fontegreca","codice":"061034","regione":"campania","provincia":"caserta","sigla":"CE","codiceCatastale":"D683","cap":"81014"},{"nome":"Forchia","codice":"062032","regione":"campania","provincia":"benevento","sigla":"BN","codiceCatastale":"D693","cap":"82011"},{"nome":"Forino","codice":"064034","regione":"campania","provincia":"avellino","sigla":"AV","codiceCatastale":"D701","cap":"83020"},{"nome":"Forio","codice":"063031","regione":"campania","provincia":"napoli","sigla":"NA","codiceCatastale":"D702","cap":"80075"},{"nome":"Formicola","codice":"061035","regione":"campania","provincia":"caserta","sigla":"CE","codiceCatastale":"D709","cap":"81040"},{"nome":"Fragneto l'Abate","codice":"062033","regione":"campania","provincia":"benevento","sigla":"BN","codiceCatastale":"D755","cap":"82020"},{"nome":"Fragneto Monforte","codice":"062034","regione":"campania","provincia":"benevento","sigla":"BN","codiceCatastale":"D756","cap":"82020"},{"nome":"Francolise","codice":"061036","regione":"campania","provincia":"caserta","sigla":"CE","codiceCatastale":"D769","cap":"81050"},{"nome":"Frasso Telesino","codice":"062035","regione":"campania","provincia":"benevento","sigla":"BN","codiceCatastale":"D784","cap":"82030"},{"nome":"Frattamaggiore","codice":"063032","regione":"campania","provincia":"napoli","sigla":"NA","codiceCatastale":"D789","cap":"80027"},{"nome":"Frattaminore","codice":"063033","regione":"campania","provincia":"napoli","sigla":"NA","codiceCatastale":"D790","cap":"80020"},{"nome":"Frigento","codice":"064035","regione":"campania","provincia":"avellino","sigla":"AV","codiceCatastale":"D798","cap":"83040"},{"nome":"Frignano","codice":"061037","regione":"campania","provincia":"caserta","sigla":"CE","codiceCatastale":"D799","cap":"81030"},{"nome":"Furore","codice":"065053","regione":"campania","provincia":"salerno","sigla":"SA","codiceCatastale":"D826","cap":"84010"},{"nome":"Futani","codice":"065054","regione":"campania","provincia":"salerno","sigla":"SA","codiceCatastale":"D832","cap":"84050"},{"nome":"Gallo Matese","codice":"061038","regione":"campania","provincia":"caserta","sigla":"CE","codiceCatastale":"D884","cap":"81010"},{"nome":"Galluccio","codice":"061039","regione":"campania","provincia":"caserta","sigla":"CE","codiceCatastale":"D886","cap":"81044"},{"nome":"Gesualdo","codice":"064036","regione":"campania","provincia":"avellino","sigla":"AV","codiceCatastale":"D998","cap":"83040"},{"nome":"Giano Vetusto","codice":"061040","regione":"campania","provincia":"caserta","sigla":"CE","codiceCatastale":"E011","cap":"81042"},{"nome":"Giffoni Sei Casali","codice":"065055","regione":"campania","provincia":"salerno","sigla":"SA","codiceCatastale":"E026","cap":"84090"},{"nome":"Giffoni Valle Piana","codice":"065056","regione":"campania","provincia":"salerno","sigla":"SA","codiceCatastale":"E027","cap":"84095"},{"nome":"Ginestra degli Schiavoni","codice":"062036","regione":"campania","provincia":"benevento","sigla":"BN","codiceCatastale":"E034","cap":"82020"},{"nome":"Gioi","codice":"065057","regione":"campania","provincia":"salerno","sigla":"SA","codiceCatastale":"E037","cap":"84056"},{"nome":"Gioia Sannitica","codice":"061041","regione":"campania","provincia":"caserta","sigla":"CE","codiceCatastale":"E039","cap":"81010"},{"nome":"Giugliano in Campania","codice":"063034","regione":"campania","provincia":"napoli","sigla":"NA","codiceCatastale":"E054","cap":"80014"},{"nome":"Giungano","codice":"065058","regione":"campania","provincia":"salerno","sigla":"SA","codiceCatastale":"E060","cap":"84050"},{"nome":"Gragnano","codice":"063035","regione":"campania","provincia":"napoli","sigla":"NA","codiceCatastale":"E131","cap":"80054"},{"nome":"Grazzanise","codice":"061042","regione":"campania","provincia":"caserta","sigla":"CE","codiceCatastale":"E158","cap":"81046"},{"nome":"Greci","codice":"064037","regione":"campania","provincia":"avellino","sigla":"AV","codiceCatastale":"E161","cap":"83030"},{"nome":"Gricignano di Aversa","codice":"061043","regione":"campania","provincia":"caserta","sigla":"CE","codiceCatastale":"E173","cap":"81030"},{"nome":"Grottaminarda","codice":"064038","regione":"campania","provincia":"avellino","sigla":"AV","codiceCatastale":"E206","cap":"83035"},{"nome":"Grottolella","codice":"064039","regione":"campania","provincia":"avellino","sigla":"AV","codiceCatastale":"E214","cap":"83010"},{"nome":"Grumo Nevano","codice":"063036","regione":"campania","provincia":"napoli","sigla":"NA","codiceCatastale":"E224","cap":"80028"},{"nome":"Guardia Lombardi","codice":"064040","regione":"campania","provincia":"avellino","sigla":"AV","codiceCatastale":"E245","cap":"83040"},{"nome":"Guardia Sanframondi","codice":"062037","regione":"campania","provincia":"benevento","sigla":"BN","codiceCatastale":"E249","cap":"82034"},{"nome":"Ischia","codice":"063037","regione":"campania","provincia":"napoli","sigla":"NA","codiceCatastale":"E329","cap":"80077"},{"nome":"Ispani","codice":"065059","regione":"campania","provincia":"salerno","sigla":"SA","codiceCatastale":"E365","cap":"84050"},{"nome":"Lacco Ameno","codice":"063038","regione":"campania","provincia":"napoli","sigla":"NA","codiceCatastale":"E396","cap":"80076"},{"nome":"Lacedonia","codice":"064041","regione":"campania","provincia":"avellino","sigla":"AV","codiceCatastale":"E397","cap":"83046"},{"nome":"Lapio","codice":"064042","regione":"campania","provincia":"avellino","sigla":"AV","codiceCatastale":"E448","cap":"83030"},{"nome":"Laureana Cilento","codice":"065060","regione":"campania","provincia":"salerno","sigla":"SA","codiceCatastale":"E480","cap":"84050"},{"nome":"Laurino","codice":"065061","regione":"campania","provincia":"salerno","sigla":"SA","codiceCatastale":"E485","cap":"84057"},{"nome":"Laurito","codice":"065062","regione":"campania","provincia":"salerno","sigla":"SA","codiceCatastale":"E486","cap":"84050"},{"nome":"Lauro","codice":"064043","regione":"campania","provincia":"avellino","sigla":"AV","codiceCatastale":"E487","cap":"83023"},{"nome":"Laviano","codice":"065063","regione":"campania","provincia":"salerno","sigla":"SA","codiceCatastale":"E498","cap":"84020"},{"nome":"Letino","codice":"061044","regione":"campania","provincia":"caserta","sigla":"CE","codiceCatastale":"E554","cap":"81010"},{"nome":"Lettere","codice":"063039","regione":"campania","provincia":"napoli","sigla":"NA","codiceCatastale":"E557","cap":"80050"},{"nome":"Liberi","codice":"061045","regione":"campania","provincia":"caserta","sigla":"CE","codiceCatastale":"E570","cap":"81040"},{"nome":"Limatola","codice":"062038","regione":"campania","provincia":"benevento","sigla":"BN","codiceCatastale":"E589","cap":"82030"},{"nome":"Lioni","codice":"064044","regione":"campania","provincia":"avellino","sigla":"AV","codiceCatastale":"E605","cap":"83047"},{"nome":"Liveri","codice":"063040","regione":"campania","provincia":"napoli","sigla":"NA","codiceCatastale":"E620","cap":"80030"},{"nome":"Luogosano","codice":"064045","regione":"campania","provincia":"avellino","sigla":"AV","codiceCatastale":"E746","cap":"83040"},{"nome":"Lusciano","codice":"061046","regione":"campania","provincia":"caserta","sigla":"CE","codiceCatastale":"E754","cap":"81030"},{"nome":"Lustra","codice":"065064","regione":"campania","provincia":"salerno","sigla":"SA","codiceCatastale":"E767","cap":"84050"},{"nome":"Macerata Campania","codice":"061047","regione":"campania","provincia":"caserta","sigla":"CE","codiceCatastale":"E784","cap":"81047"},{"nome":"Maddaloni","codice":"061048","regione":"campania","provincia":"caserta","sigla":"CE","codiceCatastale":"E791","cap":"81024"},{"nome":"Magliano Vetere","codice":"065065","regione":"campania","provincia":"salerno","sigla":"SA","codiceCatastale":"E814","cap":"84050"},{"nome":"Maiori","codice":"065066","regione":"campania","provincia":"salerno","sigla":"SA","codiceCatastale":"E839","cap":"84010"},{"nome":"Manocalzati","codice":"064046","regione":"campania","provincia":"avellino","sigla":"AV","codiceCatastale":"E891","cap":"83030"},{"nome":"Marano di Napoli","codice":"063041","regione":"campania","provincia":"napoli","sigla":"NA","codiceCatastale":"E906","cap":"80016"},{"nome":"Marcianise","codice":"061049","regione":"campania","provincia":"caserta","sigla":"CE","codiceCatastale":"E932","cap":"81025"},{"nome":"Mariglianella","codice":"063042","regione":"campania","provincia":"napoli","sigla":"NA","codiceCatastale":"E954","cap":"80030"},{"nome":"Marigliano","codice":"063043","regione":"campania","provincia":"napoli","sigla":"NA","codiceCatastale":"E955","cap":"80034"},{"nome":"Marzano Appio","codice":"061050","regione":"campania","provincia":"caserta","sigla":"CE","codiceCatastale":"E998","cap":"81035"},{"nome":"Marzano di Nola","codice":"064047","regione":"campania","provincia":"avellino","sigla":"AV","codiceCatastale":"E997","cap":"83020"},{"nome":"Massa di Somma","codice":"063092","regione":"campania","provincia":"napoli","sigla":"NA","codiceCatastale":"M289","cap":"80040"},{"nome":"Massa Lubrense","codice":"063044","regione":"campania","provincia":"napoli","sigla":"NA","codiceCatastale":"F030","cap":"80061"},{"nome":"Melito di Napoli","codice":"063045","regione":"campania","provincia":"napoli","sigla":"NA","codiceCatastale":"F111","cap":"80017"},{"nome":"Melito Irpino","codice":"064048","regione":"campania","provincia":"avellino","sigla":"AV","codiceCatastale":"F110","cap":"83030"},{"nome":"Melizzano","codice":"062039","regione":"campania","provincia":"benevento","sigla":"BN","codiceCatastale":"F113","cap":"82030"},{"nome":"Mercato San Severino","codice":"065067","regione":"campania","provincia":"salerno","sigla":"SA","codiceCatastale":"F138","cap":"84085"},{"nome":"Mercogliano","codice":"064049","regione":"campania","provincia":"avellino","sigla":"AV","codiceCatastale":"F141","cap":"83013"},{"nome":"Meta","codice":"063046","regione":"campania","provincia":"napoli","sigla":"NA","codiceCatastale":"F162","cap":"80062"},{"nome":"Mignano Monte Lungo","codice":"061051","regione":"campania","provincia":"caserta","sigla":"CE","codiceCatastale":"F203","cap":"81049"},{"nome":"Minori","codice":"065068","regione":"campania","provincia":"salerno","sigla":"SA","codiceCatastale":"F223","cap":"84010"},{"nome":"Mirabella Eclano","codice":"064050","regione":"campania","provincia":"avellino","sigla":"AV","codiceCatastale":"F230","cap":"83036"},{"nome":"Moiano","codice":"062040","regione":"campania","provincia":"benevento","sigla":"BN","codiceCatastale":"F274","cap":"82010"},{"nome":"Moio della Civitella","codice":"065069","regione":"campania","provincia":"salerno","sigla":"SA","codiceCatastale":"F278","cap":"84060"},{"nome":"Molinara","codice":"062041","regione":"campania","provincia":"benevento","sigla":"BN","codiceCatastale":"F287","cap":"82020"},{"nome":"Mondragone","codice":"061052","regione":"campania","provincia":"caserta","sigla":"CE","codiceCatastale":"F352","cap":"81034"},{"nome":"Montaguto","codice":"064051","regione":"campania","provincia":"avellino","sigla":"AV","codiceCatastale":"F397","cap":"83030"},{"nome":"Montano Antilia","codice":"065070","regione":"campania","provincia":"salerno","sigla":"SA","codiceCatastale":"F426","cap":"84060"},{"nome":"Monte di Procida","codice":"063047","regione":"campania","provincia":"napoli","sigla":"NA","codiceCatastale":"F488","cap":"80070"},{"nome":"Monte San Giacomo","codice":"065075","regione":"campania","provincia":"salerno","sigla":"SA","codiceCatastale":"F618","cap":"84030"},{"nome":"Montecalvo Irpino","codice":"064052","regione":"campania","provincia":"avellino","sigla":"AV","codiceCatastale":"F448","cap":"83037"},{"nome":"Montecorice","codice":"065071","regione":"campania","provincia":"salerno","sigla":"SA","codiceCatastale":"F479","cap":"84060"},{"nome":"Montecorvino Pugliano","codice":"065072","regione":"campania","provincia":"salerno","sigla":"SA","codiceCatastale":"F480","cap":"84090"},{"nome":"Montecorvino Rovella","codice":"065073","regione":"campania","provincia":"salerno","sigla":"SA","codiceCatastale":"F481","cap":"84096"},{"nome":"Montefalcione","codice":"064053","regione":"campania","provincia":"avellino","sigla":"AV","codiceCatastale":"F491","cap":"83030"},{"nome":"Montefalcone di Val Fortore","codice":"062042","regione":"campania","provincia":"benevento","sigla":"BN","codiceCatastale":"F494","cap":"82025"},{"nome":"Monteforte Cilento","codice":"065074","regione":"campania","provincia":"salerno","sigla":"SA","codiceCatastale":"F507","cap":"84060"},{"nome":"Monteforte Irpino","codice":"064054","regione":"campania","provincia":"avellino","sigla":"AV","codiceCatastale":"F506","cap":"83024"},{"nome":"Montefredane","codice":"064055","regione":"campania","provincia":"avellino","sigla":"AV","codiceCatastale":"F511","cap":"83030"},{"nome":"Montefusco","codice":"064056","regione":"campania","provincia":"avellino","sigla":"AV","codiceCatastale":"F512","cap":"83030"},{"nome":"Montella","codice":"064057","regione":"campania","provincia":"avellino","sigla":"AV","codiceCatastale":"F546","cap":"83048"},{"nome":"Montemarano","codice":"064058","regione":"campania","provincia":"avellino","sigla":"AV","codiceCatastale":"F559","cap":"83040"},{"nome":"Montemiletto","codice":"064059","regione":"campania","provincia":"avellino","sigla":"AV","codiceCatastale":"F566","cap":"83038"},{"nome":"Montesano sulla Marcellana","codice":"065076","regione":"campania","provincia":"salerno","sigla":"SA","codiceCatastale":"F625","cap":"84033"},{"nome":"Montesarchio","codice":"062043","regione":"campania","provincia":"benevento","sigla":"BN","codiceCatastale":"F636","cap":"82016"},{"nome":"Monteverde","codice":"064060","regione":"campania","provincia":"avellino","sigla":"AV","codiceCatastale":"F660","cap":"83049"},{"nome":"Montoro","codice":"064121","regione":"campania","provincia":"avellino","sigla":"AV","codiceCatastale":"M330","cap":"83025"},{"nome":"Morcone","codice":"062044","regione":"campania","provincia":"benevento","sigla":"BN","codiceCatastale":"F717","cap":"82026"},{"nome":"Morigerati","codice":"065077","regione":"campania","provincia":"salerno","sigla":"SA","codiceCatastale":"F731","cap":"84030"},{"nome":"Morra De Sanctis","codice":"064063","regione":"campania","provincia":"avellino","sigla":"AV","codiceCatastale":"F744","cap":"83040"},{"nome":"Moschiano","codice":"064064","regione":"campania","provincia":"avellino","sigla":"AV","codiceCatastale":"F762","cap":"83020"},{"nome":"Mugnano del Cardinale","codice":"064065","regione":"campania","provincia":"avellino","sigla":"AV","codiceCatastale":"F798","cap":"83027"},{"nome":"Mugnano di Napoli","codice":"063048","regione":"campania","provincia":"napoli","sigla":"NA","codiceCatastale":"F799","cap":"80018"},{"nome":"Napoli","codice":"063049","regione":"campania","provincia":"napoli","sigla":"NA","codiceCatastale":"F839","cap":"80121"},{"nome":"Nocera Inferiore","codice":"065078","regione":"campania","provincia":"salerno","sigla":"SA","codiceCatastale":"F912","cap":"84014"},{"nome":"Nocera Superiore","codice":"065079","regione":"campania","provincia":"salerno","sigla":"SA","codiceCatastale":"F913","cap":"84015"},{"nome":"Nola","codice":"063050","regione":"campania","provincia":"napoli","sigla":"NA","codiceCatastale":"F924","cap":"80035"},{"nome":"Novi Velia","codice":"065080","regione":"campania","provincia":"salerno","sigla":"SA","codiceCatastale":"F967","cap":"84060"},{"nome":"Nusco","codice":"064066","regione":"campania","provincia":"avellino","sigla":"AV","codiceCatastale":"F988","cap":"83051"},{"nome":"Ogliastro Cilento","codice":"065081","regione":"campania","provincia":"salerno","sigla":"SA","codiceCatastale":"G011","cap":"84061"},{"nome":"Olevano sul Tusciano","codice":"065082","regione":"campania","provincia":"salerno","sigla":"SA","codiceCatastale":"G023","cap":"84062"},{"nome":"Oliveto Citra","codice":"065083","regione":"campania","provincia":"salerno","sigla":"SA","codiceCatastale":"G039","cap":"84020"},{"nome":"Omignano","codice":"065084","regione":"campania","provincia":"salerno","sigla":"SA","codiceCatastale":"G063","cap":"84060"},{"nome":"Orria","codice":"065085","regione":"campania","provincia":"salerno","sigla":"SA","codiceCatastale":"G121","cap":"84060"},{"nome":"Orta di Atella","codice":"061053","regione":"campania","provincia":"caserta","sigla":"CE","codiceCatastale":"G130","cap":"81030"},{"nome":"Ospedaletto d'Alpinolo","codice":"064067","regione":"campania","provincia":"avellino","sigla":"AV","codiceCatastale":"G165","cap":"83014"},{"nome":"Ottati","codice":"065086","regione":"campania","provincia":"salerno","sigla":"SA","codiceCatastale":"G192","cap":"84020"},{"nome":"Ottaviano","codice":"063051","regione":"campania","provincia":"napoli","sigla":"NA","codiceCatastale":"G190","cap":"80044"},{"nome":"Padula","codice":"065087","regione":"campania","provincia":"salerno","sigla":"SA","codiceCatastale":"G226","cap":"84034"},{"nome":"Paduli","codice":"062045","regione":"campania","provincia":"benevento","sigla":"BN","codiceCatastale":"G227","cap":"82020"},{"nome":"Pagani","codice":"065088","regione":"campania","provincia":"salerno","sigla":"SA","codiceCatastale":"G230","cap":"84016"},{"nome":"Pago del Vallo di Lauro","codice":"064068","regione":"campania","provincia":"avellino","sigla":"AV","codiceCatastale":"G242","cap":"83020"},{"nome":"Pago Veiano","codice":"062046","regione":"campania","provincia":"benevento","sigla":"BN","codiceCatastale":"G243","cap":"82020"},{"nome":"Palma Campania","codice":"063052","regione":"campania","provincia":"napoli","sigla":"NA","codiceCatastale":"G283","cap":"80036"},{"nome":"Palomonte","codice":"065089","regione":"campania","provincia":"salerno","sigla":"SA","codiceCatastale":"G292","cap":"84020"},{"nome":"Pannarano","codice":"062047","regione":"campania","provincia":"benevento","sigla":"BN","codiceCatastale":"G311","cap":"82017"},{"nome":"Paolisi","codice":"062048","regione":"campania","provincia":"benevento","sigla":"BN","codiceCatastale":"G318","cap":"82011"},{"nome":"Parete","codice":"061054","regione":"campania","provincia":"caserta","sigla":"CE","codiceCatastale":"G333","cap":"81030"},{"nome":"Parolise","codice":"064069","regione":"campania","provincia":"avellino","sigla":"AV","codiceCatastale":"G340","cap":"83050"},{"nome":"Pastorano","codice":"061055","regione":"campania","provincia":"caserta","sigla":"CE","codiceCatastale":"G364","cap":"81050"},{"nome":"Paternopoli","codice":"064070","regione":"campania","provincia":"avellino","sigla":"AV","codiceCatastale":"G370","cap":"83052"},{"nome":"Paupisi","codice":"062049","regione":"campania","provincia":"benevento","sigla":"BN","codiceCatastale":"G386","cap":"82030"},{"nome":"Pellezzano","codice":"065090","regione":"campania","provincia":"salerno","sigla":"SA","codiceCatastale":"G426","cap":"84080"},{"nome":"Perdifumo","codice":"065091","regione":"campania","provincia":"salerno","sigla":"SA","codiceCatastale":"G447","cap":"84060"},{"nome":"Perito","codice":"065092","regione":"campania","provincia":"salerno","sigla":"SA","codiceCatastale":"G455","cap":"84060"},{"nome":"Pertosa","codice":"065093","regione":"campania","provincia":"salerno","sigla":"SA","codiceCatastale":"G476","cap":"84030"},{"nome":"Pesco Sannita","codice":"062050","regione":"campania","provincia":"benevento","sigla":"BN","codiceCatastale":"G494","cap":"82020"},{"nome":"Petina","codice":"065094","regione":"campania","provincia":"salerno","sigla":"SA","codiceCatastale":"G509","cap":"84020"},{"nome":"Petruro Irpino","codice":"064071","regione":"campania","provincia":"avellino","sigla":"AV","codiceCatastale":"G519","cap":"83010"},{"nome":"Piaggine","codice":"065095","regione":"campania","provincia":"salerno","sigla":"SA","codiceCatastale":"G538","cap":"84065"},{"nome":"Piana di Monte Verna","codice":"061056","regione":"campania","provincia":"caserta","sigla":"CE","codiceCatastale":"G541","cap":"81013"},{"nome":"Piano di Sorrento","codice":"063053","regione":"campania","provincia":"napoli","sigla":"NA","codiceCatastale":"G568","cap":"80063"},{"nome":"Piedimonte Matese","codice":"061057","regione":"campania","provincia":"caserta","sigla":"CE","codiceCatastale":"G596","cap":"81016"},{"nome":"Pietradefusi","codice":"064072","regione":"campania","provincia":"avellino","sigla":"AV","codiceCatastale":"G611","cap":"83030"},{"nome":"Pietramelara","codice":"061058","regione":"campania","provincia":"caserta","sigla":"CE","codiceCatastale":"G620","cap":"81051"},{"nome":"Pietraroja","codice":"062051","regione":"campania","provincia":"benevento","sigla":"BN","codiceCatastale":"G626","cap":"82030"},{"nome":"Pietrastornina","codice":"064073","regione":"campania","provincia":"avellino","sigla":"AV","codiceCatastale":"G629","cap":"83015"},{"nome":"Pietravairano","codice":"061059","regione":"campania","provincia":"caserta","sigla":"CE","codiceCatastale":"G630","cap":"81040"},{"nome":"Pietrelcina","codice":"062052","regione":"campania","provincia":"benevento","sigla":"BN","codiceCatastale":"G631","cap":"82020"},{"nome":"Pignataro Maggiore","codice":"061060","regione":"campania","provincia":"caserta","sigla":"CE","codiceCatastale":"G661","cap":"81052"},{"nome":"Pimonte","codice":"063054","regione":"campania","provincia":"napoli","sigla":"NA","codiceCatastale":"G670","cap":"80050"},{"nome":"Pisciotta","codice":"065096","regione":"campania","provincia":"salerno","sigla":"SA","codiceCatastale":"G707","cap":"84066"},{"nome":"Poggiomarino","codice":"063055","regione":"campania","provincia":"napoli","sigla":"NA","codiceCatastale":"G762","cap":"80040"},{"nome":"Polla","codice":"065097","regione":"campania","provincia":"salerno","sigla":"SA","codiceCatastale":"G793","cap":"84035"},{"nome":"Pollena Trocchia","codice":"063056","regione":"campania","provincia":"napoli","sigla":"NA","codiceCatastale":"G795","cap":"80040"},{"nome":"Pollica","codice":"065098","regione":"campania","provincia":"salerno","sigla":"SA","codiceCatastale":"G796","cap":"84068"},{"nome":"Pomigliano d'Arco","codice":"063057","regione":"campania","provincia":"napoli","sigla":"NA","codiceCatastale":"G812","cap":"80038"},{"nome":"Pompei","codice":"063058","regione":"campania","provincia":"napoli","sigla":"NA","codiceCatastale":"G813","cap":"80045"},{"nome":"Ponte","codice":"062053","regione":"campania","provincia":"benevento","sigla":"BN","codiceCatastale":"G827","cap":"82030"},{"nome":"Pontecagnano Faiano","codice":"065099","regione":"campania","provincia":"salerno","sigla":"SA","codiceCatastale":"G834","cap":"84098"},{"nome":"Pontelandolfo","codice":"062054","regione":"campania","provincia":"benevento","sigla":"BN","codiceCatastale":"G848","cap":"82027"},{"nome":"Pontelatone","codice":"061061","regione":"campania","provincia":"caserta","sigla":"CE","codiceCatastale":"G849","cap":"81040"},{"nome":"Portici","codice":"063059","regione":"campania","provincia":"napoli","sigla":"NA","codiceCatastale":"G902","cap":"80055"},{"nome":"Portico di Caserta","codice":"061062","regione":"campania","provincia":"caserta","sigla":"CE","codiceCatastale":"G903","cap":"81050"},{"nome":"Positano","codice":"065100","regione":"campania","provincia":"salerno","sigla":"SA","codiceCatastale":"G932","cap":"84017"},{"nome":"Postiglione","codice":"065101","regione":"campania","provincia":"salerno","sigla":"SA","codiceCatastale":"G939","cap":"84026"},{"nome":"Pozzuoli","codice":"063060","regione":"campania","provincia":"napoli","sigla":"NA","codiceCatastale":"G964","cap":"80078"},{"nome":"Praiano","codice":"065102","regione":"campania","provincia":"salerno","sigla":"SA","codiceCatastale":"G976","cap":"84010"},{"nome":"Prata di Principato Ultra","codice":"064074","regione":"campania","provincia":"avellino","sigla":"AV","codiceCatastale":"G990","cap":"83030"},{"nome":"Prata Sannita","codice":"061063","regione":"campania","provincia":"caserta","sigla":"CE","codiceCatastale":"G991","cap":"81010"},{"nome":"Pratella","codice":"061064","regione":"campania","provincia":"caserta","sigla":"CE","codiceCatastale":"G995","cap":"81010"},{"nome":"Pratola Serra","codice":"064075","regione":"campania","provincia":"avellino","sigla":"AV","codiceCatastale":"H006","cap":"83039"},{"nome":"Presenzano","codice":"061065","regione":"campania","provincia":"caserta","sigla":"CE","codiceCatastale":"H045","cap":"81050"},{"nome":"Prignano Cilento","codice":"065103","regione":"campania","provincia":"salerno","sigla":"SA","codiceCatastale":"H062","cap":"84060"},{"nome":"Procida","codice":"063061","regione":"campania","provincia":"napoli","sigla":"NA","codiceCatastale":"H072","cap":"80079"},{"nome":"Puglianello","codice":"062055","regione":"campania","provincia":"benevento","sigla":"BN","codiceCatastale":"H087","cap":"82030"},{"nome":"Quadrelle","codice":"064076","regione":"campania","provincia":"avellino","sigla":"AV","codiceCatastale":"H097","cap":"83020"},{"nome":"Qualiano","codice":"063062","regione":"campania","provincia":"napoli","sigla":"NA","codiceCatastale":"H101","cap":"80019"},{"nome":"Quarto","codice":"063063","regione":"campania","provincia":"napoli","sigla":"NA","codiceCatastale":"H114","cap":"80010"},{"nome":"Quindici","codice":"064077","regione":"campania","provincia":"avellino","sigla":"AV","codiceCatastale":"H128","cap":"83020"},{"nome":"Ravello","codice":"065104","regione":"campania","provincia":"salerno","sigla":"SA","codiceCatastale":"H198","cap":"84010"},{"nome":"Raviscanina","codice":"061066","regione":"campania","provincia":"caserta","sigla":"CE","codiceCatastale":"H202","cap":"81017"},{"nome":"Recale","codice":"061067","regione":"campania","provincia":"caserta","sigla":"CE","codiceCatastale":"H210","cap":"81020"},{"nome":"Reino","codice":"062056","regione":"campania","provincia":"benevento","sigla":"BN","codiceCatastale":"H227","cap":"82020"},{"nome":"Riardo","codice":"061068","regione":"campania","provincia":"caserta","sigla":"CE","codiceCatastale":"H268","cap":"81053"},{"nome":"Ricigliano","codice":"065105","regione":"campania","provincia":"salerno","sigla":"SA","codiceCatastale":"H277","cap":"84020"},{"nome":"Rocca d'Evandro","codice":"061069","regione":"campania","provincia":"caserta","sigla":"CE","codiceCatastale":"H398","cap":"81040"},{"nome":"Rocca San Felice","codice":"064079","regione":"campania","provincia":"avellino","sigla":"AV","codiceCatastale":"H438","cap":"83050"},{"nome":"Roccabascerana","codice":"064078","regione":"campania","provincia":"avellino","sigla":"AV","codiceCatastale":"H382","cap":"83016"},{"nome":"Roccadaspide","codice":"065106","regione":"campania","provincia":"salerno","sigla":"SA","codiceCatastale":"H394","cap":"84069"},{"nome":"Roccagloriosa","codice":"065107","regione":"campania","provincia":"salerno","sigla":"SA","codiceCatastale":"H412","cap":"84060"},{"nome":"Roccamonfina","codice":"061070","regione":"campania","provincia":"caserta","sigla":"CE","codiceCatastale":"H423","cap":"81035"},{"nome":"Roccapiemonte","codice":"065108","regione":"campania","provincia":"salerno","sigla":"SA","codiceCatastale":"H431","cap":"84086"},{"nome":"Roccarainola","codice":"063065","regione":"campania","provincia":"napoli","sigla":"NA","codiceCatastale":"H433","cap":"80030"},{"nome":"Roccaromana","codice":"061071","regione":"campania","provincia":"caserta","sigla":"CE","codiceCatastale":"H436","cap":"81051"},{"nome":"Rocchetta e Croce","codice":"061072","regione":"campania","provincia":"caserta","sigla":"CE","codiceCatastale":"H459","cap":"81042"},{"nome":"Rofrano","codice":"065109","regione":"campania","provincia":"salerno","sigla":"SA","codiceCatastale":"H485","cap":"84070"},{"nome":"Romagnano al Monte","codice":"065110","regione":"campania","provincia":"salerno","sigla":"SA","codiceCatastale":"H503","cap":"84020"},{"nome":"Roscigno","codice":"065111","regione":"campania","provincia":"salerno","sigla":"SA","codiceCatastale":"H564","cap":"84020"},{"nome":"Rotondi","codice":"064080","regione":"campania","provincia":"avellino","sigla":"AV","codiceCatastale":"H592","cap":"83017"},{"nome":"Rutino","codice":"065112","regione":"campania","provincia":"salerno","sigla":"SA","codiceCatastale":"H644","cap":"84070"},{"nome":"Ruviano","codice":"061073","regione":"campania","provincia":"caserta","sigla":"CE","codiceCatastale":"H165","cap":"81010"},{"nome":"Sacco","codice":"065113","regione":"campania","provincia":"salerno","sigla":"SA","codiceCatastale":"H654","cap":"84070"},{"nome":"Sala Consilina","codice":"065114","regione":"campania","provincia":"salerno","sigla":"SA","codiceCatastale":"H683","cap":"84036"},{"nome":"Salento","codice":"065115","regione":"campania","provincia":"salerno","sigla":"SA","codiceCatastale":"H686","cap":"84070"},{"nome":"Salerno","codice":"065116","regione":"campania","provincia":"salerno","sigla":"SA","codiceCatastale":"H703","cap":"84121"},{"nome":"Salvitelle","codice":"065117","regione":"campania","provincia":"salerno","sigla":"SA","codiceCatastale":"H732","cap":"84020"},{"nome":"Salza Irpina","codice":"064081","regione":"campania","provincia":"avellino","sigla":"AV","codiceCatastale":"H733","cap":"83050"},{"nome":"San Bartolomeo in Galdo","codice":"062057","regione":"campania","provincia":"benevento","sigla":"BN","codiceCatastale":"H764","cap":"82028"},{"nome":"San Cipriano d'Aversa","codice":"061074","regione":"campania","provincia":"caserta","sigla":"CE","codiceCatastale":"H798","cap":"81036"},{"nome":"San Cipriano Picentino","codice":"065118","regione":"campania","provincia":"salerno","sigla":"SA","codiceCatastale":"H800","cap":"84099"},{"nome":"San Felice a Cancello","codice":"061075","regione":"campania","provincia":"caserta","sigla":"CE","codiceCatastale":"H834","cap":"81027"},{"nome":"San Gennaro Vesuviano","codice":"063066","regione":"campania","provincia":"napoli","sigla":"NA","codiceCatastale":"H860","cap":"80040"},{"nome":"San Giorgio a Cremano","codice":"063067","regione":"campania","provincia":"napoli","sigla":"NA","codiceCatastale":"H892","cap":"80046"},{"nome":"San Giorgio del Sannio","codice":"062058","regione":"campania","provincia":"benevento","sigla":"BN","codiceCatastale":"H894","cap":"82018"},{"nome":"San Giorgio La Molara","codice":"062059","regione":"campania","provincia":"benevento","sigla":"BN","codiceCatastale":"H898","cap":"82020"},{"nome":"San Giovanni a Piro","codice":"065119","regione":"campania","provincia":"salerno","sigla":"SA","codiceCatastale":"H907","cap":"84070"},{"nome":"San Giuseppe Vesuviano","codice":"063068","regione":"campania","provincia":"napoli","sigla":"NA","codiceCatastale":"H931","cap":"80047"},{"nome":"San Gregorio Magno","codice":"065120","regione":"campania","provincia":"salerno","sigla":"SA","codiceCatastale":"H943","cap":"84020"},{"nome":"San Gregorio Matese","codice":"061076","regione":"campania","provincia":"caserta","sigla":"CE","codiceCatastale":"H939","cap":"81010"},{"nome":"San Leucio del Sannio","codice":"062060","regione":"campania","provincia":"benevento","sigla":"BN","codiceCatastale":"H953","cap":"82010"},{"nome":"San Lorenzello","codice":"062061","regione":"campania","provincia":"benevento","sigla":"BN","codiceCatastale":"H955","cap":"82030"},{"nome":"San Lorenzo Maggiore","codice":"062062","regione":"campania","provincia":"benevento","sigla":"BN","codiceCatastale":"H967","cap":"82034"},{"nome":"San Lupo","codice":"062063","regione":"campania","provincia":"benevento","sigla":"BN","codiceCatastale":"H973","cap":"82034"},{"nome":"San Mango Piemonte","codice":"065121","regione":"campania","provincia":"salerno","sigla":"SA","codiceCatastale":"H977","cap":"84090"},{"nome":"San Mango sul Calore","codice":"064082","regione":"campania","provincia":"avellino","sigla":"AV","codiceCatastale":"H975","cap":"83050"},{"nome":"San Marcellino","codice":"061077","regione":"campania","provincia":"caserta","sigla":"CE","codiceCatastale":"H978","cap":"81030"},{"nome":"San Marco dei Cavoti","codice":"062064","regione":"campania","provincia":"benevento","sigla":"BN","codiceCatastale":"H984","cap":"82029"},{"nome":"San Marco Evangelista","codice":"061104","regione":"campania","provincia":"caserta","sigla":"CE","codiceCatastale":"F043","cap":"81020"},{"nome":"San Martino Sannita","codice":"062065","regione":"campania","provincia":"benevento","sigla":"BN","codiceCatastale":"I002","cap":"82010"},{"nome":"San Martino Valle Caudina","codice":"064083","regione":"campania","provincia":"avellino","sigla":"AV","codiceCatastale":"I016","cap":"83018"},{"nome":"San Marzano sul Sarno","codice":"065122","regione":"campania","provincia":"salerno","sigla":"SA","codiceCatastale":"I019","cap":"84010"},{"nome":"San Mauro Cilento","codice":"065123","regione":"campania","provincia":"salerno","sigla":"SA","codiceCatastale":"I031","cap":"84070"},{"nome":"San Mauro la Bruca","codice":"065124","regione":"campania","provincia":"salerno","sigla":"SA","codiceCatastale":"I032","cap":"84070"},{"nome":"San Michele di Serino","codice":"064084","regione":"campania","provincia":"avellino","sigla":"AV","codiceCatastale":"I034","cap":"83020"},{"nome":"San Nazzaro","codice":"062066","regione":"campania","provincia":"benevento","sigla":"BN","codiceCatastale":"I049","cap":"82018"},{"nome":"San Nicola Baronia","codice":"064085","regione":"campania","provincia":"avellino","sigla":"AV","codiceCatastale":"I061","cap":"83050"},{"nome":"San Nicola la Strada","codice":"061078","regione":"campania","provincia":"caserta","sigla":"CE","codiceCatastale":"I056","cap":"81020"},{"nome":"San Nicola Manfredi","codice":"062067","regione":"campania","provincia":"benevento","sigla":"BN","codiceCatastale":"I062","cap":"82010"},{"nome":"San Paolo Bel Sito","codice":"063069","regione":"campania","provincia":"napoli","sigla":"NA","codiceCatastale":"I073","cap":"80030"},{"nome":"San Pietro al Tanagro","codice":"065125","regione":"campania","provincia":"salerno","sigla":"SA","codiceCatastale":"I089","cap":"84030"},{"nome":"San Pietro Infine","codice":"061079","regione":"campania","provincia":"caserta","sigla":"CE","codiceCatastale":"I113","cap":"81049"},{"nome":"San Potito Sannitico","codice":"061080","regione":"campania","provincia":"caserta","sigla":"CE","codiceCatastale":"I130","cap":"81016"},{"nome":"San Potito Ultra","codice":"064086","regione":"campania","provincia":"avellino","sigla":"AV","codiceCatastale":"I129","cap":"83050"},{"nome":"San Prisco","codice":"061081","regione":"campania","provincia":"caserta","sigla":"CE","codiceCatastale":"I131","cap":"81054"},{"nome":"San Rufo","codice":"065126","regione":"campania","provincia":"salerno","sigla":"SA","codiceCatastale":"I143","cap":"84030"},{"nome":"San Salvatore Telesino","codice":"062068","regione":"campania","provincia":"benevento","sigla":"BN","codiceCatastale":"I145","cap":"82030"},{"nome":"San Sebastiano al Vesuvio","codice":"063070","regione":"campania","provincia":"napoli","sigla":"NA","codiceCatastale":"I151","cap":"80040"},{"nome":"San Sossio Baronia","codice":"064087","regione":"campania","provincia":"avellino","sigla":"AV","codiceCatastale":"I163","cap":"83050"},{"nome":"San Tammaro","codice":"061085","regione":"campania","provincia":"caserta","sigla":"CE","codiceCatastale":"I261","cap":"81050"},{"nome":"San Valentino Torio","codice":"065132","regione":"campania","provincia":"salerno","sigla":"SA","codiceCatastale":"I377","cap":"84010"},{"nome":"San Vitaliano","codice":"063075","regione":"campania","provincia":"napoli","sigla":"NA","codiceCatastale":"I391","cap":"80030"},{"nome":"Sant'Agata de' Goti","codice":"062070","regione":"campania","provincia":"benevento","sigla":"BN","codiceCatastale":"I197","cap":"82019"},{"nome":"Sant'Agnello","codice":"063071","regione":"campania","provincia":"napoli","sigla":"NA","codiceCatastale":"I208","cap":"80065"},{"nome":"Sant'Anastasia","codice":"063072","regione":"campania","provincia":"napoli","sigla":"NA","codiceCatastale":"I262","cap":"80048"},{"nome":"Sant'Andrea di Conza","codice":"064089","regione":"campania","provincia":"avellino","sigla":"AV","codiceCatastale":"I264","cap":"83053"},{"nome":"Sant'Angelo a Cupolo","codice":"062071","regione":"campania","provincia":"benevento","sigla":"BN","codiceCatastale":"I277","cap":"82010"},{"nome":"Sant'Angelo a Fasanella","codice":"065128","regione":"campania","provincia":"salerno","sigla":"SA","codiceCatastale":"I278","cap":"84027"},{"nome":"Sant'Angelo a Scala","codice":"064091","regione":"campania","provincia":"avellino","sigla":"AV","codiceCatastale":"I280","cap":"83010"},{"nome":"Sant'Angelo all'Esca","codice":"064090","regione":"campania","provincia":"avellino","sigla":"AV","codiceCatastale":"I279","cap":"83050"},{"nome":"Sant'Angelo d'Alife","codice":"061086","regione":"campania","provincia":"caserta","sigla":"CE","codiceCatastale":"I273","cap":"81017"},{"nome":"Sant'Angelo dei Lombardi","codice":"064092","regione":"campania","provincia":"avellino","sigla":"AV","codiceCatastale":"I281","cap":"83054"},{"nome":"Sant'Antimo","codice":"063073","regione":"campania","provincia":"napoli","sigla":"NA","codiceCatastale":"I293","cap":"80029"},{"nome":"Sant'Antonio Abate","codice":"063074","regione":"campania","provincia":"napoli","sigla":"NA","codiceCatastale":"I300","cap":"80057"},{"nome":"Sant'Arcangelo Trimonte","codice":"062078","regione":"campania","provincia":"benevento","sigla":"BN","codiceCatastale":"F557","cap":"82021"},{"nome":"Sant'Arpino","codice":"061087","regione":"campania","provincia":"caserta","sigla":"CE","codiceCatastale":"I306","cap":"81030"},{"nome":"Sant'Arsenio","codice":"065129","regione":"campania","provincia":"salerno","sigla":"SA","codiceCatastale":"I307","cap":"84037"},{"nome":"Sant'Egidio del Monte Albino","codice":"065130","regione":"campania","provincia":"salerno","sigla":"SA","codiceCatastale":"I317","cap":"84010"},{"nome":"Santa Croce del Sannio","codice":"062069","regione":"campania","provincia":"benevento","sigla":"BN","codiceCatastale":"I179","cap":"82020"},{"nome":"Santa Lucia di Serino","codice":"064088","regione":"campania","provincia":"avellino","sigla":"AV","codiceCatastale":"I219","cap":"83020"},{"nome":"Santa Maria a Vico","codice":"061082","regione":"campania","provincia":"caserta","sigla":"CE","codiceCatastale":"I233","cap":"81028"},{"nome":"Santa Maria Capua Vetere","codice":"061083","regione":"campania","provincia":"caserta","sigla":"CE","codiceCatastale":"I234","cap":"81055"},{"nome":"Santa Maria la Carit","codice":"063090","regione":"campania","provincia":"napoli","sigla":"NA","codiceCatastale":"M273","cap":"80050"},{"nome":"Santa Maria la Fossa","codice":"061084","regione":"campania","provincia":"caserta","sigla":"CE","codiceCatastale":"I247","cap":"81050"},{"nome":"Santa Marina","codice":"065127","regione":"campania","provincia":"salerno","sigla":"SA","codiceCatastale":"I253","cap":"84067"},{"nome":"Santa Paolina","codice":"064093","regione":"campania","provincia":"avellino","sigla":"AV","codiceCatastale":"I301","cap":"83030"},{"nome":"Santo Stefano del Sole","codice":"064095","regione":"campania","provincia":"avellino","sigla":"AV","codiceCatastale":"I357","cap":"83050"},{"nome":"Santomenna","codice":"065131","regione":"campania","provincia":"salerno","sigla":"SA","codiceCatastale":"I260","cap":"84020"},{"nome":"Sanza","codice":"065133","regione":"campania","provincia":"salerno","sigla":"SA","codiceCatastale":"I410","cap":"84030"},{"nome":"Sapri","codice":"065134","regione":"campania","provincia":"salerno","sigla":"SA","codiceCatastale":"I422","cap":"84073"},{"nome":"Sarno","codice":"065135","regione":"campania","provincia":"salerno","sigla":"SA","codiceCatastale":"I438","cap":"84087"},{"nome":"Sassano","codice":"065136","regione":"campania","provincia":"salerno","sigla":"SA","codiceCatastale":"I451","cap":"84038"},{"nome":"Sassinoro","codice":"062072","regione":"campania","provincia":"benevento","sigla":"BN","codiceCatastale":"I455","cap":"82026"},{"nome":"Saviano","codice":"063076","regione":"campania","provincia":"napoli","sigla":"NA","codiceCatastale":"I469","cap":"80039"},{"nome":"Savignano Irpino","codice":"064096","regione":"campania","provincia":"avellino","sigla":"AV","codiceCatastale":"I471","cap":"83030"},{"nome":"Scafati","codice":"065137","regione":"campania","provincia":"salerno","sigla":"SA","codiceCatastale":"I483","cap":"84018"},{"nome":"Scala","codice":"065138","regione":"campania","provincia":"salerno","sigla":"SA","codiceCatastale":"I486","cap":"84010"},{"nome":"Scampitella","codice":"064097","regione":"campania","provincia":"avellino","sigla":"AV","codiceCatastale":"I493","cap":"83050"},{"nome":"Scisciano","codice":"063077","regione":"campania","provincia":"napoli","sigla":"NA","codiceCatastale":"I540","cap":"80030"},{"nome":"Senerchia","codice":"064098","regione":"campania","provincia":"avellino","sigla":"AV","codiceCatastale":"I606","cap":"83050"},{"nome":"Serino","codice":"064099","regione":"campania","provincia":"avellino","sigla":"AV","codiceCatastale":"I630","cap":"83028"},{"nome":"Serramezzana","codice":"065139","regione":"campania","provincia":"salerno","sigla":"SA","codiceCatastale":"I648","cap":"84070"},{"nome":"Serrara Fontana","codice":"063078","regione":"campania","provincia":"napoli","sigla":"NA","codiceCatastale":"I652","cap":"80081"},{"nome":"Serre","codice":"065140","regione":"campania","provincia":"salerno","sigla":"SA","codiceCatastale":"I666","cap":"84028"},{"nome":"Sessa Aurunca","codice":"061088","regione":"campania","provincia":"caserta","sigla":"CE","codiceCatastale":"I676","cap":"81037"},{"nome":"Sessa Cilento","codice":"065141","regione":"campania","provincia":"salerno","sigla":"SA","codiceCatastale":"I677","cap":"84074"},{"nome":"Siano","codice":"065142","regione":"campania","provincia":"salerno","sigla":"SA","codiceCatastale":"I720","cap":"84088"},{"nome":"Sicignano degli Alburni","codice":"065143","regione":"campania","provincia":"salerno","sigla":"SA","codiceCatastale":"M253","cap":"84029"},{"nome":"Sirignano","codice":"064100","regione":"campania","provincia":"avellino","sigla":"AV","codiceCatastale":"I756","cap":"83020"},{"nome":"Solofra","codice":"064101","regione":"campania","provincia":"avellino","sigla":"AV","codiceCatastale":"I805","cap":"83029"},{"nome":"Solopaca","codice":"062073","regione":"campania","provincia":"benevento","sigla":"BN","codiceCatastale":"I809","cap":"82036"},{"nome":"Somma Vesuviana","codice":"063079","regione":"campania","provincia":"napoli","sigla":"NA","codiceCatastale":"I820","cap":"80049"},{"nome":"Sorbo Serpico","codice":"064102","regione":"campania","provincia":"avellino","sigla":"AV","codiceCatastale":"I843","cap":"83050"},{"nome":"Sorrento","codice":"063080","regione":"campania","provincia":"napoli","sigla":"NA","codiceCatastale":"I862","cap":"80067"},{"nome":"Sparanise","codice":"061089","regione":"campania","provincia":"caserta","sigla":"CE","codiceCatastale":"I885","cap":"81056"},{"nome":"Sperone","codice":"064103","regione":"campania","provincia":"avellino","sigla":"AV","codiceCatastale":"I893","cap":"83020"},{"nome":"Stella Cilento","codice":"065144","regione":"campania","provincia":"salerno","sigla":"SA","codiceCatastale":"G887","cap":"84070"},{"nome":"Stio","codice":"065145","regione":"campania","provincia":"salerno","sigla":"SA","codiceCatastale":"I960","cap":"84075"},{"nome":"Striano","codice":"063081","regione":"campania","provincia":"napoli","sigla":"NA","codiceCatastale":"I978","cap":"80040"},{"nome":"Sturno","codice":"064104","regione":"campania","provincia":"avellino","sigla":"AV","codiceCatastale":"I990","cap":"83055"},{"nome":"Succivo","codice":"061090","regione":"campania","provincia":"caserta","sigla":"CE","codiceCatastale":"I993","cap":"81030"},{"nome":"Summonte","codice":"064105","regione":"campania","provincia":"avellino","sigla":"AV","codiceCatastale":"L004","cap":"83010"},{"nome":"Taurano","codice":"064106","regione":"campania","provincia":"avellino","sigla":"AV","codiceCatastale":"L061","cap":"83020"},{"nome":"Taurasi","codice":"064107","regione":"campania","provincia":"avellino","sigla":"AV","codiceCatastale":"L062","cap":"83030"},{"nome":"Teano","codice":"061091","regione":"campania","provincia":"caserta","sigla":"CE","codiceCatastale":"L083","cap":"81057"},{"nome":"Teggiano","codice":"065146","regione":"campania","provincia":"salerno","sigla":"SA","codiceCatastale":"D292","cap":"84039"},{"nome":"Telese Terme","codice":"062074","regione":"campania","provincia":"benevento","sigla":"BN","codiceCatastale":"L086","cap":"82037"},{"nome":"Teora","codice":"064108","regione":"campania","provincia":"avellino","sigla":"AV","codiceCatastale":"L102","cap":"83056"},{"nome":"Terzigno","codice":"063082","regione":"campania","provincia":"napoli","sigla":"NA","codiceCatastale":"L142","cap":"80040"},{"nome":"Teverola","codice":"061092","regione":"campania","provincia":"caserta","sigla":"CE","codiceCatastale":"L155","cap":"81030"},{"nome":"Tocco Caudio","codice":"062075","regione":"campania","provincia":"benevento","sigla":"BN","codiceCatastale":"L185","cap":"82030"},{"nome":"Tora e Piccilli","codice":"061093","regione":"campania","provincia":"caserta","sigla":"CE","codiceCatastale":"L205","cap":"81044"},{"nome":"Torchiara","codice":"065147","regione":"campania","provincia":"salerno","sigla":"SA","codiceCatastale":"L212","cap":"84076"},{"nome":"Torella dei Lombardi","codice":"064109","regione":"campania","provincia":"avellino","sigla":"AV","codiceCatastale":"L214","cap":"83057"},{"nome":"Torraca","codice":"065148","regione":"campania","provincia":"salerno","sigla":"SA","codiceCatastale":"L233","cap":"84030"},{"nome":"Torre Annunziata","codice":"063083","regione":"campania","provincia":"napoli","sigla":"NA","codiceCatastale":"L245","cap":"80058"},{"nome":"Torre del Greco","codice":"063084","regione":"campania","provincia":"napoli","sigla":"NA","codiceCatastale":"L259","cap":"80059"},{"nome":"Torre Le Nocelle","codice":"064110","regione":"campania","provincia":"avellino","sigla":"AV","codiceCatastale":"L272","cap":"83030"},{"nome":"Torre Orsaia","codice":"065149","regione":"campania","provincia":"salerno","sigla":"SA","codiceCatastale":"L274","cap":"84077"},{"nome":"Torrecuso","codice":"062076","regione":"campania","provincia":"benevento","sigla":"BN","codiceCatastale":"L254","cap":"82030"},{"nome":"Torrioni","codice":"064111","regione":"campania","provincia":"avellino","sigla":"AV","codiceCatastale":"L301","cap":"83010"},{"nome":"Tortorella","codice":"065150","regione":"campania","provincia":"salerno","sigla":"SA","codiceCatastale":"L306","cap":"84030"},{"nome":"Tramonti","codice":"065151","regione":"campania","provincia":"salerno","sigla":"SA","codiceCatastale":"L323","cap":"84010"},{"nome":"Trecase","codice":"063091","regione":"campania","provincia":"napoli","sigla":"NA","codiceCatastale":"M280","cap":"80040"},{"nome":"Trentinara","codice":"065152","regione":"campania","provincia":"salerno","sigla":"SA","codiceCatastale":"L377","cap":"84070"},{"nome":"Trentola Ducenta","codice":"061094","regione":"campania","provincia":"caserta","sigla":"CE","codiceCatastale":"L379","cap":"81038"},{"nome":"Trevico","codice":"064112","regione":"campania","provincia":"avellino","sigla":"AV","codiceCatastale":"L399","cap":"83058"},{"nome":"Tufino","codice":"063085","regione":"campania","provincia":"napoli","sigla":"NA","codiceCatastale":"L460","cap":"80030"},{"nome":"Tufo","codice":"064113","regione":"campania","provincia":"avellino","sigla":"AV","codiceCatastale":"L461","cap":"83010"},{"nome":"Vairano Patenora","codice":"061095","regione":"campania","provincia":"caserta","sigla":"CE","codiceCatastale":"L540","cap":"81058"},{"nome":"Vallata","codice":"064114","regione":"campania","provincia":"avellino","sigla":"AV","codiceCatastale":"L589","cap":"83059"},{"nome":"Valle Agricola","codice":"061096","regione":"campania","provincia":"caserta","sigla":"CE","codiceCatastale":"L594","cap":"81010"},{"nome":"Valle dell'Angelo","codice":"065153","regione":"campania","provincia":"salerno","sigla":"SA","codiceCatastale":"G540","cap":"84070"},{"nome":"Valle di Maddaloni","codice":"061097","regione":"campania","provincia":"caserta","sigla":"CE","codiceCatastale":"L591","cap":"81020"},{"nome":"Vallesaccarda","codice":"064115","regione":"campania","provincia":"avellino","sigla":"AV","codiceCatastale":"L616","cap":"83050"},{"nome":"Vallo della Lucania","codice":"065154","regione":"campania","provincia":"salerno","sigla":"SA","codiceCatastale":"L628","cap":"84078"},{"nome":"Valva","codice":"065155","regione":"campania","provincia":"salerno","sigla":"SA","codiceCatastale":"L656","cap":"84020"},{"nome":"Venticano","codice":"064116","regione":"campania","provincia":"avellino","sigla":"AV","codiceCatastale":"L739","cap":"83030"},{"nome":"Vibonati","codice":"065156","regione":"campania","provincia":"salerno","sigla":"SA","codiceCatastale":"L835","cap":"84079"},{"nome":"Vico Equense","codice":"063086","regione":"campania","provincia":"napoli","sigla":"NA","codiceCatastale":"L845","cap":"80069"},{"nome":"Vietri sul Mare","codice":"065157","regione":"campania","provincia":"salerno","sigla":"SA","codiceCatastale":"L860","cap":"84019"},{"nome":"Villa di Briano","codice":"061098","regione":"campania","provincia":"caserta","sigla":"CE","codiceCatastale":"D801","cap":"81030"},{"nome":"Villa Literno","codice":"061099","regione":"campania","provincia":"caserta","sigla":"CE","codiceCatastale":"L844","cap":"81039"},{"nome":"Villamaina","codice":"064117","regione":"campania","provincia":"avellino","sigla":"AV","codiceCatastale":"L965","cap":"83050"},{"nome":"Villanova del Battista","codice":"064118","regione":"campania","provincia":"avellino","sigla":"AV","codiceCatastale":"L973","cap":"83030"},{"nome":"Villaricca","codice":"063087","regione":"campania","provincia":"napoli","sigla":"NA","codiceCatastale":"G309","cap":"80010"},{"nome":"Visciano","codice":"063088","regione":"campania","provincia":"napoli","sigla":"NA","codiceCatastale":"M072","cap":"80030"},{"nome":"Vitulano","codice":"062077","regione":"campania","provincia":"benevento","sigla":"BN","codiceCatastale":"M093","cap":"82038"},{"nome":"Vitulazio","codice":"061100","regione":"campania","provincia":"caserta","sigla":"CE","codiceCatastale":"M092","cap":"81041"},{"nome":"Volla","codice":"063089","regione":"campania","provincia":"napoli","sigla":"NA","codiceCatastale":"M115","cap":"80040"},{"nome":"Volturara Irpina","codice":"064119","regione":"campania","provincia":"avellino","sigla":"AV","codiceCatastale":"M130","cap":"83050"},{"nome":"Zungoli","codice":"064120","regione":"campania","provincia":"avellino","sigla":"AV","codiceCatastale":"M203","cap":"83030"}]