[{"nome":"Agazzano","codice":"033001","regione":"emilia romagna","provincia":"piacenza","codiceCatastale":"A067","cap":"29010","coordinate":{"lat":44.9467407,"lng":9.5197037}},{"nome":"Albareto","codice":"034001","regione":"emilia romagna","provincia":"parma","codiceCatastale":"A138","cap":"43051","coordinate":{"lat":44.4475,"lng":9.7011111}},{"nome":"Albinea","codice":"035001","regione":"emilia romagna","provincia":"reggio emilia","codiceCatastale":"A162","cap":"42020","coordinate":{"lat":44.621631,"lng":10.604814}},{"nome":"Alfonsine","codice":"039001","regione":"emilia romagna","provincia":"ravenna","codiceCatastale":"A191","cap":"48011","coordinate":{"lat":44.5062592,"lng":12.0414259}},{"nome":"Alseno","codice":"033002","regione":"emilia romagna","provincia":"piacenza","codiceCatastale":"A223","cap":"29010","coordinate":{"lat":44.896987,"lng":9.966562}},{"nome":"Anzola dell'Emilia","codice":"037001","regione":"emilia romagna","provincia":"bologna","codiceCatastale":"A324","cap":"40011","coordinate":{"lat":44.5473518,"lng":11.1956296}},{"nome":"Argelato","codice":"037002","regione":"emilia romagna","provincia":"bologna","codiceCatastale":"A392","cap":"40050","coordinate":{"lat":44.6425,"lng":11.3489259}},{"nome":"Argenta","codice":"038001","regione":"emilia romagna","provincia":"ferrara","codiceCatastale":"A393","cap":"44011","coordinate":{"lat":44.6139161,"lng":11.8367898}},{"nome":"Bagnacavallo","codice":"039002","regione":"emilia romagna","provincia":"ravenna","codiceCatastale":"A547","cap":"48012","coordinate":{"lat":44.4134444,"lng":11.9781296}},{"nome":"Bagnara di Romagna","codice":"039003","regione":"emilia romagna","provincia":"ravenna","codiceCatastale":"A551","cap":"48031","coordinate":{"lat":44.38929,"lng":11.826567}},{"nome":"Bagno di Romagna","codice":"040001","regione":"emilia romagna","provincia":"forlì-cesena","codiceCatastale":"A565","cap":"47021","coordinate":{"lat":43.8336023,"lng":11.9599109}},{"nome":"Bagnolo in Piano","codice":"035002","regione":"emilia romagna","provincia":"reggio emilia","codiceCatastale":"A573","cap":"42011","coordinate":{"lat":44.7639074,"lng":10.6743888}},{"nome":"Baiso","codice":"035003","regione":"emilia romagna","provincia":"reggio emilia","codiceCatastale":"A586","cap":"42031","coordinate":{"lat":44.5020546,"lng":10.6048322}},{"nome":"Bardi","codice":"034002","regione":"emilia romagna","provincia":"parma","codiceCatastale":"A646","cap":"43032","coordinate":{"lat":44.6339074,"lng":9.7312592}},{"nome":"Baricella","codice":"037003","regione":"emilia romagna","provincia":"bologna","codiceCatastale":"A665","cap":"40052","coordinate":{"lat":44.6476666,"lng":11.5356481}},{"nome":"Bastiglia","codice":"036001","regione":"emilia romagna","provincia":"modena","codiceCatastale":"A713","cap":"41030","coordinate":{"lat":44.7279814,"lng":10.9997037}},{"nome":"Bedonia","codice":"034003","regione":"emilia romagna","provincia":"parma","codiceCatastale":"A731","cap":"43041","coordinate":{"lat":44.501892,"lng":9.633926}},{"nome":"Bellaria-Igea Marina","codice":"099001","regione":"emilia romagna","provincia":"rimini","codiceCatastale":"A747","cap":"47814","coordinate":{"lat":44.141301,"lng":12.472117}},{"nome":"Bentivoglio","codice":"037005","regione":"emilia romagna","provincia":"bologna","codiceCatastale":"A785","cap":"40010","coordinate":{"lat":44.6356481,"lng":11.419074}},{"nome":"Berceto","codice":"034004","regione":"emilia romagna","provincia":"parma","codiceCatastale":"A788","cap":"43042","coordinate":{"lat":44.510601,"lng":9.990058}},{"nome":"Bertinoro","codice":"040003","regione":"emilia romagna","provincia":"forlì-cesena","codiceCatastale":"A809","cap":"47032","coordinate":{"lat":44.1497037,"lng":12.1353333}},{"nome":"Besenzone","codice":"033003","regione":"emilia romagna","provincia":"piacenza","codiceCatastale":"A823","cap":"29010","coordinate":{"lat":44.987037,"lng":9.9548703}},{"nome":"Bettola","codice":"033004","regione":"emilia romagna","provincia":"piacenza","codiceCatastale":"A831","cap":"29021","coordinate":{"lat":44.7786672,"lng":9.6084369}},{"nome":"Bibbiano","codice":"035004","regione":"emilia romagna","provincia":"reggio emilia","codiceCatastale":"A850","cap":"42021","coordinate":{"lat":44.665131,"lng":10.475303}},{"nome":"Bobbio","codice":"033005","regione":"emilia romagna","provincia":"piacenza","codiceCatastale":"A909","cap":"29022","coordinate":{"lat":44.771574,"lng":9.3864074}},{"nome":"Bologna","codice":"037006","regione":"emilia romagna","provincia":"bologna","codiceCatastale":"A944","cap":"40121","coordinate":{"lat":44.4944456,"lng":11.3492311}},{"nome":"Bomporto","codice":"036002","regione":"emilia romagna","provincia":"modena","codiceCatastale":"A959","cap":"41030","coordinate":{"lat":44.7307962,"lng":11.0395555}},{"nome":"Bondeno","codice":"038003","regione":"emilia romagna","provincia":"ferrara","codiceCatastale":"A965","cap":"44012","coordinate":{"lat":44.888317,"lng":11.410612}},{"nome":"Bore","codice":"034005","regione":"emilia romagna","provincia":"parma","codiceCatastale":"A987","cap":"43030","coordinate":{"lat":44.7197037,"lng":9.7931296}},{"nome":"Boretto","codice":"035005","regione":"emilia romagna","provincia":"reggio emilia","codiceCatastale":"A988","cap":"42022","coordinate":{"lat":44.9042621,"lng":10.5562848}},{"nome":"Borghi","codice":"040004","regione":"emilia romagna","provincia":"forlì-cesena","codiceCatastale":"B001","cap":"47030","coordinate":{"lat":44.0321672,"lng":12.3564963}},{"nome":"Borgo Tossignano","codice":"037007","regione":"emilia romagna","provincia":"bologna","codiceCatastale":"B044","cap":"40021","coordinate":{"lat":44.2776666,"lng":11.5912592}},{"nome":"Borgo Val di Taro","codice":"034006","regione":"emilia romagna","provincia":"parma","codiceCatastale":"B042","cap":"43043","coordinate":{"lat":44.4882083,"lng":9.7668703}},{"nome":"Borgonovo Val Tidone","codice":"033006","regione":"emilia romagna","provincia":"piacenza","codiceCatastale":"B025","cap":"29011","coordinate":{"lat":45.0153148,"lng":9.444537}},{"nome":"Brescello","codice":"035006","regione":"emilia romagna","provincia":"reggio emilia","codiceCatastale":"B156","cap":"42041","coordinate":{"lat":44.9009951,"lng":10.5157818}},{"nome":"Brisighella","codice":"039004","regione":"emilia romagna","provincia":"ravenna","codiceCatastale":"B188","cap":"48013","coordinate":{"lat":44.2228774,"lng":11.7717285}},{"nome":"Budrio","codice":"037008","regione":"emilia romagna","provincia":"bologna","codiceCatastale":"B249","cap":"40054","coordinate":{"lat":44.5381481,"lng":11.5347037}},{"nome":"Busseto","codice":"034007","regione":"emilia romagna","provincia":"parma","codiceCatastale":"B293","cap":"43011","coordinate":{"lat":44.981574,"lng":10.0431296}},{"nome":"Cadelbosco di Sopra","codice":"035008","regione":"emilia romagna","provincia":"reggio emilia","codiceCatastale":"B328","cap":"42023","coordinate":{"lat":44.7631296,"lng":10.5970555}},{"nome":"Cadeo","codice":"033007","regione":"emilia romagna","provincia":"piacenza","codiceCatastale":"B332","cap":"29010","coordinate":{"lat":44.9745918,"lng":9.8310926}},{"nome":"Calderara di Reno","codice":"037009","regione":"emilia romagna","provincia":"bologna","codiceCatastale":"B399","cap":"40012","coordinate":{"lat":44.564074,"lng":11.2722037}},{"nome":"Calendasco","codice":"033008","regione":"emilia romagna","provincia":"piacenza","codiceCatastale":"B405","cap":"29010","coordinate":{"lat":45.0882962,"lng":9.5972037}},{"nome":"Calestano","codice":"034008","regione":"emilia romagna","provincia":"parma","codiceCatastale":"B408","cap":"43030","coordinate":{"lat":44.6042407,"lng":10.124074}},{"nome":"Campagnola Emilia","codice":"035009","regione":"emilia romagna","provincia":"reggio emilia","codiceCatastale":"B499","cap":"42012","coordinate":{"lat":44.8403333,"lng":10.7581296}},{"nome":"Campegine","codice":"035010","regione":"emilia romagna","provincia":"reggio emilia","codiceCatastale":"B502","cap":"42040","coordinate":{"lat":44.7847037,"lng":10.5329814}},{"nome":"Campogalliano","codice":"036003","regione":"emilia romagna","provincia":"modena","codiceCatastale":"B539","cap":"41011","coordinate":{"lat":44.690208,"lng":10.843799}},{"nome":"Camposanto","codice":"036004","regione":"emilia romagna","provincia":"modena","codiceCatastale":"B566","cap":"41031","coordinate":{"lat":44.788173,"lng":11.137617}},{"nome":"Camugnano","codice":"037010","regione":"emilia romagna","provincia":"bologna","codiceCatastale":"B572","cap":"40032","coordinate":{"lat":44.1719868,"lng":11.0842818}},{"nome":"Canossa","codice":"035018","regione":"emilia romagna","provincia":"reggio emilia","codiceCatastale":"C669","cap":"42026","coordinate":{"lat":44.592354,"lng":10.407975}},{"nome":"Caorso","codice":"033010","regione":"emilia romagna","provincia":"piacenza","codiceCatastale":"B643","cap":"29012","coordinate":{"lat":45.0495555,"lng":9.8722037}},{"nome":"Carpaneto Piacentino","codice":"033011","regione":"emilia romagna","provincia":"piacenza","codiceCatastale":"B812","cap":"29013","coordinate":{"lat":44.91371,"lng":9.78884}},{"nome":"Carpi","codice":"036005","regione":"emilia romagna","provincia":"modena","codiceCatastale":"B819","cap":"41012","coordinate":{"lat":44.7834629,"lng":10.8787592}},{"nome":"Carpineti","codice":"035011","regione":"emilia romagna","provincia":"reggio emilia","codiceCatastale":"B825","cap":"42033","coordinate":{"lat":44.4570555,"lng":10.5207962}},{"nome":"Casalecchio di Reno","codice":"037011","regione":"emilia romagna","provincia":"bologna","codiceCatastale":"B880","cap":"40033","coordinate":{"lat":44.476574,"lng":11.2770555}},{"nome":"Casalfiumanese","codice":"037012","regione":"emilia romagna","provincia":"bologna","codiceCatastale":"B892","cap":"40020","coordinate":{"lat":44.2978148,"lng":11.625}},{"nome":"Casalgrande","codice":"035012","regione":"emilia romagna","provincia":"reggio emilia","codiceCatastale":"B893","cap":"42013","coordinate":{"lat":44.5856296,"lng":10.736574}},{"nome":"Casina","codice":"035013","regione":"emilia romagna","provincia":"reggio emilia","codiceCatastale":"B967","cap":"42034","coordinate":{"lat":44.5112592,"lng":10.5026666}},{"nome":"Casola Valsenio","codice":"039005","regione":"emilia romagna","provincia":"ravenna","codiceCatastale":"B982","cap":"48032","coordinate":{"lat":44.223215,"lng":11.622418}},{"nome":"Castel Bolognese","codice":"039006","regione":"emilia romagna","provincia":"ravenna","codiceCatastale":"C065","cap":"48014","coordinate":{"lat":44.3188967,"lng":11.8014066}},{"nome":"Castel d'Aiano","codice":"037013","regione":"emilia romagna","provincia":"bologna","codiceCatastale":"C075","cap":"40034","coordinate":{"lat":44.2768888,"lng":11.0004814}},{"nome":"Castel del Rio","codice":"037014","regione":"emilia romagna","provincia":"bologna","codiceCatastale":"C086","cap":"40022","coordinate":{"lat":44.2159845,"lng":11.5037525}},{"nome":"Castel di Casio","codice":"037015","regione":"emilia romagna","provincia":"bologna","codiceCatastale":"B969","cap":"40030","coordinate":{"lat":44.1639074,"lng":11.0368888}},{"nome":"Castel Guelfo di Bologna","codice":"037016","regione":"emilia romagna","provincia":"bologna","codiceCatastale":"C121","cap":"40023","coordinate":{"lat":44.4317407,"lng":11.6789259}},{"nome":"Castel Maggiore","codice":"037019","regione":"emilia romagna","provincia":"bologna","codiceCatastale":"C204","cap":"40013","coordinate":{"lat":44.5781481,"lng":11.3617222}},{"nome":"Castel San Giovanni","codice":"033013","regione":"emilia romagna","provincia":"piacenza","codiceCatastale":"C261","cap":"29015","coordinate":{"lat":45.0631279,"lng":9.4468187}},{"nome":"Castel San Pietro Terme","codice":"037020","regione":"emilia romagna","provincia":"bologna","codiceCatastale":"C265","cap":"40024","coordinate":{"lat":44.399537,"lng":11.5859629}},{"nome":"Casteldelci","codice":"099021","regione":"emilia romagna","provincia":"rimini","codiceCatastale":"C080","cap":"47861","coordinate":{"lat":43.791577,"lng":12.1550434}},{"nome":"Castelfranco Emilia","codice":"036006","regione":"emilia romagna","provincia":"modena","codiceCatastale":"C107","cap":"41013","coordinate":{"lat":44.5967222,"lng":11.0531481}},{"nome":"Castell'Arquato","codice":"033012","regione":"emilia romagna","provincia":"piacenza","codiceCatastale":"C145","cap":"29014","coordinate":{"lat":44.853665,"lng":9.870782}},{"nome":"Castellarano","codice":"035014","regione":"emilia romagna","provincia":"reggio emilia","codiceCatastale":"C141","cap":"42014","coordinate":{"lat":44.5115475,"lng":10.7306576}},{"nome":"Castello d'Argile","codice":"037017","regione":"emilia romagna","provincia":"bologna","codiceCatastale":"C185","cap":"40050","coordinate":{"lat":44.68,"lng":11.2970555}},{"nome":"Castelnovo di Sotto","codice":"035015","regione":"emilia romagna","provincia":"reggio emilia","codiceCatastale":"C218","cap":"42024","coordinate":{"lat":44.8111981,"lng":10.5605704}},{"nome":"Castelnovo ne' Monti","codice":"035016","regione":"emilia romagna","provincia":"reggio emilia","codiceCatastale":"C219","cap":"42035","coordinate":{"lat":44.435808,"lng":10.40394}},{"nome":"Castelnuovo Rangone","codice":"036007","regione":"emilia romagna","provincia":"modena","codiceCatastale":"C242","cap":"41051","coordinate":{"lat":44.5523703,"lng":10.9361111}},{"nome":"Castelvetro di Modena","codice":"036008","regione":"emilia romagna","provincia":"modena","codiceCatastale":"C287","cap":"41014","coordinate":{"lat":44.5067166,"lng":10.9475113}},{"nome":"Castelvetro Piacentino","codice":"033014","regione":"emilia romagna","provincia":"piacenza","codiceCatastale":"C288","cap":"29010","coordinate":{"lat":45.102808,"lng":9.987891}},{"nome":"Castenaso","codice":"037021","regione":"emilia romagna","provincia":"bologna","codiceCatastale":"C292","cap":"40055","coordinate":{"lat":44.509062,"lng":11.4691759}},{"nome":"Castiglione dei Pepoli","codice":"037022","regione":"emilia romagna","provincia":"bologna","codiceCatastale":"C296","cap":"40035","coordinate":{"lat":44.1431236,"lng":11.1643061}},{"nome":"Castrocaro Terme e Terra del Sole","codice":"040005","regione":"emilia romagna","provincia":"forlì-cesena","codiceCatastale":"C339","cap":"47011","coordinate":{"lat":44.172161,"lng":11.9478983}},{"nome":"Cattolica","codice":"099002","regione":"emilia romagna","provincia":"rimini","codiceCatastale":"C357","cap":"47841","coordinate":{"lat":43.9584444,"lng":12.7386111}},{"nome":"Cavezzo","codice":"036009","regione":"emilia romagna","provincia":"modena","codiceCatastale":"C398","cap":"41032","coordinate":{"lat":44.8372528,"lng":11.0297088}},{"nome":"Cavriago","codice":"035017","regione":"emilia romagna","provincia":"reggio emilia","codiceCatastale":"C405","cap":"42025","coordinate":{"lat":44.6947037,"lng":10.5286111}},{"nome":"Cento","codice":"038004","regione":"emilia romagna","provincia":"ferrara","codiceCatastale":"C469","cap":"44042","coordinate":{"lat":44.7270555,"lng":11.2892222}},{"nome":"Cerignale","codice":"033015","regione":"emilia romagna","provincia":"piacenza","codiceCatastale":"C513","cap":"29020","coordinate":{"lat":44.6780479,"lng":9.3513685}},{"nome":"Cervia","codice":"039007","regione":"emilia romagna","provincia":"ravenna","codiceCatastale":"C553","cap":"48015","coordinate":{"lat":44.2600775,"lng":12.351389}},{"nome":"Cesena","codice":"040007","regione":"emilia romagna","provincia":"forlì-cesena","codiceCatastale":"C573","cap":"47521","coordinate":{"lat":44.1390945,"lng":12.2429281}},{"nome":"Cesenatico","codice":"040008","regione":"emilia romagna","provincia":"forlì-cesena","codiceCatastale":"C574","cap":"47042","coordinate":{"lat":44.1989491,"lng":12.3953613}},{"nome":"Civitella di Romagna","codice":"040009","regione":"emilia romagna","provincia":"forlì-cesena","codiceCatastale":"C777","cap":"47012","coordinate":{"lat":44.00719,"lng":11.941267}},{"nome":"Codigoro","codice":"038005","regione":"emilia romagna","provincia":"ferrara","codiceCatastale":"C814","cap":"44021","coordinate":{"lat":44.8327962,"lng":12.1115321}},{"nome":"Coli","codice":"033016","regione":"emilia romagna","provincia":"piacenza","codiceCatastale":"C838","cap":"29020","coordinate":{"lat":44.7448392,"lng":9.4146101}},{"nome":"Collecchio","codice":"034009","regione":"emilia romagna","provincia":"parma","codiceCatastale":"C852","cap":"43044","coordinate":{"lat":44.751809,"lng":10.216693}},{"nome":"Colorno","codice":"034010","regione":"emilia romagna","provincia":"parma","codiceCatastale":"C904","cap":"43052","coordinate":{"lat":44.9301527,"lng":10.3752749}},{"nome":"Comacchio","codice":"038006","regione":"emilia romagna","provincia":"ferrara","codiceCatastale":"C912","cap":"44022","coordinate":{"lat":44.6944598,"lng":12.1791725}},{"nome":"Compiano","codice":"034011","regione":"emilia romagna","provincia":"parma","codiceCatastale":"C934","cap":"43053","coordinate":{"lat":44.497037,"lng":9.6631296}},{"nome":"Concordia sulla Secchia","codice":"036010","regione":"emilia romagna","provincia":"modena","codiceCatastale":"C951","cap":"41033","coordinate":{"lat":44.9142407,"lng":10.9843888}},{"nome":"Conselice","codice":"039008","regione":"emilia romagna","provincia":"ravenna","codiceCatastale":"C963","cap":"48017","coordinate":{"lat":44.5128148,"lng":11.8323703}},{"nome":"Copparo","codice":"038007","regione":"emilia romagna","provincia":"ferrara","codiceCatastale":"C980","cap":"44034","coordinate":{"lat":44.8939074,"lng":11.8259444}},{"nome":"Coriano","codice":"099003","regione":"emilia romagna","provincia":"rimini","codiceCatastale":"D004","cap":"47853","coordinate":{"lat":43.97,"lng":12.601574}},{"nome":"Corniglio","codice":"034012","regione":"emilia romagna","provincia":"parma","codiceCatastale":"D026","cap":"43021","coordinate":{"lat":44.4758874,"lng":10.0883665}},{"nome":"Correggio","codice":"035020","regione":"emilia romagna","provincia":"reggio emilia","codiceCatastale":"D037","cap":"42015","coordinate":{"lat":44.7707962,"lng":10.7834629}},{"nome":"Corte Brugnatella","codice":"033017","regione":"emilia romagna","provincia":"piacenza","codiceCatastale":"D054","cap":"29020","coordinate":{"lat":44.7125,"lng":9.3822037}},{"nome":"Cortemaggiore","codice":"033018","regione":"emilia romagna","provincia":"piacenza","codiceCatastale":"D061","cap":"29016","coordinate":{"lat":44.996035,"lng":9.931297}},{"nome":"Cotignola","codice":"039009","regione":"emilia romagna","provincia":"ravenna","codiceCatastale":"D121","cap":"48033","coordinate":{"lat":44.385102,"lng":11.938145}},{"nome":"Crevalcore","codice":"037024","regione":"emilia romagna","provincia":"bologna","codiceCatastale":"D166","cap":"40014","coordinate":{"lat":44.721574,"lng":11.1509629}},{"nome":"Dovadola","codice":"040011","regione":"emilia romagna","provincia":"forlì-cesena","codiceCatastale":"D357","cap":"47013","coordinate":{"lat":44.1237777,"lng":11.8898703}},{"nome":"Dozza","codice":"037025","regione":"emilia romagna","provincia":"bologna","codiceCatastale":"D360","cap":"40060","coordinate":{"lat":44.3595619,"lng":11.628897}},{"nome":"Fabbrico","codice":"035021","regione":"emilia romagna","provincia":"reggio emilia","codiceCatastale":"D450","cap":"42042","coordinate":{"lat":44.8704814,"lng":10.8126666}},{"nome":"Faenza","codice":"039010","regione":"emilia romagna","provincia":"ravenna","codiceCatastale":"D458","cap":"48018","coordinate":{"lat":44.2861807,"lng":11.8835158}},{"nome":"Fanano","codice":"036011","regione":"emilia romagna","provincia":"modena","codiceCatastale":"D486","cap":"41021","coordinate":{"lat":44.208409,"lng":10.7938259}},{"nome":"Farini","codice":"033019","regione":"emilia romagna","provincia":"piacenza","codiceCatastale":"D502","cap":"29023","coordinate":{"lat":44.7137777,"lng":9.5700185}},{"nome":"Felino","codice":"034013","regione":"emilia romagna","provincia":"parma","codiceCatastale":"D526","cap":"43035","coordinate":{"lat":44.6959008,"lng":10.2412035}},{"nome":"Ferrara","codice":"038008","regione":"emilia romagna","provincia":"ferrara","codiceCatastale":"D548","cap":"44121","coordinate":{"lat":44.8378942,"lng":11.6204396}},{"nome":"Ferriere","codice":"033020","regione":"emilia romagna","provincia":"piacenza","codiceCatastale":"D555","cap":"29024","coordinate":{"lat":44.6448518,"lng":9.4976666}},{"nome":"Fidenza","codice":"034014","regione":"emilia romagna","provincia":"parma","codiceCatastale":"B034","cap":"43036","coordinate":{"lat":44.865102,"lng":10.061731}},{"nome":"Finale Emilia","codice":"036012","regione":"emilia romagna","provincia":"modena","codiceCatastale":"D599","cap":"41034","coordinate":{"lat":44.8356481,"lng":11.2950185}},{"nome":"Fiorano Modenese","codice":"036013","regione":"emilia romagna","provincia":"modena","codiceCatastale":"D607","cap":"41042","coordinate":{"lat":44.5370555,"lng":10.8228148}},{"nome":"Fiorenzuola d'Arda","codice":"033021","regione":"emilia romagna","provincia":"piacenza","codiceCatastale":"D611","cap":"29017","coordinate":{"lat":44.9271872,"lng":9.910787}},{"nome":"Fiumalbo","codice":"036014","regione":"emilia romagna","provincia":"modena","codiceCatastale":"D617","cap":"41022","coordinate":{"lat":44.1803333,"lng":10.6482962}},{"nome":"Fontanelice","codice":"037026","regione":"emilia romagna","provincia":"bologna","codiceCatastale":"D668","cap":"40025","coordinate":{"lat":44.2600268,"lng":11.5597558}},{"nome":"Fontanellato","codice":"034015","regione":"emilia romagna","provincia":"parma","codiceCatastale":"D673","cap":"43012","coordinate":{"lat":44.8826666,"lng":10.1732962}},{"nome":"Fontevivo","codice":"034016","regione":"emilia romagna","provincia":"parma","codiceCatastale":"D685","cap":"43010","coordinate":{"lat":44.8598703,"lng":10.1762592}},{"nome":"Forlì","codice":"040012","regione":"emilia romagna","provincia":"forlì-cesena","codiceCatastale":"D704","cap":"47121","coordinate":{"lat":44.221229,"lng":12.0426869}},{"nome":"Forlimpopoli","codice":"040013","regione":"emilia romagna","provincia":"forlì-cesena","codiceCatastale":"D705","cap":"47034","coordinate":{"lat":44.1887697,"lng":12.1267519}},{"nome":"Formigine","codice":"036015","regione":"emilia romagna","provincia":"modena","codiceCatastale":"D711","cap":"41043","coordinate":{"lat":44.5772272,"lng":10.848739}},{"nome":"Fornovo di Taro","codice":"034017","regione":"emilia romagna","provincia":"parma","codiceCatastale":"D728","cap":"43045","coordinate":{"lat":44.6929814,"lng":10.102037}},{"nome":"Frassinoro","codice":"036016","regione":"emilia romagna","provincia":"modena","codiceCatastale":"D783","cap":"41044","coordinate":{"lat":44.296115,"lng":10.572542}},{"nome":"Fusignano","codice":"039011","regione":"emilia romagna","provincia":"ravenna","codiceCatastale":"D829","cap":"48034","coordinate":{"lat":44.4661111,"lng":11.9581296}},{"nome":"Gaggio Montano","codice":"037027","regione":"emilia romagna","provincia":"bologna","codiceCatastale":"D847","cap":"40041","coordinate":{"lat":44.1979814,"lng":10.9339074}},{"nome":"Galeata","codice":"040014","regione":"emilia romagna","provincia":"forlì-cesena","codiceCatastale":"D867","cap":"47010","coordinate":{"lat":43.9989074,"lng":11.9142222}},{"nome":"Galliera","codice":"037028","regione":"emilia romagna","provincia":"bologna","codiceCatastale":"D878","cap":"40015","coordinate":{"lat":44.7506414,"lng":11.3914191}},{"nome":"Gambettola","codice":"040015","regione":"emilia romagna","provincia":"forlì-cesena","codiceCatastale":"D899","cap":"47035","coordinate":{"lat":44.1178148,"lng":12.3395555}},{"nome":"Gattatico","codice":"035022","regione":"emilia romagna","provincia":"reggio emilia","codiceCatastale":"D934","cap":"42043","coordinate":{"lat":44.7942014,"lng":10.4603163}},{"nome":"Gatteo","codice":"040016","regione":"emilia romagna","provincia":"forlì-cesena","codiceCatastale":"D935","cap":"47043","coordinate":{"lat":44.1113051,"lng":12.3861072}},{"nome":"Gazzola","codice":"033022","regione":"emilia romagna","provincia":"piacenza","codiceCatastale":"D958","cap":"29010","coordinate":{"lat":44.96046,"lng":9.5487674}},{"nome":"Gemmano","codice":"099004","regione":"emilia romagna","provincia":"rimini","codiceCatastale":"D961","cap":"47855","coordinate":{"lat":43.904321,"lng":12.580652}},{"nome":"Goro","codice":"038025","regione":"emilia romagna","provincia":"ferrara","codiceCatastale":"E107","cap":"44020","coordinate":{"lat":44.8518888,"lng":12.2959444}},{"nome":"Gossolengo","codice":"033023","regione":"emilia romagna","provincia":"piacenza","codiceCatastale":"E114","cap":"29020","coordinate":{"lat":45.001478,"lng":9.617175}},{"nome":"Gragnano Trebbiense","codice":"033024","regione":"emilia romagna","provincia":"piacenza","codiceCatastale":"E132","cap":"29010","coordinate":{"lat":45.0142407,"lng":9.57}},{"nome":"Granarolo dell'Emilia","codice":"037030","regione":"emilia romagna","provincia":"bologna","codiceCatastale":"E136","cap":"40057","coordinate":{"lat":44.5511313,"lng":11.4453727}},{"nome":"Grizzana Morandi","codice":"037031","regione":"emilia romagna","provincia":"bologna","codiceCatastale":"E187","cap":"40030","coordinate":{"lat":44.2579001,"lng":11.1528093}},{"nome":"Gropparello","codice":"033025","regione":"emilia romagna","provincia":"piacenza","codiceCatastale":"E196","cap":"29025","coordinate":{"lat":44.8350185,"lng":9.7287592}},{"nome":"Gualtieri","codice":"035023","regione":"emilia romagna","provincia":"reggio emilia","codiceCatastale":"E232","cap":"42044","coordinate":{"lat":44.90058,"lng":10.630645}},{"nome":"Guastalla","codice":"035024","regione":"emilia romagna","provincia":"reggio emilia","codiceCatastale":"E253","cap":"42016","coordinate":{"lat":44.916202,"lng":10.653112}},{"nome":"Guiglia","codice":"036017","regione":"emilia romagna","provincia":"modena","codiceCatastale":"E264","cap":"41052","coordinate":{"lat":44.425,"lng":10.9631296}},{"nome":"Imola","codice":"037032","regione":"emilia romagna","provincia":"bologna","codiceCatastale":"E289","cap":"40026","coordinate":{"lat":44.3559128,"lng":11.7161197}},{"nome":"Jolanda di Savoia","codice":"038010","regione":"emilia romagna","provincia":"ferrara","codiceCatastale":"E320","cap":"44037","coordinate":{"lat":44.9045555,"lng":12.0057962}},{"nome":"Lagosanto","codice":"038011","regione":"emilia romagna","provincia":"ferrara","codiceCatastale":"E410","cap":"44023","coordinate":{"lat":44.763195,"lng":12.144043}},{"nome":"Lama Mocogno","codice":"036018","regione":"emilia romagna","provincia":"modena","codiceCatastale":"E426","cap":"41023","coordinate":{"lat":44.3082962,"lng":10.7317407}},{"nome":"Langhirano","codice":"034018","regione":"emilia romagna","provincia":"parma","codiceCatastale":"E438","cap":"43013","coordinate":{"lat":44.6137777,"lng":10.2667407}},{"nome":"Lesignano de' Bagni","codice":"034019","regione":"emilia romagna","provincia":"parma","codiceCatastale":"E547","cap":"43037","coordinate":{"lat":44.644001,"lng":10.299991}},{"nome":"Lizzano in Belvedere","codice":"037033","regione":"emilia romagna","provincia":"bologna","codiceCatastale":"A771","cap":"40042","coordinate":{"lat":44.163298,"lng":10.8940326}},{"nome":"Loiano","codice":"037034","regione":"emilia romagna","provincia":"bologna","codiceCatastale":"E655","cap":"40050","coordinate":{"lat":44.268554,"lng":11.322873}},{"nome":"Longiano","codice":"040018","regione":"emilia romagna","provincia":"forlì-cesena","codiceCatastale":"E675","cap":"47020","coordinate":{"lat":44.0754814,"lng":12.3286111}},{"nome":"Lugagnano Val d'Arda","codice":"033026","regione":"emilia romagna","provincia":"piacenza","codiceCatastale":"E726","cap":"29018","coordinate":{"lat":44.8242222,"lng":9.8282962}},{"nome":"Lugo","codice":"039012","regione":"emilia romagna","provincia":"ravenna","codiceCatastale":"E730","cap":"48022","coordinate":{"lat":44.4290668,"lng":11.9069906}},{"nome":"Luzzara","codice":"035026","regione":"emilia romagna","provincia":"reggio emilia","codiceCatastale":"E772","cap":"42045","coordinate":{"lat":44.9586111,"lng":10.6914074}},{"nome":"Maiolo","codice":"099022","regione":"emilia romagna","provincia":"rimini","codiceCatastale":"E838","cap":"47862","coordinate":{"lat":43.874105,"lng":12.3109723}},{"nome":"Malalbergo","codice":"037035","regione":"emilia romagna","provincia":"bologna","codiceCatastale":"E844","cap":"40051","coordinate":{"lat":44.7197037,"lng":11.5332962}},{"nome":"Maranello","codice":"036019","regione":"emilia romagna","provincia":"modena","codiceCatastale":"E904","cap":"41053","coordinate":{"lat":44.5255526,"lng":10.866323}},{"nome":"Marano sul Panaro","codice":"036020","regione":"emilia romagna","provincia":"modena","codiceCatastale":"E905","cap":"41054","coordinate":{"lat":44.456884,"lng":10.969568}},{"nome":"Marzabotto","codice":"037036","regione":"emilia romagna","provincia":"bologna","codiceCatastale":"B689","cap":"40043","coordinate":{"lat":44.3418888,"lng":11.2057962}},{"nome":"Masi Torello","codice":"038012","regione":"emilia romagna","provincia":"ferrara","codiceCatastale":"F016","cap":"44020","coordinate":{"lat":44.794461,"lng":11.798975}},{"nome":"Massa Lombarda","codice":"039013","regione":"emilia romagna","provincia":"ravenna","codiceCatastale":"F029","cap":"48024","coordinate":{"lat":44.446227,"lng":11.828185}},{"nome":"Medesano","codice":"034020","regione":"emilia romagna","provincia":"parma","codiceCatastale":"F082","cap":"43014","coordinate":{"lat":44.757522,"lng":10.140648}},{"nome":"Medicina","codice":"037037","regione":"emilia romagna","provincia":"bologna","codiceCatastale":"F083","cap":"40059","coordinate":{"lat":44.4797037,"lng":11.6392407}},{"nome":"Medolla","codice":"036021","regione":"emilia romagna","provincia":"modena","codiceCatastale":"F087","cap":"41036","coordinate":{"lat":44.8482948,"lng":11.0703889}},{"nome":"Meldola","codice":"040019","regione":"emilia romagna","provincia":"forlì-cesena","codiceCatastale":"F097","cap":"47014","coordinate":{"lat":44.130134,"lng":12.0609569}},{"nome":"Mercato Saraceno","codice":"040020","regione":"emilia romagna","provincia":"forlì-cesena","codiceCatastale":"F139","cap":"47025","coordinate":{"lat":43.9562546,"lng":12.1960756}},{"nome":"Mesola","codice":"038014","regione":"emilia romagna","provincia":"ferrara","codiceCatastale":"F156","cap":"44026","coordinate":{"lat":44.9217222,"lng":12.2303333}},{"nome":"Minerbio","codice":"037038","regione":"emilia romagna","provincia":"bologna","codiceCatastale":"F219","cap":"40061","coordinate":{"lat":44.624316,"lng":11.4898779}},{"nome":"Mirandola","codice":"036022","regione":"emilia romagna","provincia":"modena","codiceCatastale":"F240","cap":"41037","coordinate":{"lat":44.8878333,"lng":11.0673703}},{"nome":"Misano Adriatico","codice":"099005","regione":"emilia romagna","provincia":"rimini","codiceCatastale":"F244","cap":"47843","coordinate":{"lat":43.979748,"lng":12.695766}},{"nome":"Modena","codice":"036023","regione":"emilia romagna","provincia":"modena","codiceCatastale":"F257","cap":"41121","coordinate":{"lat":44.6470798,"lng":10.92522}},{"nome":"Modigliana","codice":"040022","regione":"emilia romagna","provincia":"forlì-cesena","codiceCatastale":"F259","cap":"47015","coordinate":{"lat":44.1622037,"lng":11.794537}},{"nome":"Molinella","codice":"037039","regione":"emilia romagna","provincia":"bologna","codiceCatastale":"F288","cap":"40062","coordinate":{"lat":44.6223703,"lng":11.6697037}},{"nome":"Monchio delle Corti","codice":"034022","regione":"emilia romagna","provincia":"parma","codiceCatastale":"F340","cap":"43010","coordinate":{"lat":44.4139074,"lng":10.1253333}},{"nome":"Mondaino","codice":"099006","regione":"emilia romagna","provincia":"rimini","codiceCatastale":"F346","cap":"47836","coordinate":{"lat":43.8581961,"lng":12.6699158}},{"nome":"Monghidoro","codice":"037040","regione":"emilia romagna","provincia":"bologna","codiceCatastale":"F363","cap":"40063","coordinate":{"lat":44.2275185,"lng":11.3286111}},{"nome":"Monte San Pietro","codice":"037042","regione":"emilia romagna","provincia":"bologna","codiceCatastale":"F627","cap":"40050","coordinate":{"lat":44.437978,"lng":11.1315069}},{"nome":"Montecchio Emilia","codice":"035027","regione":"emilia romagna","provincia":"reggio emilia","codiceCatastale":"F463","cap":"42027","coordinate":{"lat":44.7023518,"lng":10.4481296}},{"nome":"Montechiarugolo","codice":"034023","regione":"emilia romagna","provincia":"parma","codiceCatastale":"F473","cap":"43022","coordinate":{"lat":44.6942222,"lng":10.4232962}},{"nome":"Montecreto","codice":"036024","regione":"emilia romagna","provincia":"modena","codiceCatastale":"F484","cap":"41025","coordinate":{"lat":44.247618,"lng":10.71692}},{"nome":"Montefiore Conca","codice":"099008","regione":"emilia romagna","provincia":"rimini","codiceCatastale":"F502","cap":"47834","coordinate":{"lat":43.8900006,"lng":12.6121487}},{"nome":"Montefiorino","codice":"036025","regione":"emilia romagna","provincia":"modena","codiceCatastale":"F503","cap":"41045","coordinate":{"lat":44.3514051,"lng":10.623122}},{"nome":"Montegridolfo","codice":"099009","regione":"emilia romagna","provincia":"rimini","codiceCatastale":"F523","cap":"47837","coordinate":{"lat":43.8592222,"lng":12.6909444}},{"nome":"Monterenzio","codice":"037041","regione":"emilia romagna","provincia":"bologna","codiceCatastale":"F597","cap":"40050","coordinate":{"lat":44.3277593,"lng":11.4059139}},{"nome":"Montese","codice":"036026","regione":"emilia romagna","provincia":"modena","codiceCatastale":"F642","cap":"41055","coordinate":{"lat":44.2686906,"lng":10.9411481}},{"nome":"Montiano","codice":"040028","regione":"emilia romagna","provincia":"forlì-cesena","codiceCatastale":"F668","cap":"47020","coordinate":{"lat":44.0839074,"lng":12.3054814}},{"nome":"Monticelli d'Ongina","codice":"033027","regione":"emilia romagna","provincia":"piacenza","codiceCatastale":"F671","cap":"29010","coordinate":{"lat":45.08925,"lng":9.930438}},{"nome":"Monzuno","codice":"037044","regione":"emilia romagna","provincia":"bologna","codiceCatastale":"F706","cap":"40036","coordinate":{"lat":44.278433,"lng":11.267917}},{"nome":"Morciano di Romagna","codice":"099011","regione":"emilia romagna","provincia":"rimini","codiceCatastale":"F715","cap":"47833","coordinate":{"lat":43.915,"lng":12.651574}},{"nome":"Mordano","codice":"037045","regione":"emilia romagna","provincia":"bologna","codiceCatastale":"F718","cap":"40027","coordinate":{"lat":44.3989074,"lng":11.8128148}},{"nome":"Morfasso","codice":"033028","regione":"emilia romagna","provincia":"piacenza","codiceCatastale":"F724","cap":"29020","coordinate":{"lat":44.7227267,"lng":9.7024277}},{"nome":"Neviano degli Arduini","codice":"034024","regione":"emilia romagna","provincia":"parma","codiceCatastale":"F882","cap":"43024","coordinate":{"lat":44.5834629,"lng":10.3167222}},{"nome":"Noceto","codice":"034025","regione":"emilia romagna","provincia":"parma","codiceCatastale":"F914","cap":"43015","coordinate":{"lat":44.8123518,"lng":10.1723518}},{"nome":"Nonantola","codice":"036027","regione":"emilia romagna","provincia":"modena","codiceCatastale":"F930","cap":"41015","coordinate":{"lat":44.6765996,"lng":11.0355515}},{"nome":"Novafeltria","codice":"099023","regione":"emilia romagna","provincia":"rimini","codiceCatastale":"F137","cap":"47863","coordinate":{"lat":43.8962388,"lng":12.2901657}},{"nome":"Novellara","codice":"035028","regione":"emilia romagna","provincia":"reggio emilia","codiceCatastale":"F960","cap":"42017","coordinate":{"lat":44.8439074,"lng":10.7286111}},{"nome":"Novi di Modena","codice":"036028","regione":"emilia romagna","provincia":"modena","codiceCatastale":"F966","cap":"41016","coordinate":{"lat":44.8914074,"lng":10.9025185}},{"nome":"Ostellato","codice":"038017","regione":"emilia romagna","provincia":"ferrara","codiceCatastale":"G184","cap":"44020","coordinate":{"lat":44.7467407,"lng":11.944537}},{"nome":"Ottone","codice":"033030","regione":"emilia romagna","provincia":"piacenza","codiceCatastale":"G195","cap":"29026","coordinate":{"lat":44.6242222,"lng":9.3337592}},{"nome":"Ozzano dell'Emilia","codice":"037046","regione":"emilia romagna","provincia":"bologna","codiceCatastale":"G205","cap":"40064","coordinate":{"lat":44.443585,"lng":11.470525}},{"nome":"Palagano","codice":"036029","regione":"emilia romagna","provincia":"modena","codiceCatastale":"G250","cap":"41046","coordinate":{"lat":44.3220555,"lng":10.6472037}},{"nome":"Palanzano","codice":"034026","regione":"emilia romagna","provincia":"parma","codiceCatastale":"G255","cap":"43025","coordinate":{"lat":44.4353899,"lng":10.1932135}},{"nome":"Parma","codice":"034027","regione":"emilia romagna","provincia":"parma","codiceCatastale":"G337","cap":"43121","coordinate":{"lat":44.8044461,"lng":10.332515}},{"nome":"Pavullo nel Frignano","codice":"036030","regione":"emilia romagna","provincia":"modena","codiceCatastale":"G393","cap":"41026","coordinate":{"lat":44.3325185,"lng":10.8361111}},{"nome":"Pellegrino Parmense","codice":"034028","regione":"emilia romagna","provincia":"parma","codiceCatastale":"G424","cap":"43047","coordinate":{"lat":44.7308338,"lng":9.9322501}},{"nome":"Pennabilli","codice":"099024","regione":"emilia romagna","provincia":"rimini","codiceCatastale":"G433","cap":"47864","coordinate":{"lat":43.819074,"lng":12.2667407}},{"nome":"Piacenza","codice":"033032","regione":"emilia romagna","provincia":"piacenza","codiceCatastale":"G535","cap":"29121","coordinate":{"lat":45.0523922,"lng":9.6987441}},{"nome":"Pianello Val Tidone","codice":"033033","regione":"emilia romagna","provincia":"piacenza","codiceCatastale":"G557","cap":"29010","coordinate":{"lat":44.9476666,"lng":9.4062592}},{"nome":"Pianoro","codice":"037047","regione":"emilia romagna","provincia":"bologna","codiceCatastale":"G570","cap":"40065","coordinate":{"lat":44.387309,"lng":11.34331}},{"nome":"Pieve di Cento","codice":"037048","regione":"emilia romagna","provincia":"bologna","codiceCatastale":"G643","cap":"40066","coordinate":{"lat":44.7132962,"lng":11.3087777}},{"nome":"Pievepelago","codice":"036031","regione":"emilia romagna","provincia":"modena","codiceCatastale":"G649","cap":"41027","coordinate":{"lat":44.2057962,"lng":10.6176666}},{"nome":"Piozzano","codice":"033034","regione":"emilia romagna","provincia":"piacenza","codiceCatastale":"G696","cap":"29010","coordinate":{"lat":44.927278,"lng":9.498462}},{"nome":"Podenzano","codice":"033035","regione":"emilia romagna","provincia":"piacenza","codiceCatastale":"G747","cap":"29027","coordinate":{"lat":44.9573518,"lng":9.6861111}},{"nome":"Poggio Renatico","codice":"038018","regione":"emilia romagna","provincia":"ferrara","codiceCatastale":"G768","cap":"44028","coordinate":{"lat":44.7652209,"lng":11.487318}},{"nome":"Polinago","codice":"036032","regione":"emilia romagna","provincia":"modena","codiceCatastale":"G789","cap":"41040","coordinate":{"lat":44.3457962,"lng":10.724537}},{"nome":"Ponte dell'Olio","codice":"033036","regione":"emilia romagna","provincia":"piacenza","codiceCatastale":"G842","cap":"29028","coordinate":{"lat":44.8678414,"lng":9.6424254}},{"nome":"Pontenure","codice":"033037","regione":"emilia romagna","provincia":"piacenza","codiceCatastale":"G852","cap":"29010","coordinate":{"lat":45.000363,"lng":9.7873059}},{"nome":"Portico e San Benedetto","codice":"040031","regione":"emilia romagna","provincia":"forlì-cesena","codiceCatastale":"G904","cap":"47010","coordinate":{"lat":44.0265232,"lng":11.7815186}},{"nome":"Portomaggiore","codice":"038019","regione":"emilia romagna","provincia":"ferrara","codiceCatastale":"G916","cap":"44015","coordinate":{"lat":44.6995555,"lng":11.8078148}},{"nome":"Poviglio","codice":"035029","regione":"emilia romagna","provincia":"reggio emilia","codiceCatastale":"G947","cap":"42028","coordinate":{"lat":44.8416128,"lng":10.5416095}},{"nome":"Predappio","codice":"040032","regione":"emilia romagna","provincia":"forlì-cesena","codiceCatastale":"H017","cap":"47016","coordinate":{"lat":44.106333,"lng":11.9816566}},{"nome":"Premilcuore","codice":"040033","regione":"emilia romagna","provincia":"forlì-cesena","codiceCatastale":"H034","cap":"47010","coordinate":{"lat":43.9793111,"lng":11.7814761}},{"nome":"Prignano sulla Secchia","codice":"036033","regione":"emilia romagna","provincia":"modena","codiceCatastale":"H061","cap":"41048","coordinate":{"lat":44.4393888,"lng":10.6929814}},{"nome":"Quattro Castella","codice":"035030","regione":"emilia romagna","provincia":"reggio emilia","codiceCatastale":"H122","cap":"42020","coordinate":{"lat":44.6359353,"lng":10.4753104}},{"nome":"Ravarino","codice":"036034","regione":"emilia romagna","provincia":"modena","codiceCatastale":"H195","cap":"41017","coordinate":{"lat":44.7237363,"lng":11.0999624}},{"nome":"Ravenna","codice":"039014","regione":"emilia romagna","provincia":"ravenna","codiceCatastale":"H199","cap":"48121","coordinate":{"lat":44.4157271,"lng":12.1965805}},{"nome":"Reggiolo","codice":"035032","regione":"emilia romagna","provincia":"reggio emilia","codiceCatastale":"H225","cap":"42046","coordinate":{"lat":44.9177593,"lng":10.8025268}},{"nome":"Riccione","codice":"099013","regione":"emilia romagna","provincia":"rimini","codiceCatastale":"H274","cap":"47838","coordinate":{"lat":43.9994745,"lng":12.6569236}},{"nome":"Rimini","codice":"099014","regione":"emilia romagna","provincia":"rimini","codiceCatastale":"H294","cap":"47921","coordinate":{"lat":44.0589509,"lng":12.5631915}},{"nome":"Rio Saliceto","codice":"035034","regione":"emilia romagna","provincia":"reggio emilia","codiceCatastale":"H298","cap":"42010","coordinate":{"lat":44.8125,"lng":10.8037777}},{"nome":"Riolo Terme","codice":"039015","regione":"emilia romagna","provincia":"ravenna","codiceCatastale":"H302","cap":"48025","coordinate":{"lat":44.2764259,"lng":11.7289259}},{"nome":"Riolunato","codice":"036035","regione":"emilia romagna","provincia":"modena","codiceCatastale":"H303","cap":"41020","coordinate":{"lat":44.2309625,"lng":10.6526745}},{"nome":"Rivergaro","codice":"033038","regione":"emilia romagna","provincia":"piacenza","codiceCatastale":"H350","cap":"29029","coordinate":{"lat":44.9106291,"lng":9.5984689}},{"nome":"Rocca San Casciano","codice":"040036","regione":"emilia romagna","provincia":"forlì-cesena","codiceCatastale":"H437","cap":"47017","coordinate":{"lat":44.0601666,"lng":11.8442407}},{"nome":"Roccabianca","codice":"034030","regione":"emilia romagna","provincia":"parma","codiceCatastale":"H384","cap":"43010","coordinate":{"lat":45.0103148,"lng":10.2204814}},{"nome":"Rolo","codice":"035035","regione":"emilia romagna","provincia":"reggio emilia","codiceCatastale":"H500","cap":"42047","coordinate":{"lat":44.8867407,"lng":10.8612592}},{"nome":"Roncofreddo","codice":"040037","regione":"emilia romagna","provincia":"forlì-cesena","codiceCatastale":"H542","cap":"47020","coordinate":{"lat":44.042508,"lng":12.319214}},{"nome":"Rottofreno","codice":"033039","regione":"emilia romagna","provincia":"piacenza","codiceCatastale":"H593","cap":"29010","coordinate":{"lat":45.0584444,"lng":9.5489259}},{"nome":"Rubiera","codice":"035036","regione":"emilia romagna","provincia":"reggio emilia","codiceCatastale":"H628","cap":"42048","coordinate":{"lat":44.6537201,"lng":10.7812588}},{"nome":"Russi","codice":"039016","regione":"emilia romagna","provincia":"ravenna","codiceCatastale":"H642","cap":"48026","coordinate":{"lat":44.372189,"lng":12.031452}},{"nome":"Sala Baganza","codice":"034031","regione":"emilia romagna","provincia":"parma","codiceCatastale":"H682","cap":"43038","coordinate":{"lat":44.717412,"lng":10.232066}},{"nome":"Sala Bolognese","codice":"037050","regione":"emilia romagna","provincia":"bologna","codiceCatastale":"H678","cap":"40010","coordinate":{"lat":44.61708,"lng":11.2569959}},{"nome":"Salsomaggiore Terme","codice":"034032","regione":"emilia romagna","provincia":"parma","codiceCatastale":"H720","cap":"43039","coordinate":{"lat":44.813925,"lng":9.9821521}},{"nome":"Saludecio","codice":"099015","regione":"emilia romagna","provincia":"rimini","codiceCatastale":"H724","cap":"47835","coordinate":{"lat":43.8742691,"lng":12.668543}},{"nome":"San Benedetto Val di Sambro","codice":"037051","regione":"emilia romagna","provincia":"bologna","codiceCatastale":"G566","cap":"40048","coordinate":{"lat":44.2156778,"lng":11.2342897}},{"nome":"San Cesario sul Panaro","codice":"036036","regione":"emilia romagna","provincia":"modena","codiceCatastale":"H794","cap":"41018","coordinate":{"lat":44.562037,"lng":11.0342222}},{"nome":"San Clemente","codice":"099016","regione":"emilia romagna","provincia":"rimini","codiceCatastale":"H801","cap":"47832","coordinate":{"lat":43.932063,"lng":12.626889}},{"nome":"San Felice sul Panaro","codice":"036037","regione":"emilia romagna","provincia":"modena","codiceCatastale":"H835","cap":"41038","coordinate":{"lat":44.8342407,"lng":11.1437777}},{"nome":"San Giorgio di Piano","codice":"037052","regione":"emilia romagna","provincia":"bologna","codiceCatastale":"H896","cap":"40016","coordinate":{"lat":44.648122,"lng":11.376913}},{"nome":"San Giorgio Piacentino","codice":"033040","regione":"emilia romagna","provincia":"piacenza","codiceCatastale":"H887","cap":"29019","coordinate":{"lat":44.9551666,"lng":9.7379814}},{"nome":"San Giovanni in Marignano","codice":"099017","regione":"emilia romagna","provincia":"rimini","codiceCatastale":"H921","cap":"47842","coordinate":{"lat":43.939984,"lng":12.710056}},{"nome":"San Giovanni in Persiceto","codice":"037053","regione":"emilia romagna","provincia":"bologna","codiceCatastale":"G467","cap":"40017","coordinate":{"lat":44.6409444,"lng":11.1851666}},{"nome":"San Lazzaro di Savena","codice":"037054","regione":"emilia romagna","provincia":"bologna","codiceCatastale":"H945","cap":"40068","coordinate":{"lat":44.469341,"lng":11.411438}},{"nome":"San Leo","codice":"099025","regione":"emilia romagna","provincia":"rimini","codiceCatastale":"H949","cap":"47865","coordinate":{"lat":43.8137777,"lng":12.5575185}},{"nome":"San Martino in Rio","codice":"035037","regione":"emilia romagna","provincia":"reggio emilia","codiceCatastale":"I011","cap":"42018","coordinate":{"lat":44.7329814,"lng":10.7831296}},{"nome":"San Mauro Pascoli","codice":"040041","regione":"emilia romagna","provincia":"forlì-cesena","codiceCatastale":"I027","cap":"47030","coordinate":{"lat":44.1048703,"lng":12.4164259}},{"nome":"San Pietro in Casale","codice":"037055","regione":"emilia romagna","provincia":"bologna","codiceCatastale":"I110","cap":"40018","coordinate":{"lat":44.7006481,"lng":11.4032962}},{"nome":"San Pietro in Cerro","codice":"033041","regione":"emilia romagna","provincia":"piacenza","codiceCatastale":"G788","cap":"29010","coordinate":{"lat":45.021425,"lng":9.9486519}},{"nome":"San Polo d'Enza","codice":"035038","regione":"emilia romagna","provincia":"reggio emilia","codiceCatastale":"I123","cap":"42020","coordinate":{"lat":44.6281296,"lng":10.425}},{"nome":"San Possidonio","codice":"036038","regione":"emilia romagna","provincia":"modena","codiceCatastale":"I128","cap":"41039","coordinate":{"lat":44.891671,"lng":10.9980119}},{"nome":"San Prospero","codice":"036039","regione":"emilia romagna","provincia":"modena","codiceCatastale":"I133","cap":"41030","coordinate":{"lat":44.7906296,"lng":11.0231296}},{"nome":"San Secondo Parmense","codice":"034033","regione":"emilia romagna","provincia":"parma","codiceCatastale":"I153","cap":"43017","coordinate":{"lat":44.9226666,"lng":10.2303148}},{"nome":"Sant'Agata Bolognese","codice":"037056","regione":"emilia romagna","provincia":"bologna","codiceCatastale":"I191","cap":"40019","coordinate":{"lat":44.6651666,"lng":11.135}},{"nome":"Sant'Agata Feltria","codice":"099026","regione":"emilia romagna","provincia":"rimini","codiceCatastale":"I201","cap":"47866","coordinate":{"lat":43.8628148,"lng":12.2075185}},{"nome":"Sant'Agata sul Santerno","codice":"039017","regione":"emilia romagna","provincia":"ravenna","codiceCatastale":"I196","cap":"48020","coordinate":{"lat":44.4431296,"lng":11.8612777}},{"nome":"Sant'Ilario d'Enza","codice":"035039","regione":"emilia romagna","provincia":"reggio emilia","codiceCatastale":"I342","cap":"42049","coordinate":{"lat":44.7634444,"lng":10.4492407}},{"nome":"Santa Sofia","codice":"040043","regione":"emilia romagna","provincia":"forlì-cesena","codiceCatastale":"I310","cap":"47018","coordinate":{"lat":43.9467632,"lng":11.9095554}},{"nome":"Santarcangelo di Romagna","codice":"099018","regione":"emilia romagna","provincia":"rimini","codiceCatastale":"I304","cap":"47822","coordinate":{"lat":44.064537,"lng":12.4498703}},{"nome":"Sarmato","codice":"033042","regione":"emilia romagna","provincia":"piacenza","codiceCatastale":"I434","cap":"29010","coordinate":{"lat":45.0579814,"lng":9.4934444}},{"nome":"Sarsina","codice":"040044","regione":"emilia romagna","provincia":"forlì-cesena","codiceCatastale":"I444","cap":"47027","coordinate":{"lat":43.9194,"lng":12.14215}},{"nome":"Sasso Marconi","codice":"037057","regione":"emilia romagna","provincia":"bologna","codiceCatastale":"G972","cap":"40037","coordinate":{"lat":44.4004814,"lng":11.2506481}},{"nome":"Sassuolo","codice":"036040","regione":"emilia romagna","provincia":"modena","codiceCatastale":"I462","cap":"41049","coordinate":{"lat":44.544083,"lng":10.784906}},{"nome":"Savignano sul Panaro","codice":"036041","regione":"emilia romagna","provincia":"modena","codiceCatastale":"I473","cap":"41056","coordinate":{"lat":44.4814176,"lng":11.0362874}},{"nome":"Savignano sul Rubicone","codice":"040045","regione":"emilia romagna","provincia":"forlì-cesena","codiceCatastale":"I472","cap":"47039","coordinate":{"lat":44.0893888,"lng":12.3951666}},{"nome":"Scandiano","codice":"035040","regione":"emilia romagna","provincia":"reggio emilia","codiceCatastale":"I496","cap":"42019","coordinate":{"lat":44.5975185,"lng":10.6917222}},{"nome":"Serramazzoni","codice":"036042","regione":"emilia romagna","provincia":"modena","codiceCatastale":"F357","cap":"41028","coordinate":{"lat":44.4261111,"lng":10.7875}},{"nome":"Sestola","codice":"036043","regione":"emilia romagna","provincia":"modena","codiceCatastale":"I689","cap":"41029","coordinate":{"lat":44.230587,"lng":10.77055}},{"nome":"Sogliano al Rubicone","codice":"040046","regione":"emilia romagna","provincia":"forlì-cesena","codiceCatastale":"I779","cap":"47030","coordinate":{"lat":44.0056296,"lng":12.301574}},{"nome":"Solarolo","codice":"039018","regione":"emilia romagna","provincia":"ravenna","codiceCatastale":"I787","cap":"48027","coordinate":{"lat":44.3614259,"lng":11.8456481}},{"nome":"Soliera","codice":"036044","regione":"emilia romagna","provincia":"modena","codiceCatastale":"I802","cap":"41019","coordinate":{"lat":44.7389074,"lng":10.9273518}},{"nome":"Solignano","codice":"034035","regione":"emilia romagna","provincia":"parma","codiceCatastale":"I803","cap":"43046","coordinate":{"lat":44.614074,"lng":9.976574}},{"nome":"Soragna","codice":"034036","regione":"emilia romagna","provincia":"parma","codiceCatastale":"I840","cap":"43019","coordinate":{"lat":44.929997,"lng":10.125682}},{"nome":"Spilamberto","codice":"036045","regione":"emilia romagna","provincia":"modena","codiceCatastale":"I903","cap":"41057","coordinate":{"lat":44.5353333,"lng":11.0206481}},{"nome":"Talamello","codice":"099027","regione":"emilia romagna","provincia":"rimini","codiceCatastale":"L034","cap":"47867","coordinate":{"lat":43.9041667,"lng":12.2913214}},{"nome":"Terenzo","codice":"034038","regione":"emilia romagna","provincia":"parma","codiceCatastale":"E548","cap":"43040","coordinate":{"lat":44.6109444,"lng":10.0907962}},{"nome":"Tizzano Val Parma","codice":"034039","regione":"emilia romagna","provincia":"parma","codiceCatastale":"L183","cap":"43028","coordinate":{"lat":44.521574,"lng":10.2009629}},{"nome":"Toano","codice":"035041","regione":"emilia romagna","provincia":"reggio emilia","codiceCatastale":"L184","cap":"42010","coordinate":{"lat":44.3780217,"lng":10.5613269}},{"nome":"Tornolo","codice":"034040","regione":"emilia romagna","provincia":"parma","codiceCatastale":"L229","cap":"43059","coordinate":{"lat":44.4853962,"lng":9.625626}},{"nome":"Torrile","codice":"034041","regione":"emilia romagna","provincia":"parma","codiceCatastale":"L299","cap":"43056","coordinate":{"lat":44.9248518,"lng":10.3257962}},{"nome":"Traversetolo","codice":"034042","regione":"emilia romagna","provincia":"parma","codiceCatastale":"L346","cap":"43029","coordinate":{"lat":44.6402363,"lng":10.3813638}},{"nome":"Travo","codice":"033043","regione":"emilia romagna","provincia":"piacenza","codiceCatastale":"L348","cap":"29020","coordinate":{"lat":44.8637241,"lng":9.5458083}},{"nome":"Tredozio","codice":"040049","regione":"emilia romagna","provincia":"forlì-cesena","codiceCatastale":"L361","cap":"47019","coordinate":{"lat":44.0791615,"lng":11.7425495}},{"nome":"Valmozzola","codice":"034044","regione":"emilia romagna","provincia":"parma","codiceCatastale":"L641","cap":"43050","coordinate":{"lat":44.568933,"lng":9.8836765}},{"nome":"Varano de' Melegari","codice":"034045","regione":"emilia romagna","provincia":"parma","codiceCatastale":"L672","cap":"43040","coordinate":{"lat":44.689074,"lng":10.0125}},{"nome":"Varsi","codice":"034046","regione":"emilia romagna","provincia":"parma","codiceCatastale":"L689","cap":"43049","coordinate":{"lat":44.661968,"lng":9.844871}},{"nome":"Vergato","codice":"037059","regione":"emilia romagna","provincia":"bologna","codiceCatastale":"L762","cap":"40038","coordinate":{"lat":44.2828217,"lng":11.1115607}},{"nome":"Verghereto","codice":"040050","regione":"emilia romagna","provincia":"forlì-cesena","codiceCatastale":"L764","cap":"47028","coordinate":{"lat":43.7939074,"lng":12.0050185}},{"nome":"Vernasca","codice":"033044","regione":"emilia romagna","provincia":"piacenza","codiceCatastale":"L772","cap":"29010","coordinate":{"lat":44.8003148,"lng":9.8317407}},{"nome":"Verucchio","codice":"099020","regione":"emilia romagna","provincia":"rimini","codiceCatastale":"L797","cap":"47826","coordinate":{"lat":43.9833248,"lng":12.4229652}},{"nome":"Vetto","codice":"035042","regione":"emilia romagna","provincia":"reggio emilia","codiceCatastale":"L815","cap":"42020","coordinate":{"lat":44.4851666,"lng":10.3386111}},{"nome":"Vezzano sul Crostolo","codice":"035043","regione":"emilia romagna","provincia":"reggio emilia","codiceCatastale":"L820","cap":"42030","coordinate":{"lat":44.602393,"lng":10.547367}},{"nome":"Viano","codice":"035044","regione":"emilia romagna","provincia":"reggio emilia","codiceCatastale":"L831","cap":"42030","coordinate":{"lat":44.5468888,"lng":10.6223703}},{"nome":"Vigarano Mainarda","codice":"038022","regione":"emilia romagna","provincia":"ferrara","codiceCatastale":"L868","cap":"44049","coordinate":{"lat":44.8411111,"lng":11.4957962}},{"nome":"Vignola","codice":"036046","regione":"emilia romagna","provincia":"modena","codiceCatastale":"L885","cap":"41058","coordinate":{"lat":44.4780684,"lng":11.0079756}},{"nome":"Vigolzone","codice":"033045","regione":"emilia romagna","provincia":"piacenza","codiceCatastale":"L897","cap":"29020","coordinate":{"lat":44.913731,"lng":9.668837}},{"nome":"Villa Minozzo","codice":"035045","regione":"emilia romagna","provincia":"reggio emilia","codiceCatastale":"L969","cap":"42030","coordinate":{"lat":44.3661111,"lng":10.467037}},{"nome":"Villanova sull'Arda","codice":"033046","regione":"emilia romagna","provincia":"piacenza","codiceCatastale":"L980","cap":"29010","coordinate":{"lat":45.0275185,"lng":9.999537}},{"nome":"Voghiera","codice":"038023","regione":"emilia romagna","provincia":"ferrara","codiceCatastale":"M110","cap":"44019","coordinate":{"lat":44.756574,"lng":11.7528148}},{"nome":"Zerba","codice":"033047","regione":"emilia romagna","provincia":"piacenza","codiceCatastale":"M165","cap":"29020","coordinate":{"lat":44.6668473,"lng":9.28695}},{"nome":"Ziano Piacentino","codice":"033048","regione":"emilia romagna","provincia":"piacenza","codiceCatastale":"L848","cap":"29010","coordinate":{"lat":45.0025185,"lng":9.4026666}},{"nome":"Zocca","codice":"036047","regione":"emilia romagna","provincia":"modena","codiceCatastale":"M183","cap":"41059","coordinate":{"lat":44.3467471,"lng":10.9938804}},{"nome":"Zola Predosa","codice":"037060","regione":"emilia romagna","provincia":"bologna","codiceCatastale":"M185","cap":"40069","coordinate":{"lat":44.4906296,"lng":11.2193888}},{"nome":"Alto Reno Terme","codice":"037062","regione":"emilia romagna","provincia":"bologna","codiceCatastale":"M369","cap":"40046","coordinate":{"lat":44.1601,"lng":10.9733}},{"nome":"Fiscaglia","codice":"038027","regione":"emilia romagna","provincia":"ferrara","codiceCatastale":"M323","cap":"44027","coordinate":{"lat":44.7988,"lng":11.9754}},{"nome":"Montescudo-Monte Colombo","codice":"099029","regione":"emilia romagna","provincia":"rimini","codiceCatastale":"M368","cap":"47854","coordinate":{"lat":43.9211,"lng":12.5533}},{"nome":"Poggio Torriana","codice":"099028","regione":"emilia romagna","provincia":"rimini","codiceCatastale":"M324","cap":"47824","coordinate":{"lat":43.985,"lng":12.3868}},{"nome":"Polesine Zibello","codice":"034050","regione":"emilia romagna","provincia":"parma","codiceCatastale":"M367","cap":"43016","coordinate":{"lat":45.0194,"lng":10.1307}},{"nome":"Reggio Emilia","codice":"035033","regione":"emilia romagna","provincia":"reggio emilia","codiceCatastale":"H223","cap":"42121","coordinate":{"lat":44.69735289,"lng":10.63007973}},{"nome":"Sissa Trecasali","codice":"034049","regione":"emilia romagna","provincia":"parma","codiceCatastale":"M325","cap":"43018","coordinate":{"lat":44.9583,"lng":10.2591}},{"nome":"Terre del Reno","codice":"038028","regione":"emilia romagna","provincia":"ferrara","codiceCatastale":"M381","cap":"44047","coordinate":{"lat":44.7932,"lng":11.3892}},{"nome":"Valsamoggia","codice":"037061","regione":"emilia romagna","provincia":"bologna","codiceCatastale":"M320","cap":"40053","coordinate":{"lat":44.5031,"lng":11.0804}},{"nome":"Ventasso","codice":"035046","regione":"emilia romagna","provincia":"reggio emilia","codiceCatastale":"M364","cap":"42032","coordinate":{"lat":44.3698,"lng":10.3244}},{"nome":"Alta Val Tidone","codice":"033049","regione":"emilia romagna","provincia":"piacenza","codiceCatastale":"M386","cap":"29031","coordinate":{"lat":45.01803598,"lng":9.44685905}},{"nome":"Riva del Po","codice":"038029","regione":"emilia romagna","provincia":"ferrara","codiceCatastale":"M410","cap":"44033","coordinate":{"lat":44.97935353,"lng":11.97857633}},{"nome":"Sorbolo Mezzani","codice":"034051","regione":"emilia romagna","provincia":"parma","codiceCatastale":"M411","cap":"43058","coordinate":{"lat":44.84647613,"lng":10.4483477}},{"nome":"Tresignana","codice":"038030","regione":"emilia romagna","provincia":"ferrara","codiceCatastale":"M409","cap":"44039","coordinate":{"lat":44.81778085,"lng":11.89681521}}]