[{"nome":"Agazzano","codice":"033001","regione":"emilia-romagna","provincia":"piacenza","sigla":"PC","codiceCatastale":"A067","cap":"29010"},{"nome":"Albareto","codice":"034001","regione":"emilia-romagna","provincia":"parma","sigla":"PR","codiceCatastale":"A138","cap":"43051"},{"nome":"Albinea","codice":"035001","regione":"emilia-romagna","provincia":"reggio nell'emilia","sigla":"RE","codiceCatastale":"A162","cap":"42020"},{"nome":"Alfonsine","codice":"039001","regione":"emilia-romagna","provincia":"ravenna","sigla":"RA","codiceCatastale":"A191","cap":"48011"},{"nome":"Alseno","codice":"033002","regione":"emilia-romagna","provincia":"piacenza","sigla":"PC","codiceCatastale":"A223","cap":"29010"},{"nome":"Alta Val Tidone","codice":"033049","regione":"emilia-romagna","provincia":"piacenza","sigla":"PC","codiceCatastale":"M386","cap":"29031"},{"nome":"Alto Reno Terme","codice":"037062","regione":"emilia-romagna","provincia":"bologna","sigla":"BO","codiceCatastale":"M369","cap":"40046"},{"nome":"Anzola dell'Emilia","codice":"037001","regione":"emilia-romagna","provincia":"bologna","sigla":"BO","codiceCatastale":"A324","cap":"40011"},{"nome":"Argelato","codice":"037002","regione":"emilia-romagna","provincia":"bologna","sigla":"BO","codiceCatastale":"A392","cap":"40050"},{"nome":"Argenta","codice":"038001","regione":"emilia-romagna","provincia":"ferrara","sigla":"FE","codiceCatastale":"A393","cap":"44011"},{"nome":"Bagnacavallo","codice":"039002","regione":"emilia-romagna","provincia":"ravenna","sigla":"RA","codiceCatastale":"A547","cap":"48012"},{"nome":"Bagnara di Romagna","codice":"039003","regione":"emilia-romagna","provincia":"ravenna","sigla":"RA","codiceCatastale":"A551","cap":"48031"},{"nome":"Bagno di Romagna","codice":"040001","regione":"emilia-romagna","provincia":"forlì-cesena","sigla":"FC","codiceCatastale":"A565","cap":"47021"},{"nome":"Bagnolo in Piano","codice":"035002","regione":"emilia-romagna","provincia":"reggio nell'emilia","sigla":"RE","codiceCatastale":"A573","cap":"42011"},{"nome":"Baiso","codice":"035003","regione":"emilia-romagna","provincia":"reggio nell'emilia","sigla":"RE","codiceCatastale":"A586","cap":"42031"},{"nome":"Bardi","codice":"034002","regione":"emilia-romagna","provincia":"parma","sigla":"PR","codiceCatastale":"A646","cap":"43032"},{"nome":"Baricella","codice":"037003","regione":"emilia-romagna","provincia":"bologna","sigla":"BO","codiceCatastale":"A665","cap":"40052"},{"nome":"Bastiglia","codice":"036001","regione":"emilia-romagna","provincia":"modena","sigla":"MO","codiceCatastale":"A713","cap":"41030"},{"nome":"Bedonia","codice":"034003","regione":"emilia-romagna","provincia":"parma","sigla":"PR","codiceCatastale":"A731","cap":"43041"},{"nome":"Bellaria-Igea Marina","codice":"099001","regione":"emilia-romagna","provincia":"rimini","sigla":"RN","codiceCatastale":"A747","cap":"47814"},{"nome":"Bentivoglio","codice":"037005","regione":"emilia-romagna","provincia":"bologna","sigla":"BO","codiceCatastale":"A785","cap":"40010"},{"nome":"Berceto","codice":"034004","regione":"emilia-romagna","provincia":"parma","sigla":"PR","codiceCatastale":"A788","cap":"43042"},{"nome":"Bertinoro","codice":"040003","regione":"emilia-romagna","provincia":"forlì-cesena","sigla":"FC","codiceCatastale":"A809","cap":"47032"},{"nome":"Besenzone","codice":"033003","regione":"emilia-romagna","provincia":"piacenza","sigla":"PC","codiceCatastale":"A823","cap":"29010"},{"nome":"Bettola","codice":"033004","regione":"emilia-romagna","provincia":"piacenza","sigla":"PC","codiceCatastale":"A831","cap":"29021"},{"nome":"Bibbiano","codice":"035004","regione":"emilia-romagna","provincia":"reggio nell'emilia","sigla":"RE","codiceCatastale":"A850","cap":"42021"},{"nome":"Bobbio","codice":"033005","regione":"emilia-romagna","provincia":"piacenza","sigla":"PC","codiceCatastale":"A909","cap":"29022"},{"nome":"Bologna","codice":"037006","regione":"emilia-romagna","provincia":"bologna","sigla":"BO","codiceCatastale":"A944","cap":"40121"},{"nome":"Bomporto","codice":"036002","regione":"emilia-romagna","provincia":"modena","sigla":"MO","codiceCatastale":"A959","cap":"41030"},{"nome":"Bondeno","codice":"038003","regione":"emilia-romagna","provincia":"ferrara","sigla":"FE","codiceCatastale":"A965","cap":"44012"},{"nome":"Bore","codice":"034005","regione":"emilia-romagna","provincia":"parma","sigla":"PR","codiceCatastale":"A987","cap":"43030"},{"nome":"Boretto","codice":"035005","regione":"emilia-romagna","provincia":"reggio nell'emilia","sigla":"RE","codiceCatastale":"A988","cap":"42022"},{"nome":"Borghi","codice":"040004","regione":"emilia-romagna","provincia":"forlì-cesena","sigla":"FC","codiceCatastale":"B001","cap":"47030"},{"nome":"Borgo Tossignano","codice":"037007","regione":"emilia-romagna","provincia":"bologna","sigla":"BO","codiceCatastale":"B044","cap":"40021"},{"nome":"Borgo Val di Taro","codice":"034006","regione":"emilia-romagna","provincia":"parma","sigla":"PR","codiceCatastale":"B042","cap":"43043"},{"nome":"Borgonovo Val Tidone","codice":"033006","regione":"emilia-romagna","provincia":"piacenza","sigla":"PC","codiceCatastale":"B025","cap":"29011"},{"nome":"Brescello","codice":"035006","regione":"emilia-romagna","provincia":"reggio nell'emilia","sigla":"RE","codiceCatastale":"B156","cap":"42041"},{"nome":"Brisighella","codice":"039004","regione":"emilia-romagna","provincia":"ravenna","sigla":"RA","codiceCatastale":"B188","cap":"48013"},{"nome":"Budrio","codice":"037008","regione":"emilia-romagna","provincia":"bologna","sigla":"BO","codiceCatastale":"B249","cap":"40054"},{"nome":"Busseto","codice":"034007","regione":"emilia-romagna","provincia":"parma","sigla":"PR","codiceCatastale":"B293","cap":"43011"},{"nome":"Cadelbosco di Sopra","codice":"035008","regione":"emilia-romagna","provincia":"reggio nell'emilia","sigla":"RE","codiceCatastale":"B328","cap":"42023"},{"nome":"Cadeo","codice":"033007","regione":"emilia-romagna","provincia":"piacenza","sigla":"PC","codiceCatastale":"B332","cap":"29010"},{"nome":"Calderara di Reno","codice":"037009","regione":"emilia-romagna","provincia":"bologna","sigla":"BO","codiceCatastale":"B399","cap":"40012"},{"nome":"Calendasco","codice":"033008","regione":"emilia-romagna","provincia":"piacenza","sigla":"PC","codiceCatastale":"B405","cap":"29010"},{"nome":"Calestano","codice":"034008","regione":"emilia-romagna","provincia":"parma","sigla":"PR","codiceCatastale":"B408","cap":"43030"},{"nome":"Campagnola Emilia","codice":"035009","regione":"emilia-romagna","provincia":"reggio nell'emilia","sigla":"RE","codiceCatastale":"B499","cap":"42012"},{"nome":"Campegine","codice":"035010","regione":"emilia-romagna","provincia":"reggio nell'emilia","sigla":"RE","codiceCatastale":"B502","cap":"42040"},{"nome":"Campogalliano","codice":"036003","regione":"emilia-romagna","provincia":"modena","sigla":"MO","codiceCatastale":"B539","cap":"41011"},{"nome":"Camposanto","codice":"036004","regione":"emilia-romagna","provincia":"modena","sigla":"MO","codiceCatastale":"B566","cap":"41031"},{"nome":"Camugnano","codice":"037010","regione":"emilia-romagna","provincia":"bologna","sigla":"BO","codiceCatastale":"B572","cap":"40032"},{"nome":"Canossa","codice":"035018","regione":"emilia-romagna","provincia":"reggio nell'emilia","sigla":"RE","codiceCatastale":"C669","cap":"42026"},{"nome":"Caorso","codice":"033010","regione":"emilia-romagna","provincia":"piacenza","sigla":"PC","codiceCatastale":"B643","cap":"29012"},{"nome":"Carpaneto Piacentino","codice":"033011","regione":"emilia-romagna","provincia":"piacenza","sigla":"PC","codiceCatastale":"B812","cap":"29013"},{"nome":"Carpi","codice":"036005","regione":"emilia-romagna","provincia":"modena","sigla":"MO","codiceCatastale":"B819","cap":"41012"},{"nome":"Carpineti","codice":"035011","regione":"emilia-romagna","provincia":"reggio nell'emilia","sigla":"RE","codiceCatastale":"B825","cap":"42033"},{"nome":"Casalecchio di Reno","codice":"037011","regione":"emilia-romagna","provincia":"bologna","sigla":"BO","codiceCatastale":"B880","cap":"40033"},{"nome":"Casalfiumanese","codice":"037012","regione":"emilia-romagna","provincia":"bologna","sigla":"BO","codiceCatastale":"B892","cap":"40020"},{"nome":"Casalgrande","codice":"035012","regione":"emilia-romagna","provincia":"reggio nell'emilia","sigla":"RE","codiceCatastale":"B893","cap":"42013"},{"nome":"Casina","codice":"035013","regione":"emilia-romagna","provincia":"reggio nell'emilia","sigla":"RE","codiceCatastale":"B967","cap":"42034"},{"nome":"Casola Valsenio","codice":"039005","regione":"emilia-romagna","provincia":"ravenna","sigla":"RA","codiceCatastale":"B982","cap":"48032"},{"nome":"Castel Bolognese","codice":"039006","regione":"emilia-romagna","provincia":"ravenna","sigla":"RA","codiceCatastale":"C065","cap":"48014"},{"nome":"Castel d'Aiano","codice":"037013","regione":"emilia-romagna","provincia":"bologna","sigla":"BO","codiceCatastale":"C075","cap":"40034"},{"nome":"Castel del Rio","codice":"037014","regione":"emilia-romagna","provincia":"bologna","sigla":"BO","codiceCatastale":"C086","cap":"40022"},{"nome":"Castel di Casio","codice":"037015","regione":"emilia-romagna","provincia":"bologna","sigla":"BO","codiceCatastale":"B969","cap":"40030"},{"nome":"Castel Guelfo di Bologna","codice":"037016","regione":"emilia-romagna","provincia":"bologna","sigla":"BO","codiceCatastale":"C121","cap":"40023"},{"nome":"Castel Maggiore","codice":"037019","regione":"emilia-romagna","provincia":"bologna","sigla":"BO","codiceCatastale":"C204","cap":"40013"},{"nome":"Castel San Giovanni","codice":"033013","regione":"emilia-romagna","provincia":"piacenza","sigla":"PC","codiceCatastale":"C261","cap":"29015"},{"nome":"Castel San Pietro Terme","codice":"037020","regione":"emilia-romagna","provincia":"bologna","sigla":"BO","codiceCatastale":"C265","cap":"40024"},{"nome":"Casteldelci","codice":"099021","regione":"emilia-romagna","provincia":"rimini","sigla":"RN","codiceCatastale":"C080","cap":"47861"},{"nome":"Castelfranco Emilia","codice":"036006","regione":"emilia-romagna","provincia":"modena","sigla":"MO","codiceCatastale":"C107","cap":"41013"},{"nome":"Castell'Arquato","codice":"033012","regione":"emilia-romagna","provincia":"piacenza","sigla":"PC","codiceCatastale":"C145","cap":"29014"},{"nome":"Castellarano","codice":"035014","regione":"emilia-romagna","provincia":"reggio nell'emilia","sigla":"RE","codiceCatastale":"C141","cap":"42014"},{"nome":"Castello d'Argile","codice":"037017","regione":"emilia-romagna","provincia":"bologna","sigla":"BO","codiceCatastale":"C185","cap":"40050"},{"nome":"Castelnovo di Sotto","codice":"035015","regione":"emilia-romagna","provincia":"reggio nell'emilia","sigla":"RE","codiceCatastale":"C218","cap":"42024"},{"nome":"Castelnovo ne' Monti","codice":"035016","regione":"emilia-romagna","provincia":"reggio nell'emilia","sigla":"RE","codiceCatastale":"C219","cap":"42035"},{"nome":"Castelnuovo Rangone","codice":"036007","regione":"emilia-romagna","provincia":"modena","sigla":"MO","codiceCatastale":"C242","cap":"41051"},{"nome":"Castelvetro di Modena","codice":"036008","regione":"emilia-romagna","provincia":"modena","sigla":"MO","codiceCatastale":"C287","cap":"41014"},{"nome":"Castelvetro Piacentino","codice":"033014","regione":"emilia-romagna","provincia":"piacenza","sigla":"PC","codiceCatastale":"C288","cap":"29010"},{"nome":"Castenaso","codice":"037021","regione":"emilia-romagna","provincia":"bologna","sigla":"BO","codiceCatastale":"C292","cap":"40055"},{"nome":"Castiglione dei Pepoli","codice":"037022","regione":"emilia-romagna","provincia":"bologna","sigla":"BO","codiceCatastale":"C296","cap":"40035"},{"nome":"Castrocaro Terme e Terra del Sole","codice":"040005","regione":"emilia-romagna","provincia":"forlì-cesena","sigla":"FC","codiceCatastale":"C339","cap":"47011"},{"nome":"Cattolica","codice":"099002","regione":"emilia-romagna","provincia":"rimini","sigla":"RN","codiceCatastale":"C357","cap":"47841"},{"nome":"Cavezzo","codice":"036009","regione":"emilia-romagna","provincia":"modena","sigla":"MO","codiceCatastale":"C398","cap":"41032"},{"nome":"Cavriago","codice":"035017","regione":"emilia-romagna","provincia":"reggio nell'emilia","sigla":"RE","codiceCatastale":"C405","cap":"42025"},{"nome":"Cento","codice":"038004","regione":"emilia-romagna","provincia":"ferrara","sigla":"FE","codiceCatastale":"C469","cap":"44042"},{"nome":"Cerignale","codice":"033015","regione":"emilia-romagna","provincia":"piacenza","sigla":"PC","codiceCatastale":"C513","cap":"29020"},{"nome":"Cervia","codice":"039007","regione":"emilia-romagna","provincia":"ravenna","sigla":"RA","codiceCatastale":"C553","cap":"48015"},{"nome":"Cesena","codice":"040007","regione":"emilia-romagna","provincia":"forlì-cesena","sigla":"FC","codiceCatastale":"C573","cap":"47521"},{"nome":"Cesenatico","codice":"040008","regione":"emilia-romagna","provincia":"forlì-cesena","sigla":"FC","codiceCatastale":"C574","cap":"47042"},{"nome":"Civitella di Romagna","codice":"040009","regione":"emilia-romagna","provincia":"forlì-cesena","sigla":"FC","codiceCatastale":"C777","cap":"47012"},{"nome":"Codigoro","codice":"038005","regione":"emilia-romagna","provincia":"ferrara","sigla":"FE","codiceCatastale":"C814","cap":"44021"},{"nome":"Coli","codice":"033016","regione":"emilia-romagna","provincia":"piacenza","sigla":"PC","codiceCatastale":"C838","cap":"29020"},{"nome":"Collecchio","codice":"034009","regione":"emilia-romagna","provincia":"parma","sigla":"PR","codiceCatastale":"C852","cap":"43044"},{"nome":"Colorno","codice":"034010","regione":"emilia-romagna","provincia":"parma","sigla":"PR","codiceCatastale":"C904","cap":"43052"},{"nome":"Comacchio","codice":"038006","regione":"emilia-romagna","provincia":"ferrara","sigla":"FE","codiceCatastale":"C912","cap":"44022"},{"nome":"Compiano","codice":"034011","regione":"emilia-romagna","provincia":"parma","sigla":"PR","codiceCatastale":"C934","cap":"43053"},{"nome":"Concordia sulla Secchia","codice":"036010","regione":"emilia-romagna","provincia":"modena","sigla":"MO","codiceCatastale":"C951","cap":"41033"},{"nome":"Conselice","codice":"039008","regione":"emilia-romagna","provincia":"ravenna","sigla":"RA","codiceCatastale":"C963","cap":"48017"},{"nome":"Copparo","codice":"038007","regione":"emilia-romagna","provincia":"ferrara","sigla":"FE","codiceCatastale":"C980","cap":"44034"},{"nome":"Coriano","codice":"099003","regione":"emilia-romagna","provincia":"rimini","sigla":"RN","codiceCatastale":"D004","cap":"47853"},{"nome":"Corniglio","codice":"034012","regione":"emilia-romagna","provincia":"parma","sigla":"PR","codiceCatastale":"D026","cap":"43021"},{"nome":"Correggio","codice":"035020","regione":"emilia-romagna","provincia":"reggio nell'emilia","sigla":"RE","codiceCatastale":"D037","cap":"42015"},{"nome":"Corte Brugnatella","codice":"033017","regione":"emilia-romagna","provincia":"piacenza","sigla":"PC","codiceCatastale":"D054","cap":"29020"},{"nome":"Cortemaggiore","codice":"033018","regione":"emilia-romagna","provincia":"piacenza","sigla":"PC","codiceCatastale":"D061","cap":"29016"},{"nome":"Cotignola","codice":"039009","regione":"emilia-romagna","provincia":"ravenna","sigla":"RA","codiceCatastale":"D121","cap":"48033"},{"nome":"Crevalcore","codice":"037024","regione":"emilia-romagna","provincia":"bologna","sigla":"BO","codiceCatastale":"D166","cap":"40014"},{"nome":"Dovadola","codice":"040011","regione":"emilia-romagna","provincia":"forlì-cesena","sigla":"FC","codiceCatastale":"D357","cap":"47013"},{"nome":"Dozza","codice":"037025","regione":"emilia-romagna","provincia":"bologna","sigla":"BO","codiceCatastale":"D360","cap":"40060"},{"nome":"Fabbrico","codice":"035021","regione":"emilia-romagna","provincia":"reggio nell'emilia","sigla":"RE","codiceCatastale":"D450","cap":"42042"},{"nome":"Faenza","codice":"039010","regione":"emilia-romagna","provincia":"ravenna","sigla":"RA","codiceCatastale":"D458","cap":"48018"},{"nome":"Fanano","codice":"036011","regione":"emilia-romagna","provincia":"modena","sigla":"MO","codiceCatastale":"D486","cap":"41021"},{"nome":"Farini","codice":"033019","regione":"emilia-romagna","provincia":"piacenza","sigla":"PC","codiceCatastale":"D502","cap":"29023"},{"nome":"Felino","codice":"034013","regione":"emilia-romagna","provincia":"parma","sigla":"PR","codiceCatastale":"D526","cap":"43035"},{"nome":"Ferrara","codice":"038008","regione":"emilia-romagna","provincia":"ferrara","sigla":"FE","codiceCatastale":"D548","cap":"44121"},{"nome":"Ferriere","codice":"033020","regione":"emilia-romagna","provincia":"piacenza","sigla":"PC","codiceCatastale":"D555","cap":"29024"},{"nome":"Fidenza","codice":"034014","regione":"emilia-romagna","provincia":"parma","sigla":"PR","codiceCatastale":"B034","cap":"43036"},{"nome":"Finale Emilia","codice":"036012","regione":"emilia-romagna","provincia":"modena","sigla":"MO","codiceCatastale":"D599","cap":"41034"},{"nome":"Fiorano Modenese","codice":"036013","regione":"emilia-romagna","provincia":"modena","sigla":"MO","codiceCatastale":"D607","cap":"41042"},{"nome":"Fiorenzuola d'Arda","codice":"033021","regione":"emilia-romagna","provincia":"piacenza","sigla":"PC","codiceCatastale":"D611","cap":"29017"},{"nome":"Fiscaglia","codice":"038027","regione":"emilia-romagna","provincia":"ferrara","sigla":"FE","codiceCatastale":"M323","cap":"44027"},{"nome":"Fiumalbo","codice":"036014","regione":"emilia-romagna","provincia":"modena","sigla":"MO","codiceCatastale":"D617","cap":"41022"},{"nome":"Fontanelice","codice":"037026","regione":"emilia-romagna","provincia":"bologna","sigla":"BO","codiceCatastale":"D668","cap":"40025"},{"nome":"Fontanellato","codice":"034015","regione":"emilia-romagna","provincia":"parma","sigla":"PR","codiceCatastale":"D673","cap":"43012"},{"nome":"Fontevivo","codice":"034016","regione":"emilia-romagna","provincia":"parma","sigla":"PR","codiceCatastale":"D685","cap":"43010"},{"nome":"Forlì","codice":"040012","regione":"emilia-romagna","provincia":"forlì-cesena","sigla":"FC","codiceCatastale":"D704","cap":"47121"},{"nome":"Forlimpopoli","codice":"040013","regione":"emilia-romagna","provincia":"forlì-cesena","sigla":"FC","codiceCatastale":"D705","cap":"47034"},{"nome":"Formigine","codice":"036015","regione":"emilia-romagna","provincia":"modena","sigla":"MO","codiceCatastale":"D711","cap":"41043"},{"nome":"Fornovo di Taro","codice":"034017","regione":"emilia-romagna","provincia":"parma","sigla":"PR","codiceCatastale":"D728","cap":"43045"},{"nome":"Frassinoro","codice":"036016","regione":"emilia-romagna","provincia":"modena","sigla":"MO","codiceCatastale":"D783","cap":"41044"},{"nome":"Fusignano","codice":"039011","regione":"emilia-romagna","provincia":"ravenna","sigla":"RA","codiceCatastale":"D829","cap":"48034"},{"nome":"Gaggio Montano","codice":"037027","regione":"emilia-romagna","provincia":"bologna","sigla":"BO","codiceCatastale":"D847","cap":"40041"},{"nome":"Galeata","codice":"040014","regione":"emilia-romagna","provincia":"forlì-cesena","sigla":"FC","codiceCatastale":"D867","cap":"47010"},{"nome":"Galliera","codice":"037028","regione":"emilia-romagna","provincia":"bologna","sigla":"BO","codiceCatastale":"D878","cap":"40015"},{"nome":"Gambettola","codice":"040015","regione":"emilia-romagna","provincia":"forlì-cesena","sigla":"FC","codiceCatastale":"D899","cap":"47035"},{"nome":"Gattatico","codice":"035022","regione":"emilia-romagna","provincia":"reggio nell'emilia","sigla":"RE","codiceCatastale":"D934","cap":"42043"},{"nome":"Gatteo","codice":"040016","regione":"emilia-romagna","provincia":"forlì-cesena","sigla":"FC","codiceCatastale":"D935","cap":"47043"},{"nome":"Gazzola","codice":"033022","regione":"emilia-romagna","provincia":"piacenza","sigla":"PC","codiceCatastale":"D958","cap":"29010"},{"nome":"Gemmano","codice":"099004","regione":"emilia-romagna","provincia":"rimini","sigla":"RN","codiceCatastale":"D961","cap":"47855"},{"nome":"Goro","codice":"038025","regione":"emilia-romagna","provincia":"ferrara","sigla":"FE","codiceCatastale":"E107","cap":"44020"},{"nome":"Gossolengo","codice":"033023","regione":"emilia-romagna","provincia":"piacenza","sigla":"PC","codiceCatastale":"E114","cap":"29020"},{"nome":"Gragnano Trebbiense","codice":"033024","regione":"emilia-romagna","provincia":"piacenza","sigla":"PC","codiceCatastale":"E132","cap":"29010"},{"nome":"Granarolo dell'Emilia","codice":"037030","regione":"emilia-romagna","provincia":"bologna","sigla":"BO","codiceCatastale":"E136","cap":"40057"},{"nome":"Grizzana Morandi","codice":"037031","regione":"emilia-romagna","provincia":"bologna","sigla":"BO","codiceCatastale":"E187","cap":"40030"},{"nome":"Gropparello","codice":"033025","regione":"emilia-romagna","provincia":"piacenza","sigla":"PC","codiceCatastale":"E196","cap":"29025"},{"nome":"Gualtieri","codice":"035023","regione":"emilia-romagna","provincia":"reggio nell'emilia","sigla":"RE","codiceCatastale":"E232","cap":"42044"},{"nome":"Guastalla","codice":"035024","regione":"emilia-romagna","provincia":"reggio nell'emilia","sigla":"RE","codiceCatastale":"E253","cap":"42016"},{"nome":"Guiglia","codice":"036017","regione":"emilia-romagna","provincia":"modena","sigla":"MO","codiceCatastale":"E264","cap":"41052"},{"nome":"Imola","codice":"037032","regione":"emilia-romagna","provincia":"bologna","sigla":"BO","codiceCatastale":"E289","cap":"40026"},{"nome":"Jolanda di Savoia","codice":"038010","regione":"emilia-romagna","provincia":"ferrara","sigla":"FE","codiceCatastale":"E320","cap":"44037"},{"nome":"Lagosanto","codice":"038011","regione":"emilia-romagna","provincia":"ferrara","sigla":"FE","codiceCatastale":"E410","cap":"44023"},{"nome":"Lama Mocogno","codice":"036018","regione":"emilia-romagna","provincia":"modena","sigla":"MO","codiceCatastale":"E426","cap":"41023"},{"nome":"Langhirano","codice":"034018","regione":"emilia-romagna","provincia":"parma","sigla":"PR","codiceCatastale":"E438","cap":"43013"},{"nome":"Lesignano de' Bagni","codice":"034019","regione":"emilia-romagna","provincia":"parma","sigla":"PR","codiceCatastale":"E547","cap":"43037"},{"nome":"Lizzano in Belvedere","codice":"037033","regione":"emilia-romagna","provincia":"bologna","sigla":"BO","codiceCatastale":"A771","cap":"40042"},{"nome":"Loiano","codice":"037034","regione":"emilia-romagna","provincia":"bologna","sigla":"BO","codiceCatastale":"E655","cap":"40050"},{"nome":"Longiano","codice":"040018","regione":"emilia-romagna","provincia":"forlì-cesena","sigla":"FC","codiceCatastale":"E675","cap":"47020"},{"nome":"Lugagnano Val d'Arda","codice":"033026","regione":"emilia-romagna","provincia":"piacenza","sigla":"PC","codiceCatastale":"E726","cap":"29018"},{"nome":"Lugo","codice":"039012","regione":"emilia-romagna","provincia":"ravenna","sigla":"RA","codiceCatastale":"E730","cap":"48022"},{"nome":"Luzzara","codice":"035026","regione":"emilia-romagna","provincia":"reggio nell'emilia","sigla":"RE","codiceCatastale":"E772","cap":"42045"},{"nome":"Maiolo","codice":"099022","regione":"emilia-romagna","provincia":"rimini","sigla":"RN","codiceCatastale":"E838","cap":"47862"},{"nome":"Malalbergo","codice":"037035","regione":"emilia-romagna","provincia":"bologna","sigla":"BO","codiceCatastale":"E844","cap":"40051"},{"nome":"Maranello","codice":"036019","regione":"emilia-romagna","provincia":"modena","sigla":"MO","codiceCatastale":"E904","cap":"41053"},{"nome":"Marano sul Panaro","codice":"036020","regione":"emilia-romagna","provincia":"modena","sigla":"MO","codiceCatastale":"E905","cap":"41054"},{"nome":"Marzabotto","codice":"037036","regione":"emilia-romagna","provincia":"bologna","sigla":"BO","codiceCatastale":"B689","cap":"40043"},{"nome":"Masi Torello","codice":"038012","regione":"emilia-romagna","provincia":"ferrara","sigla":"FE","codiceCatastale":"F016","cap":"44020"},{"nome":"Massa Lombarda","codice":"039013","regione":"emilia-romagna","provincia":"ravenna","sigla":"RA","codiceCatastale":"F029","cap":"48024"},{"nome":"Medesano","codice":"034020","regione":"emilia-romagna","provincia":"parma","sigla":"PR","codiceCatastale":"F082","cap":"43014"},{"nome":"Medicina","codice":"037037","regione":"emilia-romagna","provincia":"bologna","sigla":"BO","codiceCatastale":"F083","cap":"40059"},{"nome":"Medolla","codice":"036021","regione":"emilia-romagna","provincia":"modena","sigla":"MO","codiceCatastale":"F087","cap":"41036"},{"nome":"Meldola","codice":"040019","regione":"emilia-romagna","provincia":"forlì-cesena","sigla":"FC","codiceCatastale":"F097","cap":"47014"},{"nome":"Mercato Saraceno","codice":"040020","regione":"emilia-romagna","provincia":"forlì-cesena","sigla":"FC","codiceCatastale":"F139","cap":"47025"},{"nome":"Mesola","codice":"038014","regione":"emilia-romagna","provincia":"ferrara","sigla":"FE","codiceCatastale":"F156","cap":"44026"},{"nome":"Minerbio","codice":"037038","regione":"emilia-romagna","provincia":"bologna","sigla":"BO","codiceCatastale":"F219","cap":"40061"},{"nome":"Mirandola","codice":"036022","regione":"emilia-romagna","provincia":"modena","sigla":"MO","codiceCatastale":"F240","cap":"41037"},{"nome":"Misano Adriatico","codice":"099005","regione":"emilia-romagna","provincia":"rimini","sigla":"RN","codiceCatastale":"F244","cap":"47843"},{"nome":"Modena","codice":"036023","regione":"emilia-romagna","provincia":"modena","sigla":"MO","codiceCatastale":"F257","cap":"41121"},{"nome":"Modigliana","codice":"040022","regione":"emilia-romagna","provincia":"forlì-cesena","sigla":"FC","codiceCatastale":"F259","cap":"47015"},{"nome":"Molinella","codice":"037039","regione":"emilia-romagna","provincia":"bologna","sigla":"BO","codiceCatastale":"F288","cap":"40062"},{"nome":"Monchio delle Corti","codice":"034022","regione":"emilia-romagna","provincia":"parma","sigla":"PR","codiceCatastale":"F340","cap":"43010"},{"nome":"Mondaino","codice":"099006","regione":"emilia-romagna","provincia":"rimini","sigla":"RN","codiceCatastale":"F346","cap":"47836"},{"nome":"Monghidoro","codice":"037040","regione":"emilia-romagna","provincia":"bologna","sigla":"BO","codiceCatastale":"F363","cap":"40063"},{"nome":"Monte San Pietro","codice":"037042","regione":"emilia-romagna","provincia":"bologna","sigla":"BO","codiceCatastale":"F627","cap":"40050"},{"nome":"Montecchio Emilia","codice":"035027","regione":"emilia-romagna","provincia":"reggio nell'emilia","sigla":"RE","codiceCatastale":"F463","cap":"42027"},{"nome":"Montechiarugolo","codice":"034023","regione":"emilia-romagna","provincia":"parma","sigla":"PR","codiceCatastale":"F473","cap":"43022"},{"nome":"Montecreto","codice":"036024","regione":"emilia-romagna","provincia":"modena","sigla":"MO","codiceCatastale":"F484","cap":"41025"},{"nome":"Montefiore Conca","codice":"099008","regione":"emilia-romagna","provincia":"rimini","sigla":"RN","codiceCatastale":"F502","cap":"47834"},{"nome":"Montefiorino","codice":"036025","regione":"emilia-romagna","provincia":"modena","sigla":"MO","codiceCatastale":"F503","cap":"41045"},{"nome":"Montegridolfo","codice":"099009","regione":"emilia-romagna","provincia":"rimini","sigla":"RN","codiceCatastale":"F523","cap":"47837"},{"nome":"Monterenzio","codice":"037041","regione":"emilia-romagna","provincia":"bologna","sigla":"BO","codiceCatastale":"F597","cap":"40050"},{"nome":"Montescudo-Monte Colombo","codice":"099029","regione":"emilia-romagna","provincia":"rimini","sigla":"RN","codiceCatastale":"M368","cap":"47854"},{"nome":"Montese","codice":"036026","regione":"emilia-romagna","provincia":"modena","sigla":"MO","codiceCatastale":"F642","cap":"41055"},{"nome":"Montiano","codice":"040028","regione":"emilia-romagna","provincia":"forlì-cesena","sigla":"FC","codiceCatastale":"F668","cap":"47020"},{"nome":"Monticelli d'Ongina","codice":"033027","regione":"emilia-romagna","provincia":"piacenza","sigla":"PC","codiceCatastale":"F671","cap":"29010"},{"nome":"Monzuno","codice":"037044","regione":"emilia-romagna","provincia":"bologna","sigla":"BO","codiceCatastale":"F706","cap":"40036"},{"nome":"Morciano di Romagna","codice":"099011","regione":"emilia-romagna","provincia":"rimini","sigla":"RN","codiceCatastale":"F715","cap":"47833"},{"nome":"Mordano","codice":"037045","regione":"emilia-romagna","provincia":"bologna","sigla":"BO","codiceCatastale":"F718","cap":"40027"},{"nome":"Morfasso","codice":"033028","regione":"emilia-romagna","provincia":"piacenza","sigla":"PC","codiceCatastale":"F724","cap":"29020"},{"nome":"Neviano degli Arduini","codice":"034024","regione":"emilia-romagna","provincia":"parma","sigla":"PR","codiceCatastale":"F882","cap":"43024"},{"nome":"Noceto","codice":"034025","regione":"emilia-romagna","provincia":"parma","sigla":"PR","codiceCatastale":"F914","cap":"43015"},{"nome":"Nonantola","codice":"036027","regione":"emilia-romagna","provincia":"modena","sigla":"MO","codiceCatastale":"F930","cap":"41015"},{"nome":"Novafeltria","codice":"099023","regione":"emilia-romagna","provincia":"rimini","sigla":"RN","codiceCatastale":"F137","cap":"47863"},{"nome":"Novellara","codice":"035028","regione":"emilia-romagna","provincia":"reggio nell'emilia","sigla":"RE","codiceCatastale":"F960","cap":"42017"},{"nome":"Novi di Modena","codice":"036028","regione":"emilia-romagna","provincia":"modena","sigla":"MO","codiceCatastale":"F966","cap":"41016"},{"nome":"Ostellato","codice":"038017","regione":"emilia-romagna","provincia":"ferrara","sigla":"FE","codiceCatastale":"G184","cap":"44020"},{"nome":"Ottone","codice":"033030","regione":"emilia-romagna","provincia":"piacenza","sigla":"PC","codiceCatastale":"G195","cap":"29026"},{"nome":"Ozzano dell'Emilia","codice":"037046","regione":"emilia-romagna","provincia":"bologna","sigla":"BO","codiceCatastale":"G205","cap":"40064"},{"nome":"Palagano","codice":"036029","regione":"emilia-romagna","provincia":"modena","sigla":"MO","codiceCatastale":"G250","cap":"41046"},{"nome":"Palanzano","codice":"034026","regione":"emilia-romagna","provincia":"parma","sigla":"PR","codiceCatastale":"G255","cap":"43025"},{"nome":"Parma","codice":"034027","regione":"emilia-romagna","provincia":"parma","sigla":"PR","codiceCatastale":"G337","cap":"43121"},{"nome":"Pavullo nel Frignano","codice":"036030","regione":"emilia-romagna","provincia":"modena","sigla":"MO","codiceCatastale":"G393","cap":"41026"},{"nome":"Pellegrino Parmense","codice":"034028","regione":"emilia-romagna","provincia":"parma","sigla":"PR","codiceCatastale":"G424","cap":"43047"},{"nome":"Pennabilli","codice":"099024","regione":"emilia-romagna","provincia":"rimini","sigla":"RN","codiceCatastale":"G433","cap":"47864"},{"nome":"Piacenza","codice":"033032","regione":"emilia-romagna","provincia":"piacenza","sigla":"PC","codiceCatastale":"G535","cap":"29121"},{"nome":"Pianello Val Tidone","codice":"033033","regione":"emilia-romagna","provincia":"piacenza","sigla":"PC","codiceCatastale":"G557","cap":"29010"},{"nome":"Pianoro","codice":"037047","regione":"emilia-romagna","provincia":"bologna","sigla":"BO","codiceCatastale":"G570","cap":"40065"},{"nome":"Pieve di Cento","codice":"037048","regione":"emilia-romagna","provincia":"bologna","sigla":"BO","codiceCatastale":"G643","cap":"40066"},{"nome":"Pievepelago","codice":"036031","regione":"emilia-romagna","provincia":"modena","sigla":"MO","codiceCatastale":"G649","cap":"41027"},{"nome":"Piozzano","codice":"033034","regione":"emilia-romagna","provincia":"piacenza","sigla":"PC","codiceCatastale":"G696","cap":"29010"},{"nome":"Podenzano","codice":"033035","regione":"emilia-romagna","provincia":"piacenza","sigla":"PC","codiceCatastale":"G747","cap":"29027"},{"nome":"Poggio Renatico","codice":"038018","regione":"emilia-romagna","provincia":"ferrara","sigla":"FE","codiceCatastale":"G768","cap":"44028"},{"nome":"Poggio Torriana","codice":"099028","regione":"emilia-romagna","provincia":"rimini","sigla":"RN","codiceCatastale":"M324","cap":"47824"},{"nome":"Polesine Zibello","codice":"034050","regione":"emilia-romagna","provincia":"parma","sigla":"PR","codiceCatastale":"M367","cap":"43016"},{"nome":"Polinago","codice":"036032","regione":"emilia-romagna","provincia":"modena","sigla":"MO","codiceCatastale":"G789","cap":"41040"},{"nome":"Ponte dell'Olio","codice":"033036","regione":"emilia-romagna","provincia":"piacenza","sigla":"PC","codiceCatastale":"G842","cap":"29028"},{"nome":"Pontenure","codice":"033037","regione":"emilia-romagna","provincia":"piacenza","sigla":"PC","codiceCatastale":"G852","cap":"29010"},{"nome":"Portico e San Benedetto","codice":"040031","regione":"emilia-romagna","provincia":"forlì-cesena","sigla":"FC","codiceCatastale":"G904","cap":"47010"},{"nome":"Portomaggiore","codice":"038019","regione":"emilia-romagna","provincia":"ferrara","sigla":"FE","codiceCatastale":"G916","cap":"44015"},{"nome":"Poviglio","codice":"035029","regione":"emilia-romagna","provincia":"reggio nell'emilia","sigla":"RE","codiceCatastale":"G947","cap":"42028"},{"nome":"Predappio","codice":"040032","regione":"emilia-romagna","provincia":"forlì-cesena","sigla":"FC","codiceCatastale":"H017","cap":"47016"},{"nome":"Premilcuore","codice":"040033","regione":"emilia-romagna","provincia":"forlì-cesena","sigla":"FC","codiceCatastale":"H034","cap":"47010"},{"nome":"Prignano sulla Secchia","codice":"036033","regione":"emilia-romagna","provincia":"modena","sigla":"MO","codiceCatastale":"H061","cap":"41048"},{"nome":"Quattro Castella","codice":"035030","regione":"emilia-romagna","provincia":"reggio nell'emilia","sigla":"RE","codiceCatastale":"H122","cap":"42020"},{"nome":"Ravarino","codice":"036034","regione":"emilia-romagna","provincia":"modena","sigla":"MO","codiceCatastale":"H195","cap":"41017"},{"nome":"Ravenna","codice":"039014","regione":"emilia-romagna","provincia":"ravenna","sigla":"RA","codiceCatastale":"H199","cap":"48121"},{"nome":"Reggio nell'Emilia","codice":"035033","regione":"emilia-romagna","provincia":"reggio nell'emilia","sigla":"RE","codiceCatastale":"H223","cap":"42121"},{"nome":"Reggiolo","codice":"035032","regione":"emilia-romagna","provincia":"reggio nell'emilia","sigla":"RE","codiceCatastale":"H225","cap":"42046"},{"nome":"Riccione","codice":"099013","regione":"emilia-romagna","provincia":"rimini","sigla":"RN","codiceCatastale":"H274","cap":"47838"},{"nome":"Rimini","codice":"099014","regione":"emilia-romagna","provincia":"rimini","sigla":"RN","codiceCatastale":"H294","cap":"47921"},{"nome":"Rio Saliceto","codice":"035034","regione":"emilia-romagna","provincia":"reggio nell'emilia","sigla":"RE","codiceCatastale":"H298","cap":"42010"},{"nome":"Riolo Terme","codice":"039015","regione":"emilia-romagna","provincia":"ravenna","sigla":"RA","codiceCatastale":"H302","cap":"48025"},{"nome":"Riolunato","codice":"036035","regione":"emilia-romagna","provincia":"modena","sigla":"MO","codiceCatastale":"H303","cap":"41020"},{"nome":"Riva del Po","codice":"038029","regione":"emilia-romagna","provincia":"ferrara","sigla":"FE","codiceCatastale":"M410","cap":"44033"},{"nome":"Rivergaro","codice":"033038","regione":"emilia-romagna","provincia":"piacenza","sigla":"PC","codiceCatastale":"H350","cap":"29029"},{"nome":"Rocca San Casciano","codice":"040036","regione":"emilia-romagna","provincia":"forlì-cesena","sigla":"FC","codiceCatastale":"H437","cap":"47017"},{"nome":"Roccabianca","codice":"034030","regione":"emilia-romagna","provincia":"parma","sigla":"PR","codiceCatastale":"H384","cap":"43010"},{"nome":"Rolo","codice":"035035","regione":"emilia-romagna","provincia":"reggio nell'emilia","sigla":"RE","codiceCatastale":"H500","cap":"42047"},{"nome":"Roncofreddo","codice":"040037","regione":"emilia-romagna","provincia":"forlì-cesena","sigla":"FC","codiceCatastale":"H542","cap":"47020"},{"nome":"Rottofreno","codice":"033039","regione":"emilia-romagna","provincia":"piacenza","sigla":"PC","codiceCatastale":"H593","cap":"29010"},{"nome":"Rubiera","codice":"035036","regione":"emilia-romagna","provincia":"reggio nell'emilia","sigla":"RE","codiceCatastale":"H628","cap":"42048"},{"nome":"Russi","codice":"039016","regione":"emilia-romagna","provincia":"ravenna","sigla":"RA","codiceCatastale":"H642","cap":"48026"},{"nome":"Sala Baganza","codice":"034031","regione":"emilia-romagna","provincia":"parma","sigla":"PR","codiceCatastale":"H682","cap":"43038"},{"nome":"Sala Bolognese","codice":"037050","regione":"emilia-romagna","provincia":"bologna","sigla":"BO","codiceCatastale":"H678","cap":"40010"},{"nome":"Salsomaggiore Terme","codice":"034032","regione":"emilia-romagna","provincia":"parma","sigla":"PR","codiceCatastale":"H720","cap":"43039"},{"nome":"Saludecio","codice":"099015","regione":"emilia-romagna","provincia":"rimini","sigla":"RN","codiceCatastale":"H724","cap":"47835"},{"nome":"San Benedetto Val di Sambro","codice":"037051","regione":"emilia-romagna","provincia":"bologna","sigla":"BO","codiceCatastale":"G566","cap":"40048"},{"nome":"San Cesario sul Panaro","codice":"036036","regione":"emilia-romagna","provincia":"modena","sigla":"MO","codiceCatastale":"H794","cap":"41018"},{"nome":"San Clemente","codice":"099016","regione":"emilia-romagna","provincia":"rimini","sigla":"RN","codiceCatastale":"H801","cap":"47832"},{"nome":"San Felice sul Panaro","codice":"036037","regione":"emilia-romagna","provincia":"modena","sigla":"MO","codiceCatastale":"H835","cap":"41038"},{"nome":"San Giorgio di Piano","codice":"037052","regione":"emilia-romagna","provincia":"bologna","sigla":"BO","codiceCatastale":"H896","cap":"40016"},{"nome":"San Giorgio Piacentino","codice":"033040","regione":"emilia-romagna","provincia":"piacenza","sigla":"PC","codiceCatastale":"H887","cap":"29019"},{"nome":"San Giovanni in Marignano","codice":"099017","regione":"emilia-romagna","provincia":"rimini","sigla":"RN","codiceCatastale":"H921","cap":"47842"},{"nome":"San Giovanni in Persiceto","codice":"037053","regione":"emilia-romagna","provincia":"bologna","sigla":"BO","codiceCatastale":"G467","cap":"40017"},{"nome":"San Lazzaro di Savena","codice":"037054","regione":"emilia-romagna","provincia":"bologna","sigla":"BO","codiceCatastale":"H945","cap":"40068"},{"nome":"San Leo","codice":"099025","regione":"emilia-romagna","provincia":"rimini","sigla":"RN","codiceCatastale":"H949","cap":"47865"},{"nome":"San Martino in Rio","codice":"035037","regione":"emilia-romagna","provincia":"reggio nell'emilia","sigla":"RE","codiceCatastale":"I011","cap":"42018"},{"nome":"San Mauro Pascoli","codice":"040041","regione":"emilia-romagna","provincia":"forlì-cesena","sigla":"FC","codiceCatastale":"I027","cap":"47030"},{"nome":"San Pietro in Casale","codice":"037055","regione":"emilia-romagna","provincia":"bologna","sigla":"BO","codiceCatastale":"I110","cap":"40018"},{"nome":"San Pietro in Cerro","codice":"033041","regione":"emilia-romagna","provincia":"piacenza","sigla":"PC","codiceCatastale":"G788","cap":"29010"},{"nome":"San Polo d'Enza","codice":"035038","regione":"emilia-romagna","provincia":"reggio nell'emilia","sigla":"RE","codiceCatastale":"I123","cap":"42020"},{"nome":"San Possidonio","codice":"036038","regione":"emilia-romagna","provincia":"modena","sigla":"MO","codiceCatastale":"I128","cap":"41039"},{"nome":"San Prospero","codice":"036039","regione":"emilia-romagna","provincia":"modena","sigla":"MO","codiceCatastale":"I133","cap":"41030"},{"nome":"San Secondo Parmense","codice":"034033","regione":"emilia-romagna","provincia":"parma","sigla":"PR","codiceCatastale":"I153","cap":"43017"},{"nome":"Sant'Agata Bolognese","codice":"037056","regione":"emilia-romagna","provincia":"bologna","sigla":"BO","codiceCatastale":"I191","cap":"40019"},{"nome":"Sant'Agata Feltria","codice":"099026","regione":"emilia-romagna","provincia":"rimini","sigla":"RN","codiceCatastale":"I201","cap":"47866"},{"nome":"Sant'Agata sul Santerno","codice":"039017","regione":"emilia-romagna","provincia":"ravenna","sigla":"RA","codiceCatastale":"I196","cap":"48020"},{"nome":"Sant'Ilario d'Enza","codice":"035039","regione":"emilia-romagna","provincia":"reggio nell'emilia","sigla":"RE","codiceCatastale":"I342","cap":"42049"},{"nome":"Santa Sofia","codice":"040043","regione":"emilia-romagna","provincia":"forlì-cesena","sigla":"FC","codiceCatastale":"I310","cap":"47018"},{"nome":"Santarcangelo di Romagna","codice":"099018","regione":"emilia-romagna","provincia":"rimini","sigla":"RN","codiceCatastale":"I304","cap":"47822"},{"nome":"Sarmato","codice":"033042","regione":"emilia-romagna","provincia":"piacenza","sigla":"PC","codiceCatastale":"I434","cap":"29010"},{"nome":"Sarsina","codice":"040044","regione":"emilia-romagna","provincia":"forlì-cesena","sigla":"FC","codiceCatastale":"I444","cap":"47027"},{"nome":"Sasso Marconi","codice":"037057","regione":"emilia-romagna","provincia":"bologna","sigla":"BO","codiceCatastale":"G972","cap":"40037"},{"nome":"Sassuolo","codice":"036040","regione":"emilia-romagna","provincia":"modena","sigla":"MO","codiceCatastale":"I462","cap":"41049"},{"nome":"Savignano sul Panaro","codice":"036041","regione":"emilia-romagna","provincia":"modena","sigla":"MO","codiceCatastale":"I473","cap":"41056"},{"nome":"Savignano sul Rubicone","codice":"040045","regione":"emilia-romagna","provincia":"forlì-cesena","sigla":"FC","codiceCatastale":"I472","cap":"47039"},{"nome":"Scandiano","codice":"035040","regione":"emilia-romagna","provincia":"reggio nell'emilia","sigla":"RE","codiceCatastale":"I496","cap":"42019"},{"nome":"Serramazzoni","codice":"036042","regione":"emilia-romagna","provincia":"modena","sigla":"MO","codiceCatastale":"F357","cap":"41028"},{"nome":"Sestola","codice":"036043","regione":"emilia-romagna","provincia":"modena","sigla":"MO","codiceCatastale":"I689","cap":"41029"},{"nome":"Sissa Trecasali","codice":"034049","regione":"emilia-romagna","provincia":"parma","sigla":"PR","codiceCatastale":"M325","cap":"43018"},{"nome":"Sogliano al Rubicone","codice":"040046","regione":"emilia-romagna","provincia":"forlì-cesena","sigla":"FC","codiceCatastale":"I779","cap":"47030"},{"nome":"Solarolo","codice":"039018","regione":"emilia-romagna","provincia":"ravenna","sigla":"RA","codiceCatastale":"I787","cap":"48027"},{"nome":"Soliera","codice":"036044","regione":"emilia-romagna","provincia":"modena","sigla":"MO","codiceCatastale":"I802","cap":"41019"},{"nome":"Solignano","codice":"034035","regione":"emilia-romagna","provincia":"parma","sigla":"PR","codiceCatastale":"I803","cap":"43046"},{"nome":"Soragna","codice":"034036","regione":"emilia-romagna","provincia":"parma","sigla":"PR","codiceCatastale":"I840","cap":"43019"},{"nome":"Sorbolo Mezzani","codice":"034051","regione":"emilia-romagna","provincia":"parma","sigla":"PR","codiceCatastale":"M411","cap":"43058"},{"nome":"Spilamberto","codice":"036045","regione":"emilia-romagna","provincia":"modena","sigla":"MO","codiceCatastale":"I903","cap":"41057"},{"nome":"Talamello","codice":"099027","regione":"emilia-romagna","provincia":"rimini","sigla":"RN","codiceCatastale":"L034","cap":"47867"},{"nome":"Terenzo","codice":"034038","regione":"emilia-romagna","provincia":"parma","sigla":"PR","codiceCatastale":"E548","cap":"43040"},{"nome":"Terre del Reno","codice":"038028","regione":"emilia-romagna","provincia":"ferrara","sigla":"FE","codiceCatastale":"M381","cap":"44047"},{"nome":"Tizzano Val Parma","codice":"034039","regione":"emilia-romagna","provincia":"parma","sigla":"PR","codiceCatastale":"L183","cap":"43028"},{"nome":"Toano","codice":"035041","regione":"emilia-romagna","provincia":"reggio nell'emilia","sigla":"RE","codiceCatastale":"L184","cap":"42010"},{"nome":"Tornolo","codice":"034040","regione":"emilia-romagna","provincia":"parma","sigla":"PR","codiceCatastale":"L229","cap":"43059"},{"nome":"Torrile","codice":"034041","regione":"emilia-romagna","provincia":"parma","sigla":"PR","codiceCatastale":"L299","cap":"43056"},{"nome":"Traversetolo","codice":"034042","regione":"emilia-romagna","provincia":"parma","sigla":"PR","codiceCatastale":"L346","cap":"43029"},{"nome":"Travo","codice":"033043","regione":"emilia-romagna","provincia":"piacenza","sigla":"PC","codiceCatastale":"L348","cap":"29020"},{"nome":"Tredozio","codice":"040049","regione":"emilia-romagna","provincia":"forlì-cesena","sigla":"FC","codiceCatastale":"L361","cap":"47019"},{"nome":"Tresignana","codice":"038030","regione":"emilia-romagna","provincia":"ferrara","sigla":"FE","codiceCatastale":"M409","cap":"44039"},{"nome":"Valmozzola","codice":"034044","regione":"emilia-romagna","provincia":"parma","sigla":"PR","codiceCatastale":"L641","cap":"43050"},{"nome":"Valsamoggia","codice":"037061","regione":"emilia-romagna","provincia":"bologna","sigla":"BO","codiceCatastale":"M320","cap":"40053"},{"nome":"Varano de' Melegari","codice":"034045","regione":"emilia-romagna","provincia":"parma","sigla":"PR","codiceCatastale":"L672","cap":"43040"},{"nome":"Varsi","codice":"034046","regione":"emilia-romagna","provincia":"parma","sigla":"PR","codiceCatastale":"L689","cap":"43049"},{"nome":"Ventasso","codice":"035046","regione":"emilia-romagna","provincia":"reggio nell'emilia","sigla":"RE","codiceCatastale":"M364","cap":"42032"},{"nome":"Vergato","codice":"037059","regione":"emilia-romagna","provincia":"bologna","sigla":"BO","codiceCatastale":"L762","cap":"40038"},{"nome":"Verghereto","codice":"040050","regione":"emilia-romagna","provincia":"forlì-cesena","sigla":"FC","codiceCatastale":"L764","cap":"47028"},{"nome":"Vernasca","codice":"033044","regione":"emilia-romagna","provincia":"piacenza","sigla":"PC","codiceCatastale":"L772","cap":"29010"},{"nome":"Verucchio","codice":"099020","regione":"emilia-romagna","provincia":"rimini","sigla":"RN","codiceCatastale":"L797","cap":"47826"},{"nome":"Vetto","codice":"035042","regione":"emilia-romagna","provincia":"reggio nell'emilia","sigla":"RE","codiceCatastale":"L815","cap":"42020"},{"nome":"Vezzano sul Crostolo","codice":"035043","regione":"emilia-romagna","provincia":"reggio nell'emilia","sigla":"RE","codiceCatastale":"L820","cap":"42030"},{"nome":"Viano","codice":"035044","regione":"emilia-romagna","provincia":"reggio nell'emilia","sigla":"RE","codiceCatastale":"L831","cap":"42030"},{"nome":"Vigarano Mainarda","codice":"038022","regione":"emilia-romagna","provincia":"ferrara","sigla":"FE","codiceCatastale":"L868","cap":"44049"},{"nome":"Vignola","codice":"036046","regione":"emilia-romagna","provincia":"modena","sigla":"MO","codiceCatastale":"L885","cap":"41058"},{"nome":"Vigolzone","codice":"033045","regione":"emilia-romagna","provincia":"piacenza","sigla":"PC","codiceCatastale":"L897","cap":"29020"},{"nome":"Villa Minozzo","codice":"035045","regione":"emilia-romagna","provincia":"reggio nell'emilia","sigla":"RE","codiceCatastale":"L969","cap":"42030"},{"nome":"Villanova sull'Arda","codice":"033046","regione":"emilia-romagna","provincia":"piacenza","sigla":"PC","codiceCatastale":"L980","cap":"29010"},{"nome":"Voghiera","codice":"038023","regione":"emilia-romagna","provincia":"ferrara","sigla":"FE","codiceCatastale":"M110","cap":"44019"},{"nome":"Zerba","codice":"033047","regione":"emilia-romagna","provincia":"piacenza","sigla":"PC","codiceCatastale":"M165","cap":"29020"},{"nome":"Ziano Piacentino","codice":"033048","regione":"emilia-romagna","provincia":"piacenza","sigla":"PC","codiceCatastale":"L848","cap":"29010"},{"nome":"Zocca","codice":"036047","regione":"emilia-romagna","provincia":"modena","sigla":"MO","codiceCatastale":"M183","cap":"41059"},{"nome":"Zola Predosa","codice":"037060","regione":"emilia-romagna","provincia":"bologna","sigla":"BO","codiceCatastale":"M185","cap":"40069"}]