[{"nome":"Aiello del Friuli","codice":"030001","codiceCatastale":"A103","regione":"friuli venezia giulia","provincia":"udine","cap":"33041","coordinate":{"lat":"13.366666666","lng":"45.866666666"}},{"nome":"Amaro","codice":"030002","codiceCatastale":"A254","regione":"friuli venezia giulia","provincia":"udine","cap":"33020","coordinate":{"lat":"13.096388888","lng":"46.375"}},{"nome":"Ampezzo","codice":"030003","codiceCatastale":"A267","regione":"friuli venezia giulia","provincia":"udine","cap":"33021","coordinate":{"lat":"12.783333333","lng":"46.416666666"}},{"nome":"Andreis","codice":"093001","codiceCatastale":"A283","regione":"friuli venezia giulia","provincia":"pordenone","cap":"33080","coordinate":{"lat":"12.616666666","lng":"46.2"}},{"nome":"Aquileia","codice":"030004","codiceCatastale":"A346","regione":"friuli venezia giulia","provincia":"udine","cap":"33051","coordinate":{"lat":"13.366666666","lng":"45.766666666"}},{"nome":"Arba","codice":"093002","codiceCatastale":"A354","regione":"friuli venezia giulia","provincia":"pordenone","cap":"33090","coordinate":{"lat":"12.783333333","lng":"46.15"}},{"nome":"Arta Terme","codice":"030005","codiceCatastale":"A447","regione":"friuli venezia giulia","provincia":"udine","cap":"33022","coordinate":{"lat":"13.016666666","lng":"46.483333333"}},{"nome":"Artegna","codice":"030006","codiceCatastale":"A448","regione":"friuli venezia giulia","provincia":"udine","cap":"33011","coordinate":{"lat":"13.15","lng":"46.233333333"}},{"nome":"Attimis","codice":"030007","codiceCatastale":"A491","regione":"friuli venezia giulia","provincia":"udine","cap":"33040","coordinate":{"lat":"13.3","lng":"46.183333333"}},{"nome":"Aviano","codice":"093004","codiceCatastale":"A516","regione":"friuli venezia giulia","provincia":"pordenone","cap":"33081","coordinate":{"lat":"12.583333333","lng":"46.066666666"}},{"nome":"Azzano Decimo","codice":"093005","codiceCatastale":"A530","regione":"friuli venezia giulia","provincia":"pordenone","cap":"33082","coordinate":{"lat":"12.716666666","lng":"45.883333333"}},{"nome":"Bagnaria Arsa","codice":"030008","codiceCatastale":"A553","regione":"friuli venezia giulia","provincia":"udine","cap":"33050","coordinate":{"lat":"13.283333333","lng":"45.883333333"}},{"nome":"Barcis","codice":"093006","codiceCatastale":"A640","regione":"friuli venezia giulia","provincia":"pordenone","cap":"33080","coordinate":{"lat":"12.566666666","lng":"46.183333333"}},{"nome":"Basiliano","codice":"030009","codiceCatastale":"A700","regione":"friuli venezia giulia","provincia":"udine","cap":"33031","coordinate":{"lat":"13.1","lng":"46.016666666"}},{"nome":"Bertiolo","codice":"030010","codiceCatastale":"A810","regione":"friuli venezia giulia","provincia":"udine","cap":"33032","coordinate":{"lat":"13.055277777","lng":"45.945"}},{"nome":"Bicinicco","codice":"030011","codiceCatastale":"A855","regione":"friuli venezia giulia","provincia":"udine","cap":"33050","coordinate":{"lat":"13.25","lng":"45.933333333"}},{"nome":"Bordano","codice":"030012","codiceCatastale":"A983","regione":"friuli venezia giulia","provincia":"udine","cap":"33010","coordinate":{"lat":"13.1","lng":"46.316666666"}},{"nome":"Brugnera","codice":"093007","codiceCatastale":"B215","regione":"friuli venezia giulia","provincia":"pordenone","cap":"33070","coordinate":{"lat":"12.533333333","lng":"45.9"}},{"nome":"Budoia","codice":"093008","codiceCatastale":"B247","regione":"friuli venezia giulia","provincia":"pordenone","cap":"33070","coordinate":{"lat":"12.533333333","lng":"46.05"}},{"nome":"Buja","codice":"030013","codiceCatastale":"B259","regione":"friuli venezia giulia","provincia":"udine","cap":"33030","coordinate":{"lat":"13.11691","lng":"46.21222"}},{"nome":"Buttrio","codice":"030014","codiceCatastale":"B309","regione":"friuli venezia giulia","provincia":"udine","cap":"33042","coordinate":{"lat":"13.333333333","lng":"46.016666666"}},{"nome":"Camino al Tagliamento","codice":"030015","codiceCatastale":"B483","regione":"friuli venezia giulia","provincia":"udine","cap":"33030","coordinate":{"lat":"12.944722222","lng":"45.9275"}},{"nome":"Campoformido","codice":"030016","codiceCatastale":"B536","regione":"friuli venezia giulia","provincia":"udine","cap":"33030","coordinate":{"lat":"13.166666666","lng":"46.016666666"}},{"nome":"Campolongo Tapogliano","codice":"030138","codiceCatastale":"M311","regione":"friuli venezia giulia","provincia":"udine","cap":"33040","coordinate":{"lat":"13.383333333","lng":"45.866666666"}},{"nome":"Caneva","codice":"093009","codiceCatastale":"B598","regione":"friuli venezia giulia","provincia":"pordenone","cap":"33070","coordinate":{"lat":"12.45","lng":"45.966666666"}},{"nome":"Capriva del Friuli","codice":"031001","codiceCatastale":"B712","regione":"friuli venezia giulia","provincia":"gorizia","cap":"34070","coordinate":{"lat":"13.516666666","lng":"45.933333333"}},{"nome":"Carlino","codice":"030018","codiceCatastale":"B788","regione":"friuli venezia giulia","provincia":"udine","cap":"33050","coordinate":{"lat":"13.183333333","lng":"45.8"}},{"nome":"Casarsa della Delizia","codice":"093010","codiceCatastale":"B940","regione":"friuli venezia giulia","provincia":"pordenone","cap":"33072","coordinate":{"lat":"12.85","lng":"45.95"}},{"nome":"Cassacco","codice":"030019","codiceCatastale":"B994","regione":"friuli venezia giulia","provincia":"udine","cap":"33010","coordinate":{"lat":"13.183333333","lng":"46.166666666"}},{"nome":"Castelnovo del Friuli","codice":"093011","codiceCatastale":"C217","regione":"friuli venezia giulia","provincia":"pordenone","cap":"33090","coordinate":{"lat":"12.9035234","lng":"46.2001976"}},{"nome":"Castions di Strada","codice":"030020","codiceCatastale":"C327","regione":"friuli venezia giulia","provincia":"udine","cap":"33050","coordinate":{"lat":"13.183333333","lng":"45.9"}},{"nome":"Cavasso Nuovo","codice":"093012","codiceCatastale":"C385","regione":"friuli venezia giulia","provincia":"pordenone","cap":"33092","coordinate":{"lat":"12.766666666","lng":"46.2"}},{"nome":"Cavazzo Carnico","codice":"030021","codiceCatastale":"C389","regione":"friuli venezia giulia","provincia":"udine","cap":"33020","coordinate":{"lat":"13.033333333","lng":"46.366666666"}},{"nome":"Cercivento","codice":"030022","codiceCatastale":"C494","regione":"friuli venezia giulia","provincia":"udine","cap":"33020","coordinate":{"lat":"12.983333333","lng":"46.533333333"}},{"nome":"Cervignano del Friuli","codice":"030023","codiceCatastale":"C556","regione":"friuli venezia giulia","provincia":"udine","cap":"33052","coordinate":{"lat":"13.335","lng":"45.823055555"}},{"nome":"Chions","codice":"093013","codiceCatastale":"C640","regione":"friuli venezia giulia","provincia":"pordenone","cap":"33083","coordinate":{"lat":"12.716666666","lng":"45.85"}},{"nome":"Chiopris-Viscone","codice":"030024","codiceCatastale":"C641","regione":"friuli venezia giulia","provincia":"udine","cap":"33040","coordinate":{"lat":"13.40417","lng":"45.92667"}},{"nome":"Chiusaforte","codice":"030025","codiceCatastale":"C656","regione":"friuli venezia giulia","provincia":"udine","cap":"33010","coordinate":{"lat":"13.316666666","lng":"46.4"}},{"nome":"Cimolais","codice":"093014","codiceCatastale":"C699","regione":"friuli venezia giulia","provincia":"pordenone","cap":"33080","coordinate":{"lat":"12.433333333","lng":"46.283333333"}},{"nome":"Cividale del Friuli","codice":"030026","codiceCatastale":"C758","regione":"friuli venezia giulia","provincia":"udine","cap":"33043","coordinate":{"lat":"13.435","lng":"46.0905"}},{"nome":"Claut","codice":"093015","codiceCatastale":"C790","regione":"friuli venezia giulia","provincia":"pordenone","cap":"33080","coordinate":{"lat":"12.516666666","lng":"46.266666666"}},{"nome":"Clauzetto","codice":"093016","codiceCatastale":"C791","regione":"friuli venezia giulia","provincia":"pordenone","cap":"33090","coordinate":{"lat":"12.916666666","lng":"46.233333333"}},{"nome":"Codroipo","codice":"030027","codiceCatastale":"C817","regione":"friuli venezia giulia","provincia":"udine","cap":"33033","coordinate":{"lat":"12.977386111","lng":"45.961425"}},{"nome":"Colloredo di Monte Albano","codice":"030028","codiceCatastale":"C885","regione":"friuli venezia giulia","provincia":"udine","cap":"33010","coordinate":{"lat":"13.133333333","lng":"46.166666666"}},{"nome":"Comeglians","codice":"030029","codiceCatastale":"C918","regione":"friuli venezia giulia","provincia":"udine","cap":"33023","coordinate":{"lat":"12.883333333","lng":"46.516666666"}},{"nome":"Cordenons","codice":"093017","codiceCatastale":"C991","regione":"friuli venezia giulia","provincia":"pordenone","cap":"33084","coordinate":{"lat":"12.7","lng":"45.983333333"}},{"nome":"Cordovado","codice":"093018","codiceCatastale":"C993","regione":"friuli venezia giulia","provincia":"pordenone","cap":"33075","coordinate":{"lat":"12.883333333","lng":"45.85"}},{"nome":"Cormons","codice":"031002","codiceCatastale":"D014","regione":"friuli venezia giulia","provincia":"gorizia","cap":"34071","coordinate":{"lat":"13.466666666","lng":"45.95"}},{"nome":"Corno di Rosazzo","codice":"030030","codiceCatastale":"D027","regione":"friuli venezia giulia","provincia":"udine","cap":"33040","coordinate":{"lat":"13.45","lng":"45.983333333"}},{"nome":"Coseano","codice":"030031","codiceCatastale":"D085","regione":"friuli venezia giulia","provincia":"udine","cap":"33030","coordinate":{"lat":"13.016666666","lng":"46.1"}},{"nome":"Dignano","codice":"030032","codiceCatastale":"D300","regione":"friuli venezia giulia","provincia":"udine","cap":"33030","coordinate":{"lat":"12.933333333","lng":"46.083333333"}},{"nome":"Doberdò del Lago-Doberdob","codice":"031003","codiceCatastale":"D312","regione":"friuli venezia giulia","provincia":"gorizia","cap":"34070","coordinate":{"lat":"13.533333333","lng":"45.85"}},{"nome":"Dogna","codice":"030033","codiceCatastale":"D316","regione":"friuli venezia giulia","provincia":"udine","cap":"33010","coordinate":{"lat":"13.31502","lng":"46.44793"}},{"nome":"Dolegna del Collio","codice":"031004","codiceCatastale":"D321","regione":"friuli venezia giulia","provincia":"gorizia","cap":"34070","coordinate":{"lat":"13.483333333","lng":"46.033333333"}},{"nome":"Drenchia","codice":"030034","codiceCatastale":"D366","regione":"friuli venezia giulia","provincia":"udine","cap":"33040","coordinate":{"lat":"13.636388888","lng":"46.183888888"}},{"nome":"Duino Aurisina-Devin Nabrežina","codice":"032001","codiceCatastale":"D383","regione":"friuli venezia giulia","provincia":"trieste","cap":"34011","coordinate":{"lat":"13.75","lng":"45.733333333"}},{"nome":"Enemonzo","codice":"030035","codiceCatastale":"D408","regione":"friuli venezia giulia","provincia":"udine","cap":"33020","coordinate":{"lat":"12.87944","lng":"46.40833"}},{"nome":"Erto e Casso","codice":"093019","codiceCatastale":"D426","regione":"friuli venezia giulia","provincia":"pordenone","cap":"33080","coordinate":{"lat":"12.3720879","lng":"46.2744266"}},{"nome":"Faedis","codice":"030036","codiceCatastale":"D455","regione":"friuli venezia giulia","provincia":"udine","cap":"33040","coordinate":{"lat":"13.35","lng":"46.15"}},{"nome":"Fagagna","codice":"030037","codiceCatastale":"D461","regione":"friuli venezia giulia","provincia":"udine","cap":"33034","coordinate":{"lat":"13.083333333","lng":"46.116666666"}},{"nome":"Fanna","codice":"093020","codiceCatastale":"D487","regione":"friuli venezia giulia","provincia":"pordenone","cap":"33092","coordinate":{"lat":"12.75","lng":"46.183333333"}},{"nome":"Farra d'Isonzo","codice":"031005","codiceCatastale":"D504","regione":"friuli venezia giulia","provincia":"gorizia","cap":"34072","coordinate":{"lat":"13.516666666","lng":"45.9"}},{"nome":"Fiume Veneto","codice":"093021","codiceCatastale":"D621","regione":"friuli venezia giulia","provincia":"pordenone","cap":"33080","coordinate":{"lat":"12.733333333","lng":"45.933333333"}},{"nome":"Fiumicello Villa Vicentina","codice":"030190","codiceCatastale":"M400","regione":"friuli venezia giulia","provincia":"udine","cap":"33059","coordinate":{"lat":"13.41666667","lng":"45.78333333"}},{"nome":"Flaibano","codice":"030039","codiceCatastale":"D630","regione":"friuli venezia giulia","provincia":"udine","cap":"33030","coordinate":{"lat":"12.983333333","lng":"46.05"}},{"nome":"Fogliano Redipuglia","codice":"031006","codiceCatastale":"D645","regione":"friuli venezia giulia","provincia":"gorizia","cap":"34070","coordinate":{"lat":"13.483333333","lng":"45.866666666"}},{"nome":"Fontanafredda","codice":"093022","codiceCatastale":"D670","regione":"friuli venezia giulia","provincia":"pordenone","cap":"33074","coordinate":{"lat":"12.566666666","lng":"45.966666666"}},{"nome":"Forgaria nel Friuli","codice":"030137","codiceCatastale":"D700","regione":"friuli venezia giulia","provincia":"udine","cap":"33030","coordinate":{"lat":"12.966666666","lng":"46.216666666"}},{"nome":"Forni Avoltri","codice":"030040","codiceCatastale":"D718","regione":"friuli venezia giulia","provincia":"udine","cap":"33020","coordinate":{"lat":"12.783333333","lng":"46.583333333"}},{"nome":"Forni di Sopra","codice":"030041","codiceCatastale":"D719","regione":"friuli venezia giulia","provincia":"udine","cap":"33024","coordinate":{"lat":"12.583333333","lng":"46.416666666"}},{"nome":"Forni di Sotto","codice":"030042","codiceCatastale":"D720","regione":"friuli venezia giulia","provincia":"udine","cap":"33020","coordinate":{"lat":"12.666666666","lng":"46.4"}},{"nome":"Frisanco","codice":"093024","codiceCatastale":"D804","regione":"friuli venezia giulia","provincia":"pordenone","cap":"33080","coordinate":{"lat":"12.733333333","lng":"46.216666666"}},{"nome":"Gemona del Friuli","codice":"030043","codiceCatastale":"D962","regione":"friuli venezia giulia","provincia":"udine","cap":"33013","coordinate":{"lat":"13.12237","lng":"46.27405"}},{"nome":"Gonars","codice":"030044","codiceCatastale":"E083","regione":"friuli venezia giulia","provincia":"udine","cap":"33050","coordinate":{"lat":"13.233333333","lng":"45.9"}},{"nome":"Gorizia","codice":"031007","codiceCatastale":"E098","regione":"friuli venezia giulia","provincia":"gorizia","cap":"34170","coordinate":{"lat":"13.6193","lng":"45.9352"}},{"nome":"Gradisca d'Isonzo","codice":"031008","codiceCatastale":"E124","regione":"friuli venezia giulia","provincia":"gorizia","cap":"34072","coordinate":{"lat":"13.5","lng":"45.883333333"}},{"nome":"Grado","codice":"031009","codiceCatastale":"E125","regione":"friuli venezia giulia","provincia":"gorizia","cap":"34073","coordinate":{"lat":"13.4","lng":"45.683333"}},{"nome":"Grimacco","codice":"030045","codiceCatastale":"E179","regione":"friuli venezia giulia","provincia":"udine","cap":"33040","coordinate":{"lat":"13.56966","lng":"46.15554"}},{"nome":"Latisana","codice":"030046","codiceCatastale":"E473","regione":"friuli venezia giulia","provincia":"udine","cap":"33053","coordinate":{"lat":"13.0","lng":"45.783333333"}},{"nome":"Lauco","codice":"030047","codiceCatastale":"E476","regione":"friuli venezia giulia","provincia":"udine","cap":"33029","coordinate":{"lat":"12.933333333","lng":"46.416666666"}},{"nome":"Lestizza","codice":"030048","codiceCatastale":"E553","regione":"friuli venezia giulia","provincia":"udine","cap":"33050","coordinate":{"lat":"13.133333333","lng":"45.95"}},{"nome":"Lignano Sabbiadoro","codice":"030049","codiceCatastale":"E584","regione":"friuli venezia giulia","provincia":"udine","cap":"33054","coordinate":{"lat":"13.093055555","lng":"45.655"}},{"nome":"Lusevera","codice":"030051","codiceCatastale":"E760","regione":"friuli venezia giulia","provincia":"udine","cap":"33010","coordinate":{"lat":"13.266666666","lng":"46.266666666"}},{"nome":"Magnano in Riviera","codice":"030052","codiceCatastale":"E820","regione":"friuli venezia giulia","provincia":"udine","cap":"33010","coordinate":{"lat":"13.166666666","lng":"46.233333333"}},{"nome":"Majano","codice":"030053","codiceCatastale":"E833","regione":"friuli venezia giulia","provincia":"udine","cap":"33030","coordinate":{"lat":"13.066666666","lng":"46.183333333"}},{"nome":"Malborghetto Valbruna","codice":"030054","codiceCatastale":"E847","regione":"friuli venezia giulia","provincia":"udine","cap":"33010","coordinate":{"lat":"13.4391249","lng":"46.5070351"}},{"nome":"Maniago","codice":"093025","codiceCatastale":"E889","regione":"friuli venezia giulia","provincia":"pordenone","cap":"33085","coordinate":{"lat":"12.716666666","lng":"46.166666666"}},{"nome":"Manzano","codice":"030055","codiceCatastale":"E899","regione":"friuli venezia giulia","provincia":"udine","cap":"33044","coordinate":{"lat":"13.383333333","lng":"45.983333333"}},{"nome":"Marano Lagunare","codice":"030056","codiceCatastale":"E910","regione":"friuli venezia giulia","provincia":"udine","cap":"33050","coordinate":{"lat":"13.166666666","lng":"45.766666666"}},{"nome":"Mariano del Friuli","codice":"031010","codiceCatastale":"E952","regione":"friuli venezia giulia","provincia":"gorizia","cap":"34070","coordinate":{"lat":"13.466666666","lng":"45.916666666"}},{"nome":"Martignacco","codice":"030057","codiceCatastale":"E982","regione":"friuli venezia giulia","provincia":"udine","cap":"33035","coordinate":{"lat":"13.133333333","lng":"46.1"}},{"nome":"Medea","codice":"031011","codiceCatastale":"F081","regione":"friuli venezia giulia","provincia":"gorizia","cap":"34076","coordinate":{"lat":"13.416666666","lng":"45.916666666"}},{"nome":"Meduno","codice":"093026","codiceCatastale":"F089","regione":"friuli venezia giulia","provincia":"pordenone","cap":"33092","coordinate":{"lat":"12.8","lng":"46.216666666"}},{"nome":"Mereto di Tomba","codice":"030058","codiceCatastale":"F144","regione":"friuli venezia giulia","provincia":"udine","cap":"33036","coordinate":{"lat":"13.033333333","lng":"46.05"}},{"nome":"Moggio Udinese","codice":"030059","codiceCatastale":"F266","regione":"friuli venezia giulia","provincia":"udine","cap":"33015","coordinate":{"lat":"13.2","lng":"46.416666666"}},{"nome":"Moimacco","codice":"030060","codiceCatastale":"F275","regione":"friuli venezia giulia","provincia":"udine","cap":"33040","coordinate":{"lat":"13.383333333","lng":"46.1"}},{"nome":"Monfalcone","codice":"031012","codiceCatastale":"F356","regione":"friuli venezia giulia","provincia":"gorizia","cap":"34074","coordinate":{"lat":"13.533333333","lng":"45.8"}},{"nome":"Monrupino-Repentabor","codice":"032002","codiceCatastale":"F378","regione":"friuli venezia giulia","provincia":"trieste","cap":"34016","coordinate":{"lat":"13.79098","lng":"45.72284"}},{"nome":"Montenars","codice":"030061","codiceCatastale":"F574","regione":"friuli venezia giulia","provincia":"udine","cap":"33010","coordinate":{"lat":"13.183333333","lng":"46.25"}},{"nome":"Montereale Valcellina","codice":"093027","codiceCatastale":"F596","regione":"friuli venezia giulia","provincia":"pordenone","cap":"33086","coordinate":{"lat":"12.666666666","lng":"46.166666666"}},{"nome":"Moraro","codice":"031013","codiceCatastale":"F710","regione":"friuli venezia giulia","provincia":"gorizia","cap":"34070","coordinate":{"lat":"13.5","lng":"45.933333333"}},{"nome":"Morsano al Tagliamento","codice":"093028","codiceCatastale":"F750","regione":"friuli venezia giulia","provincia":"pordenone","cap":"33075","coordinate":{"lat":"12.927777777","lng":"45.858333333"}},{"nome":"Mortegliano","codice":"030062","codiceCatastale":"F756","regione":"friuli venezia giulia","provincia":"udine","cap":"33050","coordinate":{"lat":"13.166666666","lng":"45.95"}},{"nome":"Moruzzo","codice":"030063","codiceCatastale":"F760","regione":"friuli venezia giulia","provincia":"udine","cap":"33030","coordinate":{"lat":"13.116666666","lng":"46.116666666"}},{"nome":"Mossa","codice":"031014","codiceCatastale":"F767","regione":"friuli venezia giulia","provincia":"gorizia","cap":"34070","coordinate":{"lat":"13.5532","lng":"45.9379"}},{"nome":"Muggia","codice":"032003","codiceCatastale":"F795","regione":"friuli venezia giulia","provincia":"trieste","cap":"34015","coordinate":{"lat":"13.766666666","lng":"45.6"}},{"nome":"Muzzana del Turgnano","codice":"030064","codiceCatastale":"F832","regione":"friuli venezia giulia","provincia":"udine","cap":"33055","coordinate":{"lat":"13.133333333","lng":"45.816666666"}},{"nome":"Nimis","codice":"030065","codiceCatastale":"F898","regione":"friuli venezia giulia","provincia":"udine","cap":"33045","coordinate":{"lat":"13.266666666","lng":"46.2"}},{"nome":"Osoppo","codice":"030066","codiceCatastale":"G163","regione":"friuli venezia giulia","provincia":"udine","cap":"33010","coordinate":{"lat":"13.083333333","lng":"46.25"}},{"nome":"Ovaro","codice":"030067","codiceCatastale":"G198","regione":"friuli venezia giulia","provincia":"udine","cap":"33025","coordinate":{"lat":"12.866666666","lng":"46.483333333"}},{"nome":"Pagnacco","codice":"030068","codiceCatastale":"G238","regione":"friuli venezia giulia","provincia":"udine","cap":"33010","coordinate":{"lat":"13.183333333","lng":"46.116666666"}},{"nome":"Palazzolo dello Stella","codice":"030069","codiceCatastale":"G268","regione":"friuli venezia giulia","provincia":"udine","cap":"33056","coordinate":{"lat":"13.083333333","lng":"45.8"}},{"nome":"Palmanova","codice":"030070","codiceCatastale":"G284","regione":"friuli venezia giulia","provincia":"udine","cap":"33057","coordinate":{"lat":"13.316667","lng":"45.9"}},{"nome":"Paluzza","codice":"030071","codiceCatastale":"G300","regione":"friuli venezia giulia","provincia":"udine","cap":"33026","coordinate":{"lat":"13.016666666","lng":"46.533333333"}},{"nome":"Pasian di Prato","codice":"030072","codiceCatastale":"G352","regione":"friuli venezia giulia","provincia":"udine","cap":"33037","coordinate":{"lat":"13.2","lng":"46.05"}},{"nome":"Pasiano di Pordenone","codice":"093029","codiceCatastale":"G353","regione":"friuli venezia giulia","provincia":"pordenone","cap":"33087","coordinate":{"lat":"12.64444","lng":"45.86861"}},{"nome":"Paularo","codice":"030073","codiceCatastale":"G381","regione":"friuli venezia giulia","provincia":"udine","cap":"33027","coordinate":{"lat":"13.116666666","lng":"46.533333333"}},{"nome":"Pavia di Udine","codice":"030074","codiceCatastale":"G389","regione":"friuli venezia giulia","provincia":"udine","cap":"33050","coordinate":{"lat":"13.3","lng":"46.0"}},{"nome":"Pinzano al Tagliamento","codice":"093030","codiceCatastale":"G680","regione":"friuli venezia giulia","provincia":"pordenone","cap":"33094","coordinate":{"lat":"12.945277777","lng":"46.183055555"}},{"nome":"Pocenia","codice":"030075","codiceCatastale":"G743","regione":"friuli venezia giulia","provincia":"udine","cap":"33050","coordinate":{"lat":"13.101666666","lng":"45.836388888"}},{"nome":"Polcenigo","codice":"093031","codiceCatastale":"G780","regione":"friuli venezia giulia","provincia":"pordenone","cap":"33070","coordinate":{"lat":"12.5","lng":"46.033333333"}},{"nome":"Pontebba","codice":"030076","codiceCatastale":"G831","regione":"friuli venezia giulia","provincia":"udine","cap":"33016","coordinate":{"lat":"13.316666666","lng":"46.5"}},{"nome":"Porcia","codice":"093032","codiceCatastale":"G886","regione":"friuli venezia giulia","provincia":"pordenone","cap":"33080","coordinate":{"lat":"12.616667","lng":"45.966667"}},{"nome":"Pordenone","codice":"093033","codiceCatastale":"G888","regione":"friuli venezia giulia","provincia":"pordenone","cap":"33170","coordinate":{"lat":"12.6563","lng":"45.9626"}},{"nome":"Porpetto","codice":"030077","codiceCatastale":"G891","regione":"friuli venezia giulia","provincia":"udine","cap":"33050","coordinate":{"lat":"13.216666666","lng":"45.85"}},{"nome":"Povoletto","codice":"030078","codiceCatastale":"G949","regione":"friuli venezia giulia","provincia":"udine","cap":"33040","coordinate":{"lat":"13.283333333","lng":"46.116666666"}},{"nome":"Pozzuolo del Friuli","codice":"030079","codiceCatastale":"G966","regione":"friuli venezia giulia","provincia":"udine","cap":"33050","coordinate":{"lat":"13.196944444","lng":"45.968055555"}},{"nome":"Pradamano","codice":"030080","codiceCatastale":"G969","regione":"friuli venezia giulia","provincia":"udine","cap":"33040","coordinate":{"lat":"13.3","lng":"46.033333333"}},{"nome":"Prata di Pordenone","codice":"093034","codiceCatastale":"G994","regione":"friuli venezia giulia","provincia":"pordenone","cap":"33080","coordinate":{"lat":"12.588611111","lng":"45.894444444"}},{"nome":"Prato Carnico","codice":"030081","codiceCatastale":"H002","regione":"friuli venezia giulia","provincia":"udine","cap":"33020","coordinate":{"lat":"12.816666666","lng":"46.516666666"}},{"nome":"Pravisdomini","codice":"093035","codiceCatastale":"H010","regione":"friuli venezia giulia","provincia":"pordenone","cap":"33076","coordinate":{"lat":"12.683333333","lng":"45.816666666"}},{"nome":"Precenicco","codice":"030082","codiceCatastale":"H014","regione":"friuli venezia giulia","provincia":"udine","cap":"33050","coordinate":{"lat":"13.083333333","lng":"45.8"}},{"nome":"Premariacco","codice":"030083","codiceCatastale":"H029","regione":"friuli venezia giulia","provincia":"udine","cap":"33040","coordinate":{"lat":"13.4","lng":"46.066666666"}},{"nome":"Preone","codice":"030084","codiceCatastale":"H038","regione":"friuli venezia giulia","provincia":"udine","cap":"33020","coordinate":{"lat":"12.866666666","lng":"46.4"}},{"nome":"Prepotto","codice":"030085","codiceCatastale":"H040","regione":"friuli venezia giulia","provincia":"udine","cap":"33040","coordinate":{"lat":"13.47921","lng":"46.04522"}},{"nome":"Pulfero","codice":"030086","codiceCatastale":"H089","regione":"friuli venezia giulia","provincia":"udine","cap":"33046","coordinate":{"lat":"13.484444444","lng":"46.173333333"}},{"nome":"Ragogna","codice":"030087","codiceCatastale":"H161","regione":"friuli venezia giulia","provincia":"udine","cap":"33030","coordinate":{"lat":"12.98242","lng":"46.173522"}},{"nome":"Ravascletto","codice":"030088","codiceCatastale":"H196","regione":"friuli venezia giulia","provincia":"udine","cap":"33020","coordinate":{"lat":"12.916666666","lng":"46.533333333"}},{"nome":"Raveo","codice":"030089","codiceCatastale":"H200","regione":"friuli venezia giulia","provincia":"udine","cap":"33029","coordinate":{"lat":"12.866666666","lng":"46.433333333"}},{"nome":"Reana del Rojale","codice":"030090","codiceCatastale":"H206","regione":"friuli venezia giulia","provincia":"udine","cap":"33010","coordinate":{"lat":"13.233333333","lng":"46.15"}},{"nome":"Remanzacco","codice":"030091","codiceCatastale":"H229","regione":"friuli venezia giulia","provincia":"udine","cap":"33047","coordinate":{"lat":"13.316666666","lng":"46.083333333"}},{"nome":"Resia","codice":"030092","codiceCatastale":"H242","regione":"friuli venezia giulia","provincia":"udine","cap":"33010","coordinate":{"lat":"13.3043638","lng":"46.3738838"}},{"nome":"Resiutta","codice":"030093","codiceCatastale":"H244","regione":"friuli venezia giulia","provincia":"udine","cap":"33010","coordinate":{"lat":"13.216666666","lng":"46.4"}},{"nome":"Rigolato","codice":"030094","codiceCatastale":"H289","regione":"friuli venezia giulia","provincia":"udine","cap":"33020","coordinate":{"lat":"12.85","lng":"46.55"}},{"nome":"Rive d'Arcano","codice":"030095","codiceCatastale":"H347","regione":"friuli venezia giulia","provincia":"udine","cap":"33030","coordinate":{"lat":"13.033333333","lng":"46.133333333"}},{"nome":"Rivignano Teor","codice":"030188","codiceCatastale":"M317","regione":"friuli venezia giulia","provincia":"udine","cap":"33061","coordinate":{"lat":"13.0425","lng":"45.8797"}},{"nome":"Romans d'Isonzo","codice":"031015","codiceCatastale":"H514","regione":"friuli venezia giulia","provincia":"gorizia","cap":"34076","coordinate":{"lat":"13.433333333","lng":"45.883333333"}},{"nome":"Ronchi dei Legionari","codice":"031016","codiceCatastale":"H531","regione":"friuli venezia giulia","provincia":"gorizia","cap":"34077","coordinate":{"lat":"13.5","lng":"45.833333333"}},{"nome":"Ronchis","codice":"030097","codiceCatastale":"H533","regione":"friuli venezia giulia","provincia":"udine","cap":"33050","coordinate":{"lat":"13.116666666","lng":"45.816666666"}},{"nome":"Roveredo in Piano","codice":"093036","codiceCatastale":"H609","regione":"friuli venezia giulia","provincia":"pordenone","cap":"33080","coordinate":{"lat":"12.616666666","lng":"46.016666666"}},{"nome":"Ruda","codice":"030098","codiceCatastale":"H629","regione":"friuli venezia giulia","provincia":"udine","cap":"33050","coordinate":{"lat":"13.4","lng":"45.833333333"}},{"nome":"Sacile","codice":"093037","codiceCatastale":"H657","regione":"friuli venezia giulia","provincia":"pordenone","cap":"33077","coordinate":{"lat":"12.50274","lng":"45.95412"}},{"nome":"Sagrado","codice":"031017","codiceCatastale":"H665","regione":"friuli venezia giulia","provincia":"gorizia","cap":"34078","coordinate":{"lat":"13.483333333","lng":"45.866666666"}},{"nome":"San Canzian d'Isonzo","codice":"031018","codiceCatastale":"H787","regione":"friuli venezia giulia","provincia":"gorizia","cap":"34075","coordinate":{"lat":"13.466666666","lng":"45.8"}},{"nome":"San Daniele del Friuli","codice":"030099","codiceCatastale":"H816","regione":"friuli venezia giulia","provincia":"udine","cap":"33038","coordinate":{"lat":"13.016666666","lng":"46.15"}},{"nome":"San Dorligo della Valle-Dolina","codice":"032004","codiceCatastale":"D324","regione":"friuli venezia giulia","provincia":"trieste","cap":"34018","coordinate":{"lat":"13.857777777","lng":"45.6225"}},{"nome":"San Floriano del Collio-Števerjan","codice":"031019","codiceCatastale":"H845","regione":"friuli venezia giulia","provincia":"gorizia","cap":"34070","coordinate":{"lat":"13.583333333","lng":"45.983333333"}},{"nome":"San Giorgio della Richinvelda","codice":"093038","codiceCatastale":"H891","regione":"friuli venezia giulia","provincia":"pordenone","cap":"33095","coordinate":{"lat":"12.866666666","lng":"46.05"}},{"nome":"San Giorgio di Nogaro","codice":"030100","codiceCatastale":"H895","regione":"friuli venezia giulia","provincia":"udine","cap":"33058","coordinate":{"lat":"13.2","lng":"45.833333333"}},{"nome":"San Giovanni al Natisone","codice":"030101","codiceCatastale":"H906","regione":"friuli venezia giulia","provincia":"udine","cap":"33048","coordinate":{"lat":"13.4","lng":"45.983333333"}},{"nome":"San Leonardo","codice":"030102","codiceCatastale":"H951","regione":"friuli venezia giulia","provincia":"udine","cap":"33040","coordinate":{"lat":"13.531388888","lng":"46.118611111"}},{"nome":"San Lorenzo Isontino","codice":"031020","codiceCatastale":"H964","regione":"friuli venezia giulia","provincia":"gorizia","cap":"34070","coordinate":{"lat":"13.533333333","lng":"45.933333333"}},{"nome":"San Martino al Tagliamento","codice":"093039","codiceCatastale":"H999","regione":"friuli venezia giulia","provincia":"pordenone","cap":"33098","coordinate":{"lat":"12.866666666","lng":"46.016666666"}},{"nome":"San Pier d'Isonzo","codice":"031021","codiceCatastale":"I082","regione":"friuli venezia giulia","provincia":"gorizia","cap":"34070","coordinate":{"lat":"13.466666666","lng":"45.85"}},{"nome":"San Pietro al Natisone","codice":"030103","codiceCatastale":"I092","regione":"friuli venezia giulia","provincia":"udine","cap":"33049","coordinate":{"lat":"13.487222222","lng":"46.13"}},{"nome":"San Quirino","codice":"093040","codiceCatastale":"I136","regione":"friuli venezia giulia","provincia":"pordenone","cap":"33080","coordinate":{"lat":"12.67846","lng":"46.03411"}},{"nome":"San Vito al Tagliamento","codice":"093041","codiceCatastale":"I403","regione":"friuli venezia giulia","provincia":"pordenone","cap":"33078","coordinate":{"lat":"12.855555555","lng":"45.915277777"}},{"nome":"San Vito al Torre","codice":"030105","codiceCatastale":"I404","regione":"friuli venezia giulia","provincia":"udine","cap":"33050","coordinate":{"lat":"13.366666666","lng":"45.9"}},{"nome":"San Vito di Fagagna","codice":"030106","codiceCatastale":"I405","regione":"friuli venezia giulia","provincia":"udine","cap":"33030","coordinate":{"lat":"13.066666666","lng":"46.083333333"}},{"nome":"Santa Maria la Longa","codice":"030104","codiceCatastale":"I248","regione":"friuli venezia giulia","provincia":"udine","cap":"33050","coordinate":{"lat":"13.29","lng":"45.933611111"}},{"nome":"Sappada","codice":"030189","codiceCatastale":"I421","regione":"friuli venezia giulia","provincia":"udine","cap":"33012","coordinate":{"lat":"12.683333333","lng":"46.566666666"}},{"nome":"Sauris","codice":"030107","codiceCatastale":"I464","regione":"friuli venezia giulia","provincia":"udine","cap":"33020","coordinate":{"lat":"12.70852","lng":"46.46624"}},{"nome":"Savogna","codice":"030108","codiceCatastale":"I478","regione":"friuli venezia giulia","provincia":"udine","cap":"33040","coordinate":{"lat":"13.533333333","lng":"46.159444444"}},{"nome":"Savogna d'Isonzo-Sovodnje ob Soči","codice":"031022","codiceCatastale":"I479","regione":"friuli venezia giulia","provincia":"gorizia","cap":"34070","coordinate":{"lat":"13.583333333","lng":"45.916666666"}},{"nome":"Sedegliano","codice":"030109","codiceCatastale":"I562","regione":"friuli venezia giulia","provincia":"udine","cap":"33039","coordinate":{"lat":"12.974722222","lng":"46.013888888"}},{"nome":"Sequals","codice":"093042","codiceCatastale":"I621","regione":"friuli venezia giulia","provincia":"pordenone","cap":"33090","coordinate":{"lat":"12.833333333","lng":"46.166666666"}},{"nome":"Sesto al Reghena","codice":"093043","codiceCatastale":"I686","regione":"friuli venezia giulia","provincia":"pordenone","cap":"33079","coordinate":{"lat":"12.816666666","lng":"45.85"}},{"nome":"Sgonico-Zgonik","codice":"032005","codiceCatastale":"I715","regione":"friuli venezia giulia","provincia":"trieste","cap":"34010","coordinate":{"lat":"13.75","lng":"45.733333333"}},{"nome":"Socchieve","codice":"030110","codiceCatastale":"I777","regione":"friuli venezia giulia","provincia":"udine","cap":"33020","coordinate":{"lat":"12.848019444","lng":"46.396630555"}},{"nome":"Spilimbergo","codice":"093044","codiceCatastale":"I904","regione":"friuli venezia giulia","provincia":"pordenone","cap":"33097","coordinate":{"lat":"12.901666666","lng":"46.111388888"}},{"nome":"Staranzano","codice":"031023","codiceCatastale":"I939","regione":"friuli venezia giulia","provincia":"gorizia","cap":"34079","coordinate":{"lat":"13.5","lng":"45.8"}},{"nome":"Stregna","codice":"030111","codiceCatastale":"I974","regione":"friuli venezia giulia","provincia":"udine","cap":"33040","coordinate":{"lat":"13.577222222","lng":"46.126944444"}},{"nome":"Sutrio","codice":"030112","codiceCatastale":"L018","regione":"friuli venezia giulia","provincia":"udine","cap":"33020","coordinate":{"lat":"12.990277777","lng":"46.513888888"}},{"nome":"Taipana","codice":"030113","codiceCatastale":"G736","regione":"friuli venezia giulia","provincia":"udine","cap":"33040","coordinate":{"lat":"13.333333333","lng":"46.25"}},{"nome":"Talmassons","codice":"030114","codiceCatastale":"L039","regione":"friuli venezia giulia","provincia":"udine","cap":"33030","coordinate":{"lat":"13.116666666","lng":"45.933333333"}},{"nome":"Tarcento","codice":"030116","codiceCatastale":"L050","regione":"friuli venezia giulia","provincia":"udine","cap":"33017","coordinate":{"lat":"13.216666666","lng":"46.216666666"}},{"nome":"Tarvisio","codice":"030117","codiceCatastale":"L057","regione":"friuli venezia giulia","provincia":"udine","cap":"33018","coordinate":{"lat":"13.566666666","lng":"46.5"}},{"nome":"Tavagnacco","codice":"030118","codiceCatastale":"L065","regione":"friuli venezia giulia","provincia":"udine","cap":"33010","coordinate":{"lat":"13.216666666","lng":"46.133333333"}},{"nome":"Terzo d'Aquileia","codice":"030120","codiceCatastale":"L144","regione":"friuli venezia giulia","provincia":"udine","cap":"33050","coordinate":{"lat":"13.333333333","lng":"45.8"}},{"nome":"Tolmezzo","codice":"030121","codiceCatastale":"L195","regione":"friuli venezia giulia","provincia":"udine","cap":"33028","coordinate":{"lat":"13.016666666","lng":"46.4"}},{"nome":"Torreano","codice":"030122","codiceCatastale":"L246","regione":"friuli venezia giulia","provincia":"udine","cap":"33040","coordinate":{"lat":"13.433333333","lng":"46.133333333"}},{"nome":"Torviscosa","codice":"030123","codiceCatastale":"L309","regione":"friuli venezia giulia","provincia":"udine","cap":"33050","coordinate":{"lat":"13.283333333","lng":"45.816666666"}},{"nome":"Tramonti di Sopra","codice":"093045","codiceCatastale":"L324","regione":"friuli venezia giulia","provincia":"pordenone","cap":"33090","coordinate":{"lat":"12.8","lng":"46.316666666"}},{"nome":"Tramonti di Sotto","codice":"093046","codiceCatastale":"L325","regione":"friuli venezia giulia","provincia":"pordenone","cap":"33090","coordinate":{"lat":"12.8","lng":"46.283333333"}},{"nome":"Trasaghis","codice":"030124","codiceCatastale":"L335","regione":"friuli venezia giulia","provincia":"udine","cap":"33010","coordinate":{"lat":"13.083333333","lng":"46.283333333"}},{"nome":"Travesio","codice":"093047","codiceCatastale":"L347","regione":"friuli venezia giulia","provincia":"pordenone","cap":"33090","coordinate":{"lat":"12.87","lng":"46.1979"}},{"nome":"Treppo Grande","codice":"030126","codiceCatastale":"L382","regione":"friuli venezia giulia","provincia":"udine","cap":"33010","coordinate":{"lat":"13.15","lng":"46.2"}},{"nome":"Treppo Ligosullo","codice":"030191","codiceCatastale":"M399","regione":"friuli venezia giulia","provincia":"udine","cap":"33014","coordinate":{"lat":"13.06666667","lng":"46.53333333"}},{"nome":"Tricesimo","codice":"030127","codiceCatastale":"L421","regione":"friuli venezia giulia","provincia":"udine","cap":"33019","coordinate":{"lat":"13.216666666","lng":"46.15"}},{"nome":"Trieste","codice":"032006","codiceCatastale":"L424","regione":"friuli venezia giulia","provincia":"trieste","cap":"34122","coordinate":{"lat":"13.770277777","lng":"45.650277777"}},{"nome":"Trivignano Udinese","codice":"030128","codiceCatastale":"L438","regione":"friuli venezia giulia","provincia":"udine","cap":"33050","coordinate":{"lat":"13.333333333","lng":"45.95"}},{"nome":"Turriaco","codice":"031024","codiceCatastale":"L474","regione":"friuli venezia giulia","provincia":"gorizia","cap":"34070","coordinate":{"lat":"13.45","lng":"45.816666666"}},{"nome":"Udine","codice":"030129","codiceCatastale":"L483","regione":"friuli venezia giulia","provincia":"udine","cap":"33100","coordinate":{"lat":"13.233333333","lng":"46.066666666"}},{"nome":"Vajont","codice":"093052","codiceCatastale":"M265","regione":"friuli venezia giulia","provincia":"pordenone","cap":"33080","coordinate":{"lat":"12.6962","lng":"46.1471"}},{"nome":"Valvasone Arzene","codice":"093053","codiceCatastale":"M346","regione":"friuli venezia giulia","provincia":"pordenone","cap":"33098","coordinate":{"lat":"12.8477","lng":"46.0022"}},{"nome":"Varmo","codice":"030130","codiceCatastale":"L686","regione":"friuli venezia giulia","provincia":"udine","cap":"33030","coordinate":{"lat":"12.983333333","lng":"45.883333333"}},{"nome":"Venzone","codice":"030131","codiceCatastale":"L743","regione":"friuli venezia giulia","provincia":"udine","cap":"33010","coordinate":{"lat":"13.13825","lng":"46.33031"}},{"nome":"Verzegnis","codice":"030132","codiceCatastale":"L801","regione":"friuli venezia giulia","provincia":"udine","cap":"33020","coordinate":{"lat":"12.9872016","lng":"46.385147"}},{"nome":"Villa Santina","codice":"030133","codiceCatastale":"L909","regione":"friuli venezia giulia","provincia":"udine","cap":"33029","coordinate":{"lat":"12.916666666","lng":"46.416666666"}},{"nome":"Villesse","codice":"031025","codiceCatastale":"M043","regione":"friuli venezia giulia","provincia":"gorizia","cap":"34070","coordinate":{"lat":"13.433333333","lng":"45.866666666"}},{"nome":"Visco","codice":"030135","codiceCatastale":"M073","regione":"friuli venezia giulia","provincia":"udine","cap":"33040","coordinate":{"lat":"13.35","lng":"45.9"}},{"nome":"Vito d'Asio","codice":"093049","codiceCatastale":"M085","regione":"friuli venezia giulia","provincia":"pordenone","cap":"33090","coordinate":{"lat":"12.933333333","lng":"46.233333333"}},{"nome":"Vivaro","codice":"093050","codiceCatastale":"M096","regione":"friuli venezia giulia","provincia":"pordenone","cap":"33099","coordinate":{"lat":"12.77912","lng":"46.07656"}},{"nome":"Zoppola","codice":"093051","codiceCatastale":"M190","regione":"friuli venezia giulia","provincia":"pordenone","cap":"33080","coordinate":{"lat":"12.766666666","lng":"45.966666666"}},{"nome":"Zuglio","codice":"030136","codiceCatastale":"M200","regione":"friuli venezia giulia","provincia":"udine","cap":"33020","coordinate":{"lat":"13.025","lng":"46.462222222"}}]