[{"nome":"Accumoli","codice":"057001","regione":"lazio","provincia":"rieti","sigla":"RI","codiceCatastale":"A019","cap":"02011","coordinate":{"x":42.6951666,"y":13.2487777}},{"nome":"Acquafondata","codice":"060001","regione":"lazio","provincia":"frosinone","sigla":"FR","codiceCatastale":"A032","cap":"03040","coordinate":{"x":41.5439259,"y":13.9537592}},{"nome":"Acquapendente","codice":"056001","regione":"lazio","provincia":"viterbo","sigla":"VT","codiceCatastale":"A040","cap":"01021","coordinate":{"x":42.7448467,"y":11.8651623}},{"nome":"Acuto","codice":"060002","regione":"lazio","provincia":"frosinone","sigla":"FR","codiceCatastale":"A054","cap":"03010","coordinate":{"x":41.7925,"y":13.1753148}},{"nome":"Affile","codice":"058001","regione":"lazio","provincia":"roma","sigla":"RM","codiceCatastale":"A062","cap":"00021","coordinate":{"x":41.8851242,"y":13.0976659}},{"nome":"Agosta","codice":"058002","regione":"lazio","provincia":"roma","sigla":"RM","codiceCatastale":"A084","cap":"00020","coordinate":{"x":41.9825698,"y":13.0337991}},{"nome":"Alatri","codice":"060003","regione":"lazio","provincia":"frosinone","sigla":"FR","codiceCatastale":"A123","cap":"03011","coordinate":{"x":41.7264953,"y":13.3421098}},{"nome":"Albano Laziale","codice":"058003","regione":"lazio","provincia":"roma","sigla":"RM","codiceCatastale":"A132","cap":"00041","coordinate":{"x":41.7284842,"y":12.6608404}},{"nome":"Allumiere","codice":"058004","regione":"lazio","provincia":"roma","sigla":"RM","codiceCatastale":"A210","cap":"00051","coordinate":{"x":42.1573703,"y":11.9050185}},{"nome":"Alvito","codice":"060004","regione":"lazio","provincia":"frosinone","sigla":"FR","codiceCatastale":"A244","cap":"03041","coordinate":{"x":41.6919398,"y":13.7414529}},{"nome":"Amaseno","codice":"060005","regione":"lazio","provincia":"frosinone","sigla":"FR","codiceCatastale":"A256","cap":"03021","coordinate":{"x":41.4689259,"y":13.3370555}},{"nome":"Amatrice","codice":"057002","regione":"lazio","provincia":"rieti","sigla":"RI","codiceCatastale":"A258","cap":"02012","coordinate":{"x":42.6286149,"y":13.2909934}},{"nome":"Anagni","codice":"060006","regione":"lazio","provincia":"frosinone","sigla":"FR","codiceCatastale":"A269","cap":"03012","coordinate":{"x":41.7422346,"y":13.158999}},{"nome":"Anguillara Sabazia","codice":"058005","regione":"lazio","provincia":"roma","sigla":"RM","codiceCatastale":"A297","cap":"00061","coordinate":{"x":42.0926441,"y":12.2698934}},{"nome":"Anticoli Corrado","codice":"058006","regione":"lazio","provincia":"roma","sigla":"RM","codiceCatastale":"A309","cap":"00022","coordinate":{"x":42.009711,"y":12.9890073}},{"nome":"Antrodoco","codice":"057003","regione":"lazio","provincia":"rieti","sigla":"RI","codiceCatastale":"A315","cap":"02013","coordinate":{"x":42.4160664,"y":13.081007}},{"nome":"Anzio","codice":"058007","regione":"lazio","provincia":"roma","sigla":"RM","codiceCatastale":"A323","cap":"00042","coordinate":{"x":41.4479468,"y":12.629052}},{"nome":"Aprilia","codice":"059001","regione":"lazio","provincia":"latina","sigla":"LT","codiceCatastale":"A341","cap":"04011","coordinate":{"x":41.5906481,"y":12.6511111}},{"nome":"Aquino","codice":"060007","regione":"lazio","provincia":"frosinone","sigla":"FR","codiceCatastale":"A348","cap":"03031","coordinate":{"x":41.4922037,"y":13.7056296}},{"nome":"Arce","codice":"060008","regione":"lazio","provincia":"frosinone","sigla":"FR","codiceCatastale":"A363","cap":"03032","coordinate":{"x":41.5876666,"y":13.574537}},{"nome":"Arcinazzo Romano","codice":"058008","regione":"lazio","provincia":"roma","sigla":"RM","codiceCatastale":"A370","cap":"00020","coordinate":{"x":41.8807962,"y":13.1153148}},{"nome":"Ardea","codice":"058117","regione":"lazio","provincia":"roma","sigla":"RM","codiceCatastale":"M213","cap":"00040","coordinate":{"x":41.611804,"y":12.515462}},{"nome":"Ariccia","codice":"058009","regione":"lazio","provincia":"roma","sigla":"RM","codiceCatastale":"A401","cap":"00072","coordinate":{"x":41.721701,"y":12.6740631}},{"nome":"Arlena di Castro","codice":"056002","regione":"lazio","provincia":"viterbo","sigla":"VT","codiceCatastale":"A412","cap":"01010","coordinate":{"x":42.4639101,"y":11.8217736}},{"nome":"Arnara","codice":"060009","regione":"lazio","provincia":"frosinone","sigla":"FR","codiceCatastale":"A421","cap":"03020","coordinate":{"x":41.5856481,"y":13.3893888}},{"nome":"Arpino","codice":"060010","regione":"lazio","provincia":"frosinone","sigla":"FR","codiceCatastale":"A433","cap":"03033","coordinate":{"x":41.6484444,"y":13.6098703}},{"nome":"Arsoli","codice":"058010","regione":"lazio","provincia":"roma","sigla":"RM","codiceCatastale":"A446","cap":"00023","coordinate":{"x":42.0373304,"y":13.0138759}},{"nome":"Artena","codice":"058011","regione":"lazio","provincia":"roma","sigla":"RM","codiceCatastale":"A449","cap":"00031","coordinate":{"x":41.7396731,"y":12.9163973}},{"nome":"Ascrea","codice":"057004","regione":"lazio","provincia":"rieti","sigla":"RI","codiceCatastale":"A464","cap":"02020","coordinate":{"x":42.1956138,"y":12.9968781}},{"nome":"Atina","codice":"060011","regione":"lazio","provincia":"frosinone","sigla":"FR","codiceCatastale":"A486","cap":"03042","coordinate":{"x":41.620924,"y":13.8011865}},{"nome":"Ausonia","codice":"060012","regione":"lazio","provincia":"frosinone","sigla":"FR","codiceCatastale":"A502","cap":"03040","coordinate":{"x":41.3615874,"y":13.7491976}},{"nome":"Bagnoregio","codice":"056003","regione":"lazio","provincia":"viterbo","sigla":"VT","codiceCatastale":"A577","cap":"01022","coordinate":{"x":42.6272329,"y":12.090299}},{"nome":"Barbarano Romano","codice":"056004","regione":"lazio","provincia":"viterbo","sigla":"VT","codiceCatastale":"A628","cap":"01010","coordinate":{"x":42.2501334,"y":12.0665563}},{"nome":"Bassano in Teverina","codice":"056006","regione":"lazio","provincia":"viterbo","sigla":"VT","codiceCatastale":"A706","cap":"01030","coordinate":{"x":42.465539,"y":12.310556}},{"nome":"Bassano Romano","codice":"056005","regione":"lazio","provincia":"viterbo","sigla":"VT","codiceCatastale":"A704","cap":"01030","coordinate":{"x":42.218071,"y":12.1923359}},{"nome":"Bassiano","codice":"059002","regione":"lazio","provincia":"latina","sigla":"LT","codiceCatastale":"A707","cap":"04010","coordinate":{"x":41.5505032,"y":13.0321988}},{"nome":"Bellegra","codice":"058012","regione":"lazio","provincia":"roma","sigla":"RM","codiceCatastale":"A749","cap":"00030","coordinate":{"x":41.883951,"y":13.0272055}},{"nome":"Belmonte Castello","codice":"060013","regione":"lazio","provincia":"frosinone","sigla":"FR","codiceCatastale":"A763","cap":"03040","coordinate":{"x":41.5775785,"y":13.8144235}},{"nome":"Belmonte in Sabina","codice":"057005","regione":"lazio","provincia":"rieti","sigla":"RI","codiceCatastale":"A765","cap":"02020","coordinate":{"x":42.3184979,"y":12.8931905}},{"nome":"Blera","codice":"056007","regione":"lazio","provincia":"viterbo","sigla":"VT","codiceCatastale":"A857","cap":"01010","coordinate":{"x":42.272694,"y":12.027549}},{"nome":"Bolsena","codice":"056008","regione":"lazio","provincia":"viterbo","sigla":"VT","codiceCatastale":"A949","cap":"01023","coordinate":{"x":42.6448518,"y":11.9861111}},{"nome":"Bomarzo","codice":"056009","regione":"lazio","provincia":"viterbo","sigla":"VT","codiceCatastale":"A955","cap":"01020","coordinate":{"x":42.487133,"y":12.250393}},{"nome":"Borbona","codice":"057006","regione":"lazio","provincia":"rieti","sigla":"RI","codiceCatastale":"A981","cap":"02010","coordinate":{"x":42.5138467,"y":13.1333205}},{"nome":"Borgo Velino","codice":"057008","regione":"lazio","provincia":"rieti","sigla":"RI","codiceCatastale":"A996","cap":"02010","coordinate":{"x":42.407037,"y":13.0603333}},{"nome":"Borgorose","codice":"057007","regione":"lazio","provincia":"rieti","sigla":"RI","codiceCatastale":"B008","cap":"02021","coordinate":{"x":42.19,"y":13.2350185}},{"nome":"Boville Ernica","codice":"060014","regione":"lazio","provincia":"frosinone","sigla":"FR","codiceCatastale":"A720","cap":"03022","coordinate":{"x":41.6427619,"y":13.4732421}},{"nome":"Bracciano","codice":"058013","regione":"lazio","provincia":"roma","sigla":"RM","codiceCatastale":"B114","cap":"00062","coordinate":{"x":42.103597,"y":12.1755678}},{"nome":"Broccostella","codice":"060015","regione":"lazio","provincia":"frosinone","sigla":"FR","codiceCatastale":"B195","cap":"03030","coordinate":{"x":41.7018185,"y":13.635922}},{"nome":"Calcata","codice":"056010","regione":"lazio","provincia":"viterbo","sigla":"VT","codiceCatastale":"B388","cap":"01030","coordinate":{"x":42.2192583,"y":12.4264913}},{"nome":"Camerata Nuova","codice":"058014","regione":"lazio","provincia":"roma","sigla":"RM","codiceCatastale":"B472","cap":"00020","coordinate":{"x":42.019537,"y":13.1087777}},{"nome":"Campagnano di Roma","codice":"058015","regione":"lazio","provincia":"roma","sigla":"RM","codiceCatastale":"B496","cap":"00063","coordinate":{"x":42.140492,"y":12.3799689}},{"nome":"Campodimele","codice":"059003","regione":"lazio","provincia":"latina","sigla":"LT","codiceCatastale":"B527","cap":"04020","coordinate":{"x":41.3872394,"y":13.5321822}},{"nome":"Campoli Appennino","codice":"060016","regione":"lazio","provincia":"frosinone","sigla":"FR","codiceCatastale":"B543","cap":"03030","coordinate":{"x":41.7367222,"y":13.6847037}},{"nome":"Canale Monterano","codice":"058016","regione":"lazio","provincia":"roma","sigla":"RM","codiceCatastale":"B576","cap":"00060","coordinate":{"x":42.137644,"y":12.103201}},{"nome":"Canepina","codice":"056011","regione":"lazio","provincia":"viterbo","sigla":"VT","codiceCatastale":"B597","cap":"01030","coordinate":{"x":42.3832962,"y":12.2329814}},{"nome":"Canino","codice":"056012","regione":"lazio","provincia":"viterbo","sigla":"VT","codiceCatastale":"B604","cap":"01011","coordinate":{"x":42.465,"y":11.7522037}},{"nome":"Cantalice","codice":"057009","regione":"lazio","provincia":"rieti","sigla":"RI","codiceCatastale":"B627","cap":"02014","coordinate":{"x":42.4686612,"y":12.9033663}},{"nome":"Cantalupo in Sabina","codice":"057010","regione":"lazio","provincia":"rieti","sigla":"RI","codiceCatastale":"B631","cap":"02040","coordinate":{"x":42.3072037,"y":12.6482962}},{"nome":"Canterano","codice":"058017","regione":"lazio","provincia":"roma","sigla":"RM","codiceCatastale":"B635","cap":"00020","coordinate":{"x":41.9436421,"y":13.0388263}},{"nome":"Capena","codice":"058018","regione":"lazio","provincia":"roma","sigla":"RM","codiceCatastale":"B649","cap":"00060","coordinate":{"x":42.1426666,"y":12.5417222}},{"nome":"Capodimonte","codice":"056013","regione":"lazio","provincia":"viterbo","sigla":"VT","codiceCatastale":"B663","cap":"01010","coordinate":{"x":42.5475,"y":11.9057962}},{"nome":"Capranica","codice":"056014","regione":"lazio","provincia":"viterbo","sigla":"VT","codiceCatastale":"B688","cap":"01012","coordinate":{"x":42.2598703,"y":12.1731481}},{"nome":"Capranica Prenestina","codice":"058019","regione":"lazio","provincia":"roma","sigla":"RM","codiceCatastale":"B687","cap":"00030","coordinate":{"x":41.86378,"y":12.9507312}},{"nome":"Caprarola","codice":"056015","regione":"lazio","provincia":"viterbo","sigla":"VT","codiceCatastale":"B691","cap":"01032","coordinate":{"x":42.3241037,"y":12.2426185}},{"nome":"Carbognano","codice":"056016","regione":"lazio","provincia":"viterbo","sigla":"VT","codiceCatastale":"B735","cap":"01030","coordinate":{"x":42.3326666,"y":12.2653148}},{"nome":"Carpineto Romano","codice":"058020","regione":"lazio","provincia":"roma","sigla":"RM","codiceCatastale":"B828","cap":"00032","coordinate":{"x":41.6054814,"y":13.0861111}},{"nome":"Casalattico","codice":"060017","regione":"lazio","provincia":"frosinone","sigla":"FR","codiceCatastale":"B862","cap":"03030","coordinate":{"x":41.6228054,"y":13.7259374}},{"nome":"Casalvieri","codice":"060018","regione":"lazio","provincia":"frosinone","sigla":"FR","codiceCatastale":"B919","cap":"03034","coordinate":{"x":41.6325931,"y":13.7149117}},{"nome":"Casape","codice":"058021","regione":"lazio","provincia":"roma","sigla":"RM","codiceCatastale":"B932","cap":"00010","coordinate":{"x":41.9082988,"y":12.8858728}},{"nome":"Casaprota","codice":"057011","regione":"lazio","provincia":"rieti","sigla":"RI","codiceCatastale":"B934","cap":"02030","coordinate":{"x":42.2511455,"y":12.8035234}},{"nome":"Casperia","codice":"057012","regione":"lazio","provincia":"rieti","sigla":"RI","codiceCatastale":"A472","cap":"02041","coordinate":{"x":42.3407962,"y":12.6717222}},{"nome":"Cassino","codice":"060019","regione":"lazio","provincia":"frosinone","sigla":"FR","codiceCatastale":"C034","cap":"03043","coordinate":{"x":41.4929005,"y":13.8305659}},{"nome":"Castel di Tora","codice":"057013","regione":"lazio","provincia":"rieti","sigla":"RI","codiceCatastale":"C098","cap":"02020","coordinate":{"x":42.21583,"y":12.9637646}},{"nome":"Castel Gandolfo","codice":"058022","regione":"lazio","provincia":"roma","sigla":"RM","codiceCatastale":"C116","cap":"00073","coordinate":{"x":41.7499519,"y":12.648516}},{"nome":"Castel Madama","codice":"058023","regione":"lazio","provincia":"roma","sigla":"RM","codiceCatastale":"C203","cap":"00024","coordinate":{"x":41.974537,"y":12.8695555}},{"nome":"Castel San Pietro Romano","codice":"058025","regione":"lazio","provincia":"roma","sigla":"RM","codiceCatastale":"C266","cap":"00030","coordinate":{"x":41.8464088,"y":12.89499}},{"nome":"Castel Sant'Angelo","codice":"057015","regione":"lazio","provincia":"rieti","sigla":"RI","codiceCatastale":"C268","cap":"02010","coordinate":{"x":42.3948703,"y":13.0284629}},{"nome":"Castel Sant'Elia","codice":"056017","regione":"lazio","provincia":"viterbo","sigla":"VT","codiceCatastale":"C269","cap":"01030","coordinate":{"x":42.2505045,"y":12.3700624}},{"nome":"Castelforte","codice":"059004","regione":"lazio","provincia":"latina","sigla":"LT","codiceCatastale":"C104","cap":"04021","coordinate":{"x":41.301556,"y":13.819572}},{"nome":"Castelliri","codice":"060020","regione":"lazio","provincia":"frosinone","sigla":"FR","codiceCatastale":"C177","cap":"03030","coordinate":{"x":41.6793395,"y":13.5515014}},{"nome":"Castelnuovo di Farfa","codice":"057014","regione":"lazio","provincia":"rieti","sigla":"RI","codiceCatastale":"C224","cap":"02031","coordinate":{"x":42.2321581,"y":12.7420075}},{"nome":"Castelnuovo di Porto","codice":"058024","regione":"lazio","provincia":"roma","sigla":"RM","codiceCatastale":"C237","cap":"00060","coordinate":{"x":42.1268888,"y":12.5022037}},{"nome":"Castelnuovo Parano","codice":"060021","regione":"lazio","provincia":"frosinone","sigla":"FR","codiceCatastale":"C223","cap":"03040","coordinate":{"x":41.3776017,"y":13.7556243}},{"nome":"Castiglione in Teverina","codice":"056018","regione":"lazio","provincia":"viterbo","sigla":"VT","codiceCatastale":"C315","cap":"01024","coordinate":{"x":42.6489074,"y":12.2043888}},{"nome":"Castro dei Volsci","codice":"060023","regione":"lazio","provincia":"frosinone","sigla":"FR","codiceCatastale":"C338","cap":"03020","coordinate":{"x":41.5092222,"y":13.4073703}},{"nome":"Castrocielo","codice":"060022","regione":"lazio","provincia":"frosinone","sigla":"FR","codiceCatastale":"C340","cap":"03030","coordinate":{"x":41.5293888,"y":13.6945555}},{"nome":"Cave","codice":"058026","regione":"lazio","provincia":"roma","sigla":"RM","codiceCatastale":"C390","cap":"00033","coordinate":{"x":41.8178333,"y":12.9348703}},{"nome":"Ceccano","codice":"060024","regione":"lazio","provincia":"frosinone","sigla":"FR","codiceCatastale":"C413","cap":"03023","coordinate":{"x":41.5684035,"y":13.3335694}},{"nome":"Celleno","codice":"056019","regione":"lazio","provincia":"viterbo","sigla":"VT","codiceCatastale":"C446","cap":"01020","coordinate":{"x":42.559492,"y":12.125881}},{"nome":"Cellere","codice":"056020","regione":"lazio","provincia":"viterbo","sigla":"VT","codiceCatastale":"C447","cap":"01010","coordinate":{"x":42.5114074,"y":11.7726666}},{"nome":"Ceprano","codice":"060025","regione":"lazio","provincia":"frosinone","sigla":"FR","codiceCatastale":"C479","cap":"03024","coordinate":{"x":41.546101,"y":13.513238}},{"nome":"Cerreto Laziale","codice":"058027","regione":"lazio","provincia":"roma","sigla":"RM","codiceCatastale":"C518","cap":"00020","coordinate":{"x":41.9443888,"y":12.9826666}},{"nome":"Cervara di Roma","codice":"058028","regione":"lazio","provincia":"roma","sigla":"RM","codiceCatastale":"C543","cap":"00020","coordinate":{"x":41.987844,"y":13.0677143}},{"nome":"Cervaro","codice":"060026","regione":"lazio","provincia":"frosinone","sigla":"FR","codiceCatastale":"C545","cap":"03044","coordinate":{"x":41.482492,"y":13.905125}},{"nome":"Cerveteri","codice":"058029","regione":"lazio","provincia":"roma","sigla":"RM","codiceCatastale":"C552","cap":"00052","coordinate":{"x":41.9937777,"y":12.0934629}},{"nome":"Ciampino","codice":"058118","regione":"lazio","provincia":"roma","sigla":"RM","codiceCatastale":"M272","cap":"00043","coordinate":{"x":41.8025436,"y":12.6021362}},{"nome":"Ciciliano","codice":"058030","regione":"lazio","provincia":"roma","sigla":"RM","codiceCatastale":"C677","cap":"00020","coordinate":{"x":41.9607021,"y":12.9398442}},{"nome":"Cineto Romano","codice":"058031","regione":"lazio","provincia":"roma","sigla":"RM","codiceCatastale":"C702","cap":"00020","coordinate":{"x":42.0495879,"y":12.9616964}},{"nome":"Cisterna di Latina","codice":"059005","regione":"lazio","provincia":"latina","sigla":"LT","codiceCatastale":"C740","cap":"04012","coordinate":{"x":41.594442,"y":12.8263488}},{"nome":"Cittaducale","codice":"057016","regione":"lazio","provincia":"rieti","sigla":"RI","codiceCatastale":"C746","cap":"02015","coordinate":{"x":42.3868765,"y":12.9491685}},{"nome":"Cittareale","codice":"057017","regione":"lazio","provincia":"rieti","sigla":"RI","codiceCatastale":"C749","cap":"02010","coordinate":{"x":42.6173703,"y":13.1589259}},{"nome":"Civita Castellana","codice":"056021","regione":"lazio","provincia":"viterbo","sigla":"VT","codiceCatastale":"C765","cap":"01033","coordinate":{"x":42.28884,"y":12.4115155}},{"nome":"Civitavecchia","codice":"058032","regione":"lazio","provincia":"roma","sigla":"RM","codiceCatastale":"C773","cap":"00053","coordinate":{"x":42.0911797,"y":11.7968144}},{"nome":"Civitella d'Agliano","codice":"056022","regione":"lazio","provincia":"viterbo","sigla":"VT","codiceCatastale":"C780","cap":"01020","coordinate":{"x":42.6042222,"y":12.1879814}},{"nome":"Civitella San Paolo","codice":"058033","regione":"lazio","provincia":"roma","sigla":"RM","codiceCatastale":"C784","cap":"00060","coordinate":{"x":42.199537,"y":12.5775185}},{"nome":"Colfelice","codice":"060027","regione":"lazio","provincia":"frosinone","sigla":"FR","codiceCatastale":"C836","cap":"03030","coordinate":{"x":41.5559444,"y":13.6043888}},{"nome":"Collalto Sabino","codice":"057018","regione":"lazio","provincia":"rieti","sigla":"RI","codiceCatastale":"C841","cap":"02022","coordinate":{"x":42.1366143,"y":13.0476511}},{"nome":"Colle di Tora","codice":"057019","regione":"lazio","provincia":"rieti","sigla":"RI","codiceCatastale":"C857","cap":"02020","coordinate":{"x":42.2136259,"y":12.9485026}},{"nome":"Colle San Magno","codice":"060029","regione":"lazio","provincia":"frosinone","sigla":"FR","codiceCatastale":"C870","cap":"03030","coordinate":{"x":41.5508639,"y":13.6940667}},{"nome":"Colleferro","codice":"058034","regione":"lazio","provincia":"roma","sigla":"RM","codiceCatastale":"C858","cap":"00034","coordinate":{"x":41.730226,"y":13.0057632}},{"nome":"Collegiove","codice":"057020","regione":"lazio","provincia":"rieti","sigla":"RI","codiceCatastale":"C859","cap":"02020","coordinate":{"x":42.1759042,"y":13.0368958}},{"nome":"Collepardo","codice":"060028","regione":"lazio","provincia":"frosinone","sigla":"FR","codiceCatastale":"C864","cap":"03010","coordinate":{"x":41.764316,"y":13.3693609}},{"nome":"Collevecchio","codice":"057021","regione":"lazio","provincia":"rieti","sigla":"RI","codiceCatastale":"C876","cap":"02042","coordinate":{"x":42.3359994,"y":12.5527786}},{"nome":"Colli sul Velino","codice":"057022","regione":"lazio","provincia":"rieti","sigla":"RI","codiceCatastale":"C880","cap":"02010","coordinate":{"x":42.4982847,"y":12.784437}},{"nome":"Colonna","codice":"058035","regione":"lazio","provincia":"roma","sigla":"RM","codiceCatastale":"C900","cap":"00030","coordinate":{"x":41.834139,"y":12.752852}},{"nome":"Concerviano","codice":"057023","regione":"lazio","provincia":"rieti","sigla":"RI","codiceCatastale":"C946","cap":"02020","coordinate":{"x":42.3231441,"y":12.9855213}},{"nome":"Configni","codice":"057024","regione":"lazio","provincia":"rieti","sigla":"RI","codiceCatastale":"C959","cap":"02040","coordinate":{"x":42.4234659,"y":12.6417178}},{"nome":"Contigliano","codice":"057025","regione":"lazio","provincia":"rieti","sigla":"RI","codiceCatastale":"C969","cap":"02043","coordinate":{"x":42.4125,"y":12.7689259}},{"nome":"Corchiano","codice":"056023","regione":"lazio","provincia":"viterbo","sigla":"VT","codiceCatastale":"C988","cap":"01030","coordinate":{"x":42.3459444,"y":12.3567407}},{"nome":"Coreno Ausonio","codice":"060030","regione":"lazio","provincia":"frosinone","sigla":"FR","codiceCatastale":"C998","cap":"03040","coordinate":{"x":41.3461111,"y":13.7825}},{"nome":"Cori","codice":"059006","regione":"lazio","provincia":"latina","sigla":"LT","codiceCatastale":"D003","cap":"04010","coordinate":{"x":41.64256,"y":12.915679}},{"nome":"Cottanello","codice":"057026","regione":"lazio","provincia":"rieti","sigla":"RI","codiceCatastale":"D124","cap":"02040","coordinate":{"x":42.410368,"y":12.6841808}},{"nome":"Esperia","codice":"060031","regione":"lazio","provincia":"frosinone","sigla":"FR","codiceCatastale":"D440","cap":"03045","coordinate":{"x":41.3849739,"y":13.6847141}},{"nome":"Fabrica di Roma","codice":"056024","regione":"lazio","provincia":"viterbo","sigla":"VT","codiceCatastale":"D452","cap":"01034","coordinate":{"x":42.33378,"y":12.299857}},{"nome":"Faleria","codice":"056025","regione":"lazio","provincia":"viterbo","sigla":"VT","codiceCatastale":"D475","cap":"01030","coordinate":{"x":42.2275,"y":12.4464259}},{"nome":"Falvaterra","codice":"060032","regione":"lazio","provincia":"frosinone","sigla":"FR","codiceCatastale":"D483","cap":"03020","coordinate":{"x":41.5049141,"y":13.5239251}},{"nome":"Fara in Sabina","codice":"057027","regione":"lazio","provincia":"rieti","sigla":"RI","codiceCatastale":"D493","cap":"02032","coordinate":{"x":42.207506,"y":12.7297935}},{"nome":"Farnese","codice":"056026","regione":"lazio","provincia":"viterbo","sigla":"VT","codiceCatastale":"D503","cap":"01010","coordinate":{"x":42.5504814,"y":11.7267407}},{"nome":"Ferentino","codice":"060033","regione":"lazio","provincia":"frosinone","sigla":"FR","codiceCatastale":"D539","cap":"03013","coordinate":{"x":41.6927121,"y":13.253358}},{"nome":"Fiamignano","codice":"057028","regione":"lazio","provincia":"rieti","sigla":"RI","codiceCatastale":"D560","cap":"02023","coordinate":{"x":42.2648174,"y":13.1255028}},{"nome":"Fiano Romano","codice":"058036","regione":"lazio","provincia":"roma","sigla":"RM","codiceCatastale":"D561","cap":"00065","coordinate":{"x":42.1704099,"y":12.590391}},{"nome":"Filacciano","codice":"058037","regione":"lazio","provincia":"roma","sigla":"RM","codiceCatastale":"D586","cap":"00060","coordinate":{"x":42.2553278,"y":12.5988967}},{"nome":"Filettino","codice":"060034","regione":"lazio","provincia":"frosinone","sigla":"FR","codiceCatastale":"D591","cap":"03010","coordinate":{"x":41.89054,"y":13.324463}},{"nome":"Fiuggi","codice":"060035","regione":"lazio","provincia":"frosinone","sigla":"FR","codiceCatastale":"A310","cap":"03014","coordinate":{"x":41.796736,"y":13.22325}},{"nome":"Fiumicino","codice":"058120","regione":"lazio","provincia":"roma","sigla":"RM","codiceCatastale":"M297","cap":"00054","coordinate":{"x":41.7715258,"y":12.2300032}},{"nome":"Fondi","codice":"059007","regione":"lazio","provincia":"latina","sigla":"LT","codiceCatastale":"D662","cap":"04022","coordinate":{"x":41.3551666,"y":13.4323703}},{"nome":"Fontana Liri","codice":"060036","regione":"lazio","provincia":"frosinone","sigla":"FR","codiceCatastale":"D667","cap":"03035","coordinate":{"x":41.6112188,"y":13.5515081}},{"nome":"Fonte Nuova","codice":"058122","regione":"lazio","provincia":"roma","sigla":"RM","codiceCatastale":"M309","cap":"00013","coordinate":{"x":41.9946479,"y":12.6189436}},{"nome":"Fontechiari","codice":"060037","regione":"lazio","provincia":"frosinone","sigla":"FR","codiceCatastale":"D682","cap":"03030","coordinate":{"x":41.6692222,"y":13.6754814}},{"nome":"Forano","codice":"057029","regione":"lazio","provincia":"rieti","sigla":"RI","codiceCatastale":"D689","cap":"02044","coordinate":{"x":42.297111,"y":12.595737}},{"nome":"Formello","codice":"058038","regione":"lazio","provincia":"roma","sigla":"RM","codiceCatastale":"D707","cap":"00060","coordinate":{"x":42.078815,"y":12.400212}},{"nome":"Formia","codice":"059008","regione":"lazio","provincia":"latina","sigla":"LT","codiceCatastale":"D708","cap":"04023","coordinate":{"x":41.2563507,"y":13.6059139}},{"nome":"Frascati","codice":"058039","regione":"lazio","provincia":"roma","sigla":"RM","codiceCatastale":"D773","cap":"00044","coordinate":{"x":41.8062042,"y":12.6804299}},{"nome":"Frasso Sabino","codice":"057030","regione":"lazio","provincia":"rieti","sigla":"RI","codiceCatastale":"D785","cap":"02030","coordinate":{"x":42.229671,"y":12.8050464}},{"nome":"Frosinone","codice":"060038","regione":"lazio","provincia":"frosinone","sigla":"FR","codiceCatastale":"D810","cap":"03100","coordinate":{"x":41.6401367,"y":13.3519019}},{"nome":"Fumone","codice":"060039","regione":"lazio","provincia":"frosinone","sigla":"FR","codiceCatastale":"D819","cap":"03010","coordinate":{"x":41.7286111,"y":13.2734444}},{"nome":"Gaeta","codice":"059009","regione":"lazio","provincia":"latina","sigla":"LT","codiceCatastale":"D843","cap":"04024","coordinate":{"x":41.2140718,"y":13.571}},{"nome":"Gallese","codice":"056027","regione":"lazio","provincia":"viterbo","sigla":"VT","codiceCatastale":"D870","cap":"01035","coordinate":{"x":42.372649,"y":12.403207}},{"nome":"Gallicano nel Lazio","codice":"058040","regione":"lazio","provincia":"roma","sigla":"RM","codiceCatastale":"D875","cap":"00010","coordinate":{"x":41.872432,"y":12.818071}},{"nome":"Gallinaro","codice":"060040","regione":"lazio","provincia":"frosinone","sigla":"FR","codiceCatastale":"D881","cap":"03040","coordinate":{"x":41.6545291,"y":13.7978813}},{"nome":"Gavignano","codice":"058041","regione":"lazio","provincia":"roma","sigla":"RM","codiceCatastale":"D945","cap":"00030","coordinate":{"x":41.6997878,"y":13.0511042}},{"nome":"Genazzano","codice":"058042","regione":"lazio","provincia":"roma","sigla":"RM","codiceCatastale":"D964","cap":"00030","coordinate":{"x":41.8262592,"y":12.9717222}},{"nome":"Genzano di Roma","codice":"058043","regione":"lazio","provincia":"roma","sigla":"RM","codiceCatastale":"D972","cap":"00045","coordinate":{"x":41.7074552,"y":12.6900991}},{"nome":"Gerano","codice":"058044","regione":"lazio","provincia":"roma","sigla":"RM","codiceCatastale":"D978","cap":"00025","coordinate":{"x":41.934074,"y":12.9953333}},{"nome":"Giuliano di Roma","codice":"060041","regione":"lazio","provincia":"frosinone","sigla":"FR","codiceCatastale":"E057","cap":"03020","coordinate":{"x":41.5407962,"y":13.2804814}},{"nome":"Gorga","codice":"058045","regione":"lazio","provincia":"roma","sigla":"RM","codiceCatastale":"E091","cap":"00030","coordinate":{"x":41.6559527,"y":13.1098082}},{"nome":"Gradoli","codice":"056028","regione":"lazio","provincia":"viterbo","sigla":"VT","codiceCatastale":"E126","cap":"01010","coordinate":{"x":42.644537,"y":11.8559629}},{"nome":"Graffignano","codice":"056029","regione":"lazio","provincia":"viterbo","sigla":"VT","codiceCatastale":"E128","cap":"01020","coordinate":{"x":42.5736111,"y":12.2026666}},{"nome":"Greccio","codice":"057031","regione":"lazio","provincia":"rieti","sigla":"RI","codiceCatastale":"E160","cap":"02045","coordinate":{"x":42.4432562,"y":12.7519122}},{"nome":"Grottaferrata","codice":"058046","regione":"lazio","provincia":"roma","sigla":"RM","codiceCatastale":"E204","cap":"00046","coordinate":{"x":41.7886267,"y":12.6677014}},{"nome":"Grotte di Castro","codice":"056030","regione":"lazio","provincia":"viterbo","sigla":"VT","codiceCatastale":"E210","cap":"01025","coordinate":{"x":42.674852,"y":11.869638}},{"nome":"Guarcino","codice":"060042","regione":"lazio","provincia":"frosinone","sigla":"FR","codiceCatastale":"E236","cap":"03016","coordinate":{"x":41.8,"y":13.3143888}},{"nome":"Guidonia Montecelio","codice":"058047","regione":"lazio","provincia":"roma","sigla":"RM","codiceCatastale":"E263","cap":"00012","coordinate":{"x":41.9998179,"y":12.726297}},{"nome":"Ischia di Castro","codice":"056031","regione":"lazio","provincia":"viterbo","sigla":"VT","codiceCatastale":"E330","cap":"01010","coordinate":{"x":42.545,"y":11.7573703}},{"nome":"Isola del Liri","codice":"060043","regione":"lazio","provincia":"frosinone","sigla":"FR","codiceCatastale":"E340","cap":"03036","coordinate":{"x":41.6785525,"y":13.5740713}},{"nome":"Itri","codice":"059010","regione":"lazio","provincia":"latina","sigla":"LT","codiceCatastale":"E375","cap":"04020","coordinate":{"x":41.2903333,"y":13.5273518}},{"nome":"Jenne","codice":"058048","regione":"lazio","provincia":"roma","sigla":"RM","codiceCatastale":"E382","cap":"00020","coordinate":{"x":41.8898518,"y":13.1706481}},{"nome":"Labico","codice":"058049","regione":"lazio","provincia":"roma","sigla":"RM","codiceCatastale":"E392","cap":"00030","coordinate":{"x":41.7906481,"y":12.8818888}},{"nome":"Labro","codice":"057032","regione":"lazio","provincia":"rieti","sigla":"RI","codiceCatastale":"E393","cap":"02010","coordinate":{"x":42.5255614,"y":12.8006913}},{"nome":"Ladispoli","codice":"058116","regione":"lazio","provincia":"roma","sigla":"RM","codiceCatastale":"M212","cap":"00055","coordinate":{"x":41.9550297,"y":12.0698}},{"nome":"Lanuvio","codice":"058050","regione":"lazio","provincia":"roma","sigla":"RM","codiceCatastale":"C767","cap":"00075","coordinate":{"x":41.674696,"y":12.69758}},{"nome":"Lariano","codice":"058115","regione":"lazio","provincia":"roma","sigla":"RM","codiceCatastale":"M207","cap":"00076","coordinate":{"x":41.7261179,"y":12.8321737}},{"nome":"Latera","codice":"056032","regione":"lazio","provincia":"viterbo","sigla":"VT","codiceCatastale":"E467","cap":"01010","coordinate":{"x":42.63,"y":11.8284444}},{"nome":"Latina","codice":"059011","regione":"lazio","provincia":"latina","sigla":"LT","codiceCatastale":"E472","cap":"04100","coordinate":{"x":41.4675967,"y":12.9037}},{"nome":"Lenola","codice":"059012","regione":"lazio","provincia":"latina","sigla":"LT","codiceCatastale":"E527","cap":"04025","coordinate":{"x":41.408705,"y":13.461344}},{"nome":"Leonessa","codice":"057033","regione":"lazio","provincia":"rieti","sigla":"RI","codiceCatastale":"E535","cap":"02016","coordinate":{"x":42.5665834,"y":12.9624821}},{"nome":"Licenza","codice":"058051","regione":"lazio","provincia":"roma","sigla":"RM","codiceCatastale":"E576","cap":"00026","coordinate":{"x":42.0751666,"y":12.9011111}},{"nome":"Longone Sabino","codice":"057034","regione":"lazio","provincia":"rieti","sigla":"RI","codiceCatastale":"E681","cap":"02020","coordinate":{"x":42.2732244,"y":12.9663572}},{"nome":"Lubriano","codice":"056033","regione":"lazio","provincia":"viterbo","sigla":"VT","codiceCatastale":"E713","cap":"01020","coordinate":{"x":42.6363609,"y":12.1115517}},{"nome":"Maenza","codice":"059013","regione":"lazio","provincia":"latina","sigla":"LT","codiceCatastale":"E798","cap":"04010","coordinate":{"x":41.5229189,"y":13.1821341}},{"nome":"Magliano Romano","codice":"058052","regione":"lazio","provincia":"roma","sigla":"RM","codiceCatastale":"E813","cap":"00060","coordinate":{"x":42.1590185,"y":12.436648}},{"nome":"Magliano Sabina","codice":"057035","regione":"lazio","provincia":"rieti","sigla":"RI","codiceCatastale":"E812","cap":"02046","coordinate":{"x":42.3623597,"y":12.4814008}},{"nome":"Mandela","codice":"058053","regione":"lazio","provincia":"roma","sigla":"RM","codiceCatastale":"B632","cap":"00020","coordinate":{"x":42.0292172,"y":12.9228508}},{"nome":"Manziana","codice":"058054","regione":"lazio","provincia":"roma","sigla":"RM","codiceCatastale":"E900","cap":"00066","coordinate":{"x":42.1331296,"y":12.1273518}},{"nome":"Marano Equo","codice":"058055","regione":"lazio","provincia":"roma","sigla":"RM","codiceCatastale":"E908","cap":"00020","coordinate":{"x":41.9941917,"y":13.0135862}},{"nome":"Marcellina","codice":"058056","regione":"lazio","provincia":"roma","sigla":"RM","codiceCatastale":"E924","cap":"00010","coordinate":{"x":42.0262777,"y":12.8067222}},{"nome":"Marcetelli","codice":"057036","regione":"lazio","provincia":"rieti","sigla":"RI","codiceCatastale":"E927","cap":"02020","coordinate":{"x":42.2263658,"y":13.0461092}},{"nome":"Marino","codice":"058057","regione":"lazio","provincia":"roma","sigla":"RM","codiceCatastale":"E958","cap":"00047","coordinate":{"x":41.7698036,"y":12.6585277}},{"nome":"Marta","codice":"056034","regione":"lazio","provincia":"viterbo","sigla":"VT","codiceCatastale":"E978","cap":"01010","coordinate":{"x":42.5347037,"y":11.9261111}},{"nome":"Mazzano Romano","codice":"058058","regione":"lazio","provincia":"roma","sigla":"RM","codiceCatastale":"F064","cap":"00060","coordinate":{"x":42.20655,"y":12.4002649}},{"nome":"Mentana","codice":"058059","regione":"lazio","provincia":"roma","sigla":"RM","codiceCatastale":"F127","cap":"00013","coordinate":{"x":42.0342813,"y":12.6373594}},{"nome":"Micigliano","codice":"057037","regione":"lazio","provincia":"rieti","sigla":"RI","codiceCatastale":"F193","cap":"02010","coordinate":{"x":42.4514997,"y":13.0530795}},{"nome":"Minturno","codice":"059014","regione":"lazio","provincia":"latina","sigla":"LT","codiceCatastale":"F224","cap":"04026","coordinate":{"x":41.2623802,"y":13.7464678}},{"nome":"Mompeo","codice":"057038","regione":"lazio","provincia":"rieti","sigla":"RI","codiceCatastale":"F319","cap":"02040","coordinate":{"x":42.248504,"y":12.7511222}},{"nome":"Montalto di Castro","codice":"056035","regione":"lazio","provincia":"viterbo","sigla":"VT","codiceCatastale":"F419","cap":"01014","coordinate":{"x":42.3514074,"y":11.6079814}},{"nome":"Montasola","codice":"057039","regione":"lazio","provincia":"rieti","sigla":"RI","codiceCatastale":"F430","cap":"02040","coordinate":{"x":42.3852724,"y":12.6804125}},{"nome":"Monte Compatri","codice":"058060","regione":"lazio","provincia":"roma","sigla":"RM","codiceCatastale":"F477","cap":"00077","coordinate":{"x":41.8073853,"y":12.7365488}},{"nome":"Monte Porzio Catone","codice":"058064","regione":"lazio","provincia":"roma","sigla":"RM","codiceCatastale":"F590","cap":"00078","coordinate":{"x":41.813942,"y":12.716998}},{"nome":"Monte Romano","codice":"056037","regione":"lazio","provincia":"viterbo","sigla":"VT","codiceCatastale":"F603","cap":"01010","coordinate":{"x":42.2682744,"y":11.8952405}},{"nome":"Monte San Biagio","codice":"059015","regione":"lazio","provincia":"latina","sigla":"LT","codiceCatastale":"F616","cap":"04020","coordinate":{"x":41.3533351,"y":13.3527597}},{"nome":"Monte San Giovanni Campano","codice":"060044","regione":"lazio","provincia":"frosinone","sigla":"FR","codiceCatastale":"F620","cap":"03025","coordinate":{"x":41.6401071,"y":13.5153739}},{"nome":"Monte San Giovanni in Sabina","codice":"057043","regione":"lazio","provincia":"rieti","sigla":"RI","codiceCatastale":"F619","cap":"02040","coordinate":{"x":42.3285181,"y":12.7761375}},{"nome":"Montebuono","codice":"057040","regione":"lazio","provincia":"rieti","sigla":"RI","codiceCatastale":"F446","cap":"02040","coordinate":{"x":42.3682962,"y":12.5975185}},{"nome":"Montefiascone","codice":"056036","regione":"lazio","provincia":"viterbo","sigla":"VT","codiceCatastale":"F499","cap":"01027","coordinate":{"x":42.5379839,"y":12.0363877}},{"nome":"Monteflavio","codice":"058061","regione":"lazio","provincia":"roma","sigla":"RM","codiceCatastale":"F504","cap":"00010","coordinate":{"x":42.1092414,"y":12.8297229}},{"nome":"Montelanico","codice":"058062","regione":"lazio","provincia":"roma","sigla":"RM","codiceCatastale":"F534","cap":"00030","coordinate":{"x":41.6522037,"y":13.0409629}},{"nome":"Monteleone Sabino","codice":"057041","regione":"lazio","provincia":"rieti","sigla":"RI","codiceCatastale":"F541","cap":"02033","coordinate":{"x":42.233123,"y":12.8581409}},{"nome":"Montelibretti","codice":"058063","regione":"lazio","provincia":"roma","sigla":"RM","codiceCatastale":"F545","cap":"00010","coordinate":{"x":42.1354,"y":12.73812}},{"nome":"Montenero Sabino","codice":"057042","regione":"lazio","provincia":"rieti","sigla":"RI","codiceCatastale":"F579","cap":"02040","coordinate":{"x":42.2830346,"y":12.8147092}},{"nome":"Monterosi","codice":"056038","regione":"lazio","provincia":"viterbo","sigla":"VT","codiceCatastale":"F606","cap":"01030","coordinate":{"x":42.194882,"y":12.310402}},{"nome":"Monterotondo","codice":"058065","regione":"lazio","provincia":"roma","sigla":"RM","codiceCatastale":"F611","cap":"00015","coordinate":{"x":42.0517834,"y":12.6170401}},{"nome":"Montopoli di Sabina","codice":"057044","regione":"lazio","provincia":"rieti","sigla":"RI","codiceCatastale":"F687","cap":"02034","coordinate":{"x":42.2463489,"y":12.6920927}},{"nome":"Montorio Romano","codice":"058066","regione":"lazio","provincia":"roma","sigla":"RM","codiceCatastale":"F692","cap":"00010","coordinate":{"x":42.13921,"y":12.806722}},{"nome":"Moricone","codice":"058067","regione":"lazio","provincia":"roma","sigla":"RM","codiceCatastale":"F730","cap":"00010","coordinate":{"x":42.1122037,"y":12.7750185}},{"nome":"Morlupo","codice":"058068","regione":"lazio","provincia":"roma","sigla":"RM","codiceCatastale":"F734","cap":"00067","coordinate":{"x":42.1472037,"y":12.4984629}},{"nome":"Morolo","codice":"060045","regione":"lazio","provincia":"frosinone","sigla":"FR","codiceCatastale":"F740","cap":"03017","coordinate":{"x":41.6391994,"y":13.1980049}},{"nome":"Morro Reatino","codice":"057045","regione":"lazio","provincia":"rieti","sigla":"RI","codiceCatastale":"F746","cap":"02010","coordinate":{"x":42.5276715,"y":12.8311849}},{"nome":"Nazzano","codice":"058069","regione":"lazio","provincia":"roma","sigla":"RM","codiceCatastale":"F857","cap":"00060","coordinate":{"x":42.2322037,"y":12.5973703}},{"nome":"Nemi","codice":"058070","regione":"lazio","provincia":"roma","sigla":"RM","codiceCatastale":"F865","cap":"00074","coordinate":{"x":41.719675,"y":12.714927}},{"nome":"Nepi","codice":"056039","regione":"lazio","provincia":"viterbo","sigla":"VT","codiceCatastale":"F868","cap":"01036","coordinate":{"x":42.2439259,"y":12.346574}},{"nome":"Nerola","codice":"058071","regione":"lazio","provincia":"roma","sigla":"RM","codiceCatastale":"F871","cap":"00017","coordinate":{"x":42.1620083,"y":12.7864056}},{"nome":"Nespolo","codice":"057046","regione":"lazio","provincia":"rieti","sigla":"RI","codiceCatastale":"F876","cap":"02020","coordinate":{"x":42.1569216,"y":13.0687764}},{"nome":"Nettuno","codice":"058072","regione":"lazio","provincia":"roma","sigla":"RM","codiceCatastale":"F880","cap":"00048","coordinate":{"x":41.4575846,"y":12.6610751}},{"nome":"Norma","codice":"059016","regione":"lazio","provincia":"latina","sigla":"LT","codiceCatastale":"F937","cap":"04010","coordinate":{"x":41.589074,"y":12.9703148}},{"nome":"Olevano Romano","codice":"058073","regione":"lazio","provincia":"roma","sigla":"RM","codiceCatastale":"G022","cap":"00035","coordinate":{"x":41.8617407,"y":13.034074}},{"nome":"Onano","codice":"056040","regione":"lazio","provincia":"viterbo","sigla":"VT","codiceCatastale":"G065","cap":"01010","coordinate":{"x":42.692282,"y":11.816618}},{"nome":"Oriolo Romano","codice":"056041","regione":"lazio","provincia":"viterbo","sigla":"VT","codiceCatastale":"G111","cap":"01010","coordinate":{"x":42.1592407,"y":12.1389074}},{"nome":"Orte","codice":"056042","regione":"lazio","provincia":"viterbo","sigla":"VT","codiceCatastale":"G135","cap":"01028","coordinate":{"x":42.4603148,"y":12.3864259}},{"nome":"Orvinio","codice":"057047","regione":"lazio","provincia":"rieti","sigla":"RI","codiceCatastale":"B595","cap":"02035","coordinate":{"x":42.131671,"y":12.9377136}},{"nome":"Paganico Sabino","codice":"057048","regione":"lazio","provincia":"rieti","sigla":"RI","codiceCatastale":"G232","cap":"02020","coordinate":{"x":42.1899539,"y":12.9978393}},{"nome":"Palestrina","codice":"058074","regione":"lazio","provincia":"roma","sigla":"RM","codiceCatastale":"G274","cap":"00036","coordinate":{"x":41.8353674,"y":12.8845383}},{"nome":"Paliano","codice":"060046","regione":"lazio","provincia":"frosinone","sigla":"FR","codiceCatastale":"G276","cap":"03018","coordinate":{"x":41.806012,"y":13.057877}},{"nome":"Palombara Sabina","codice":"058075","regione":"lazio","provincia":"roma","sigla":"RM","codiceCatastale":"G293","cap":"00018","coordinate":{"x":42.0711937,"y":12.766566}},{"nome":"Pastena","codice":"060047","regione":"lazio","provincia":"frosinone","sigla":"FR","codiceCatastale":"G362","cap":"03020","coordinate":{"x":41.4695267,"y":13.4912274}},{"nome":"Patrica","codice":"060048","regione":"lazio","provincia":"frosinone","sigla":"FR","codiceCatastale":"G374","cap":"03010","coordinate":{"x":41.5928316,"y":13.2451597}},{"nome":"Percile","codice":"058076","regione":"lazio","provincia":"roma","sigla":"RM","codiceCatastale":"G444","cap":"00020","coordinate":{"x":42.0951344,"y":12.9107844}},{"nome":"Pescorocchiano","codice":"057049","regione":"lazio","provincia":"rieti","sigla":"RI","codiceCatastale":"G498","cap":"02024","coordinate":{"x":42.2075185,"y":13.1472037}},{"nome":"Pescosolido","codice":"060049","regione":"lazio","provincia":"frosinone","sigla":"FR","codiceCatastale":"G500","cap":"03030","coordinate":{"x":41.7492407,"y":13.6575}},{"nome":"Petrella Salto","codice":"057050","regione":"lazio","provincia":"rieti","sigla":"RI","codiceCatastale":"G513","cap":"02025","coordinate":{"x":42.2956854,"y":13.0690255}},{"nome":"Piansano","codice":"056043","regione":"lazio","provincia":"viterbo","sigla":"VT","codiceCatastale":"G571","cap":"01010","coordinate":{"x":42.5232962,"y":11.8301666}},{"nome":"Picinisco","codice":"060050","regione":"lazio","provincia":"frosinone","sigla":"FR","codiceCatastale":"G591","cap":"03040","coordinate":{"x":41.6464138,"y":13.867705}},{"nome":"Pico","codice":"060051","regione":"lazio","provincia":"frosinone","sigla":"FR","codiceCatastale":"G592","cap":"03020","coordinate":{"x":41.4518888,"y":13.5606481}},{"nome":"Piedimonte San Germano","codice":"060052","regione":"lazio","provincia":"frosinone","sigla":"FR","codiceCatastale":"G598","cap":"03030","coordinate":{"x":41.497319,"y":13.749924}},{"nome":"Piglio","codice":"060053","regione":"lazio","provincia":"frosinone","sigla":"FR","codiceCatastale":"G659","cap":"03010","coordinate":{"x":41.830209,"y":13.146084}},{"nome":"Pignataro Interamna","codice":"060054","regione":"lazio","provincia":"frosinone","sigla":"FR","codiceCatastale":"G662","cap":"03040","coordinate":{"x":41.4403333,"y":13.7872037}},{"nome":"Pisoniano","codice":"058077","regione":"lazio","provincia":"roma","sigla":"RM","codiceCatastale":"G704","cap":"00020","coordinate":{"x":41.9065271,"y":12.9598982}},{"nome":"Pofi","codice":"060055","regione":"lazio","provincia":"frosinone","sigla":"FR","codiceCatastale":"G749","cap":"03026","coordinate":{"x":41.5664074,"y":13.4156481}},{"nome":"Poggio Bustone","codice":"057051","regione":"lazio","provincia":"rieti","sigla":"RI","codiceCatastale":"G756","cap":"02018","coordinate":{"x":42.5021443,"y":12.8869909}},{"nome":"Poggio Catino","codice":"057052","regione":"lazio","provincia":"rieti","sigla":"RI","codiceCatastale":"G757","cap":"02040","coordinate":{"x":42.2955999,"y":12.6920096}},{"nome":"Poggio Mirteto","codice":"057053","regione":"lazio","provincia":"rieti","sigla":"RI","codiceCatastale":"G763","cap":"02047","coordinate":{"x":42.2672037,"y":12.6887592}},{"nome":"Poggio Moiano","codice":"057054","regione":"lazio","provincia":"rieti","sigla":"RI","codiceCatastale":"G764","cap":"02037","coordinate":{"x":42.2037777,"y":12.8803148}},{"nome":"Poggio Nativo","codice":"057055","regione":"lazio","provincia":"rieti","sigla":"RI","codiceCatastale":"G765","cap":"02030","coordinate":{"x":42.2143063,"y":12.7936152}},{"nome":"Poggio San Lorenzo","codice":"057056","regione":"lazio","provincia":"rieti","sigla":"RI","codiceCatastale":"G770","cap":"02030","coordinate":{"x":42.2529551,"y":12.8452359}},{"nome":"Poli","codice":"058078","regione":"lazio","provincia":"roma","sigla":"RM","codiceCatastale":"G784","cap":"00010","coordinate":{"x":41.8898518,"y":12.8929814}},{"nome":"Pomezia","codice":"058079","regione":"lazio","provincia":"roma","sigla":"RM","codiceCatastale":"G811","cap":"00071","coordinate":{"x":41.669293,"y":12.5017934}},{"nome":"Pontecorvo","codice":"060056","regione":"lazio","provincia":"frosinone","sigla":"FR","codiceCatastale":"G838","cap":"03037","coordinate":{"x":41.45692,"y":13.6664006}},{"nome":"Pontinia","codice":"059017","regione":"lazio","provincia":"latina","sigla":"LT","codiceCatastale":"G865","cap":"04014","coordinate":{"x":41.4079787,"y":13.0444643}},{"nome":"Ponza","codice":"059018","regione":"lazio","provincia":"latina","sigla":"LT","codiceCatastale":"G871","cap":"04027","coordinate":{"x":40.8945144,"y":12.9663679}},{"nome":"Ponzano Romano","codice":"058080","regione":"lazio","provincia":"roma","sigla":"RM","codiceCatastale":"G874","cap":"00060","coordinate":{"x":42.2579814,"y":12.5714074}},{"nome":"Posta","codice":"057057","regione":"lazio","provincia":"rieti","sigla":"RI","codiceCatastale":"G934","cap":"02019","coordinate":{"x":42.5265028,"y":13.0982783}},{"nome":"Posta Fibreno","codice":"060057","regione":"lazio","provincia":"frosinone","sigla":"FR","codiceCatastale":"G935","cap":"03030","coordinate":{"x":41.694377,"y":13.6968672}},{"nome":"Pozzaglia Sabina","codice":"057058","regione":"lazio","provincia":"rieti","sigla":"RI","codiceCatastale":"G951","cap":"02030","coordinate":{"x":42.1597037,"y":12.9653333}},{"nome":"Priverno","codice":"059019","regione":"lazio","provincia":"latina","sigla":"LT","codiceCatastale":"G698","cap":"04015","coordinate":{"x":41.4734263,"y":13.1817159}},{"nome":"Proceno","codice":"056044","regione":"lazio","provincia":"viterbo","sigla":"VT","codiceCatastale":"H071","cap":"01020","coordinate":{"x":42.7582962,"y":11.8306296}},{"nome":"Prossedi","codice":"059020","regione":"lazio","provincia":"latina","sigla":"LT","codiceCatastale":"H076","cap":"04010","coordinate":{"x":41.5173703,"y":13.2617407}},{"nome":"Riano","codice":"058081","regione":"lazio","provincia":"roma","sigla":"RM","codiceCatastale":"H267","cap":"00060","coordinate":{"x":42.1012777,"y":12.5067407}},{"nome":"Rieti","codice":"057059","regione":"lazio","provincia":"rieti","sigla":"RI","codiceCatastale":"H282","cap":"02100","coordinate":{"x":42.4030563,"y":12.8611794}},{"nome":"Rignano Flaminio","codice":"058082","regione":"lazio","provincia":"roma","sigla":"RM","codiceCatastale":"H288","cap":"00068","coordinate":{"x":42.2073518,"y":12.4803148}},{"nome":"Riofreddo","codice":"058083","regione":"lazio","provincia":"roma","sigla":"RM","codiceCatastale":"H300","cap":"00020","coordinate":{"x":42.0609629,"y":12.9981296}},{"nome":"Ripi","codice":"060058","regione":"lazio","provincia":"frosinone","sigla":"FR","codiceCatastale":"H324","cap":"03027","coordinate":{"x":41.6132913,"y":13.426727}},{"nome":"Rivodutri","codice":"057060","regione":"lazio","provincia":"rieti","sigla":"RI","codiceCatastale":"H354","cap":"02010","coordinate":{"x":42.5175185,"y":12.8559444}},{"nome":"Rocca Canterano","codice":"058084","regione":"lazio","provincia":"roma","sigla":"RM","codiceCatastale":"H387","cap":"00020","coordinate":{"x":41.9575679,"y":13.0214226}},{"nome":"Rocca d'Arce","codice":"060059","regione":"lazio","provincia":"frosinone","sigla":"FR","codiceCatastale":"H393","cap":"03030","coordinate":{"x":41.5871548,"y":13.585422}},{"nome":"Rocca di Cave","codice":"058085","regione":"lazio","provincia":"roma","sigla":"RM","codiceCatastale":"H401","cap":"00030","coordinate":{"x":41.8475185,"y":12.9464074}},{"nome":"Rocca di Papa","codice":"058086","regione":"lazio","provincia":"roma","sigla":"RM","codiceCatastale":"H404","cap":"00040","coordinate":{"x":41.7619638,"y":12.7080927}},{"nome":"Rocca Massima","codice":"059022","regione":"lazio","provincia":"latina","sigla":"LT","codiceCatastale":"H421","cap":"04010","coordinate":{"x":41.6803836,"y":12.9203061}},{"nome":"Rocca Priora","codice":"058088","regione":"lazio","provincia":"roma","sigla":"RM","codiceCatastale":"H432","cap":"00079","coordinate":{"x":41.79178,"y":12.760655}},{"nome":"Rocca Santo Stefano","codice":"058089","regione":"lazio","provincia":"roma","sigla":"RM","codiceCatastale":"H441","cap":"00030","coordinate":{"x":41.911574,"y":13.0248703}},{"nome":"Rocca Sinibalda","codice":"057062","regione":"lazio","provincia":"rieti","sigla":"RI","codiceCatastale":"H446","cap":"02026","coordinate":{"x":42.2748836,"y":12.9256314}},{"nome":"Roccagiovine","codice":"058087","regione":"lazio","provincia":"roma","sigla":"RM","codiceCatastale":"H411","cap":"00020","coordinate":{"x":42.0511111,"y":12.9003148}},{"nome":"Roccagorga","codice":"059021","regione":"lazio","provincia":"latina","sigla":"LT","codiceCatastale":"H413","cap":"04010","coordinate":{"x":41.5262777,"y":13.1561111}},{"nome":"Roccantica","codice":"057061","regione":"lazio","provincia":"rieti","sigla":"RI","codiceCatastale":"H427","cap":"02040","coordinate":{"x":42.3197011,"y":12.6951428}},{"nome":"Roccasecca","codice":"060060","regione":"lazio","provincia":"frosinone","sigla":"FR","codiceCatastale":"H443","cap":"03038","coordinate":{"x":41.5523518,"y":13.6681481}},{"nome":"Roccasecca dei Volsci","codice":"059023","regione":"lazio","provincia":"latina","sigla":"LT","codiceCatastale":"H444","cap":"04010","coordinate":{"x":41.4798679,"y":13.2145438}},{"nome":"Roiate","codice":"058090","regione":"lazio","provincia":"roma","sigla":"RM","codiceCatastale":"H494","cap":"00030","coordinate":{"x":41.8734629,"y":13.0682962}},{"nome":"Roma","codice":"058091","regione":"lazio","provincia":"roma","sigla":"RM","codiceCatastale":"H501","cap":"00118","coordinate":{"x":41.8954656,"y":12.4823243}},{"nome":"Ronciglione","codice":"056045","regione":"lazio","provincia":"viterbo","sigla":"VT","codiceCatastale":"H534","cap":"01037","coordinate":{"x":42.2914074,"y":12.2142222}},{"nome":"Roviano","codice":"058092","regione":"lazio","provincia":"roma","sigla":"RM","codiceCatastale":"H618","cap":"00027","coordinate":{"x":42.0260157,"y":12.9944242}},{"nome":"Sabaudia","codice":"059024","regione":"lazio","provincia":"latina","sigla":"LT","codiceCatastale":"H647","cap":"04016","coordinate":{"x":41.2999378,"y":13.0246712}},{"nome":"Sacrofano","codice":"058093","regione":"lazio","provincia":"roma","sigla":"RM","codiceCatastale":"H658","cap":"00060","coordinate":{"x":42.1056296,"y":12.4473518}},{"nome":"Salisano","codice":"057063","regione":"lazio","provincia":"rieti","sigla":"RI","codiceCatastale":"H713","cap":"02040","coordinate":{"x":42.2583291,"y":12.7461932}},{"nome":"Sambuci","codice":"058094","regione":"lazio","provincia":"roma","sigla":"RM","codiceCatastale":"H745","cap":"00020","coordinate":{"x":41.9872037,"y":12.9389074}},{"nome":"San Biagio Saracinisco","codice":"060061","regione":"lazio","provincia":"frosinone","sigla":"FR","codiceCatastale":"H779","cap":"03040","coordinate":{"x":41.6132711,"y":13.9292369}},{"nome":"San Cesareo","codice":"058119","regione":"lazio","provincia":"roma","sigla":"RM","codiceCatastale":"M295","cap":"00030","coordinate":{"x":41.814603,"y":12.8026181}},{"nome":"San Donato Val di Comino","codice":"060062","regione":"lazio","provincia":"frosinone","sigla":"FR","codiceCatastale":"H824","cap":"03046","coordinate":{"x":41.7092407,"y":13.8136111}},{"nome":"San Felice Circeo","codice":"059025","regione":"lazio","provincia":"latina","sigla":"LT","codiceCatastale":"H836","cap":"04017","coordinate":{"x":41.235625,"y":13.096259}},{"nome":"San Giorgio a Liri","codice":"060063","regione":"lazio","provincia":"frosinone","sigla":"FR","codiceCatastale":"H880","cap":"03047","coordinate":{"x":41.4051732,"y":13.7624122}},{"nome":"San Giovanni Incarico","codice":"060064","regione":"lazio","provincia":"frosinone","sigla":"FR","codiceCatastale":"H917","cap":"03028","coordinate":{"x":41.5028333,"y":13.5589259}},{"nome":"San Gregorio da Sassola","codice":"058095","regione":"lazio","provincia":"roma","sigla":"RM","codiceCatastale":"H942","cap":"00010","coordinate":{"x":41.9181296,"y":12.8717222}},{"nome":"San Lorenzo Nuovo","codice":"056047","regione":"lazio","provincia":"viterbo","sigla":"VT","codiceCatastale":"H969","cap":"01020","coordinate":{"x":42.6862831,"y":11.9059684}},{"nome":"San Polo dei Cavalieri","codice":"058096","regione":"lazio","provincia":"roma","sigla":"RM","codiceCatastale":"I125","cap":"00010","coordinate":{"x":42.0107962,"y":12.8411111}},{"nome":"San Vito Romano","codice":"058100","regione":"lazio","provincia":"roma","sigla":"RM","codiceCatastale":"I400","cap":"00030","coordinate":{"x":41.8809629,"y":12.9803148}},{"nome":"San Vittore del Lazio","codice":"060070","regione":"lazio","provincia":"frosinone","sigla":"FR","codiceCatastale":"I408","cap":"03040","coordinate":{"x":41.4625,"y":13.9337777}},{"nome":"Sant'Ambrogio sul Garigliano","codice":"060065","regione":"lazio","provincia":"frosinone","sigla":"FR","codiceCatastale":"I256","cap":"03040","coordinate":{"x":41.3911642,"y":13.8694542}},{"nome":"Sant'Andrea del Garigliano","codice":"060066","regione":"lazio","provincia":"frosinone","sigla":"FR","codiceCatastale":"I265","cap":"03040","coordinate":{"x":41.3682962,"y":13.8418888}},{"nome":"Sant'Angelo Romano","codice":"058098","regione":"lazio","provincia":"roma","sigla":"RM","codiceCatastale":"I284","cap":"00010","coordinate":{"x":42.033663,"y":12.7133728}},{"nome":"Sant'Apollinare","codice":"060067","regione":"lazio","provincia":"frosinone","sigla":"FR","codiceCatastale":"I302","cap":"03048","coordinate":{"x":41.40261,"y":13.830815}},{"nome":"Sant'Elia Fiumerapido","codice":"060068","regione":"lazio","provincia":"frosinone","sigla":"FR","codiceCatastale":"I321","cap":"03049","coordinate":{"x":41.5400448,"y":13.8657389}},{"nome":"Sant'Oreste","codice":"058099","regione":"lazio","provincia":"roma","sigla":"RM","codiceCatastale":"I352","cap":"00060","coordinate":{"x":42.234546,"y":12.519164}},{"nome":"Santa Marinella","codice":"058097","regione":"lazio","provincia":"roma","sigla":"RM","codiceCatastale":"I255","cap":"00058","coordinate":{"x":42.0343445,"y":11.8544556}},{"nome":"Santi Cosma e Damiano","codice":"059026","regione":"lazio","provincia":"latina","sigla":"LT","codiceCatastale":"I339","cap":"04020","coordinate":{"x":41.30103,"y":13.813926}},{"nome":"Santopadre","codice":"060069","regione":"lazio","provincia":"frosinone","sigla":"FR","codiceCatastale":"I351","cap":"03030","coordinate":{"x":41.6037876,"y":13.6348113}},{"nome":"Saracinesco","codice":"058101","regione":"lazio","provincia":"roma","sigla":"RM","codiceCatastale":"I424","cap":"00020","coordinate":{"x":42.0031212,"y":12.9529792}},{"nome":"Scandriglia","codice":"057064","regione":"lazio","provincia":"rieti","sigla":"RI","codiceCatastale":"I499","cap":"02038","coordinate":{"x":42.1649619,"y":12.8429063}},{"nome":"Segni","codice":"058102","regione":"lazio","provincia":"roma","sigla":"RM","codiceCatastale":"I573","cap":"00037","coordinate":{"x":41.6882962,"y":13.0162777}},{"nome":"Selci","codice":"057065","regione":"lazio","provincia":"rieti","sigla":"RI","codiceCatastale":"I581","cap":"02040","coordinate":{"x":42.3128703,"y":12.6258579}},{"nome":"Sermoneta","codice":"059027","regione":"lazio","provincia":"latina","sigla":"LT","codiceCatastale":"I634","cap":"04013","coordinate":{"x":41.5503148,"y":12.9859629}},{"nome":"Serrone","codice":"060071","regione":"lazio","provincia":"frosinone","sigla":"FR","codiceCatastale":"I669","cap":"03010","coordinate":{"x":41.841417,"y":13.0946664}},{"nome":"Settefrati","codice":"060072","regione":"lazio","provincia":"frosinone","sigla":"FR","codiceCatastale":"I697","cap":"03040","coordinate":{"x":41.6700905,"y":13.8506426}},{"nome":"Sezze","codice":"059028","regione":"lazio","provincia":"latina","sigla":"LT","codiceCatastale":"I712","cap":"04018","coordinate":{"x":41.4986433,"y":13.0588932}},{"nome":"Sgurgola","codice":"060073","regione":"lazio","provincia":"frosinone","sigla":"FR","codiceCatastale":"I716","cap":"03010","coordinate":{"x":41.670867,"y":13.149023}},{"nome":"Sonnino","codice":"059029","regione":"lazio","provincia":"latina","sigla":"LT","codiceCatastale":"I832","cap":"04010","coordinate":{"x":41.414537,"y":13.2457962}},{"nome":"Sora","codice":"060074","regione":"lazio","provincia":"frosinone","sigla":"FR","codiceCatastale":"I838","cap":"03039","coordinate":{"x":41.7165708,"y":13.6176913}},{"nome":"Soriano nel Cimino","codice":"056048","regione":"lazio","provincia":"viterbo","sigla":"VT","codiceCatastale":"I855","cap":"01038","coordinate":{"x":42.4198772,"y":12.2343999}},{"nome":"Sperlonga","codice":"059030","regione":"lazio","provincia":"latina","sigla":"LT","codiceCatastale":"I892","cap":"04029","coordinate":{"x":41.259029,"y":13.434074}},{"nome":"Spigno Saturnia","codice":"059031","regione":"lazio","provincia":"latina","sigla":"LT","codiceCatastale":"I902","cap":"04020","coordinate":{"x":41.305329,"y":13.734145}},{"nome":"Stimigliano","codice":"057066","regione":"lazio","provincia":"rieti","sigla":"RI","codiceCatastale":"I959","cap":"02048","coordinate":{"x":42.2995151,"y":12.5659475}},{"nome":"Strangolagalli","codice":"060075","regione":"lazio","provincia":"frosinone","sigla":"FR","codiceCatastale":"I973","cap":"03020","coordinate":{"x":41.6006912,"y":13.4951328}},{"nome":"Subiaco","codice":"058103","regione":"lazio","provincia":"roma","sigla":"RM","codiceCatastale":"I992","cap":"00028","coordinate":{"x":41.9264074,"y":13.095}},{"nome":"Supino","codice":"060076","regione":"lazio","provincia":"frosinone","sigla":"FR","codiceCatastale":"L009","cap":"03019","coordinate":{"x":41.6090146,"y":13.2261881}},{"nome":"Sutri","codice":"056049","regione":"lazio","provincia":"viterbo","sigla":"VT","codiceCatastale":"L017","cap":"01015","coordinate":{"x":42.242723,"y":12.220369}},{"nome":"Tarano","codice":"057067","regione":"lazio","provincia":"rieti","sigla":"RI","codiceCatastale":"L046","cap":"02040","coordinate":{"x":42.3565356,"y":12.5960234}},{"nome":"Tarquinia","codice":"056050","regione":"lazio","provincia":"viterbo","sigla":"VT","codiceCatastale":"D024","cap":"01016","coordinate":{"x":42.2546645,"y":11.7584678}},{"nome":"Terelle","codice":"060077","regione":"lazio","provincia":"frosinone","sigla":"FR","codiceCatastale":"L105","cap":"03040","coordinate":{"x":41.5528537,"y":13.776908}},{"nome":"Terracina","codice":"059032","regione":"lazio","provincia":"latina","sigla":"LT","codiceCatastale":"L120","cap":"04019","coordinate":{"x":41.2912168,"y":13.2488651}},{"nome":"Tessennano","codice":"056051","regione":"lazio","provincia":"viterbo","sigla":"VT","codiceCatastale":"L150","cap":"01010","coordinate":{"x":42.4793888,"y":11.7914259}},{"nome":"Tivoli","codice":"058104","regione":"lazio","provincia":"roma","sigla":"RM","codiceCatastale":"L182","cap":"00019","coordinate":{"x":41.9635786,"y":12.7982722}},{"nome":"Toffia","codice":"057068","regione":"lazio","provincia":"rieti","sigla":"RI","codiceCatastale":"L189","cap":"02039","coordinate":{"x":42.212464,"y":12.7535072}},{"nome":"Tolfa","codice":"058105","regione":"lazio","provincia":"roma","sigla":"RM","codiceCatastale":"L192","cap":"00059","coordinate":{"x":42.1525185,"y":11.9375185}},{"nome":"Torre Cajetani","codice":"060078","regione":"lazio","provincia":"frosinone","sigla":"FR","codiceCatastale":"L243","cap":"03010","coordinate":{"x":41.7858583,"y":13.2643452}},{"nome":"Torri in Sabina","codice":"057070","regione":"lazio","provincia":"rieti","sigla":"RI","codiceCatastale":"L286","cap":"02049","coordinate":{"x":42.354074,"y":12.639537}},{"nome":"Torrice","codice":"060079","regione":"lazio","provincia":"frosinone","sigla":"FR","codiceCatastale":"L290","cap":"03020","coordinate":{"x":41.6302379,"y":13.3973881}},{"nome":"Torricella in Sabina","codice":"057069","regione":"lazio","provincia":"rieti","sigla":"RI","codiceCatastale":"L293","cap":"02030","coordinate":{"x":42.2625288,"y":12.870931}},{"nome":"Torrita Tiberina","codice":"058106","regione":"lazio","provincia":"roma","sigla":"RM","codiceCatastale":"L302","cap":"00060","coordinate":{"x":42.2394772,"y":12.6155556}},{"nome":"Trevi nel Lazio","codice":"060080","regione":"lazio","provincia":"frosinone","sigla":"FR","codiceCatastale":"L398","cap":"03010","coordinate":{"x":41.8628681,"y":13.2515985}},{"nome":"Trevignano Romano","codice":"058107","regione":"lazio","provincia":"roma","sigla":"RM","codiceCatastale":"L401","cap":"00069","coordinate":{"x":42.1584444,"y":12.2417222}},{"nome":"Trivigliano","codice":"060081","regione":"lazio","provincia":"frosinone","sigla":"FR","codiceCatastale":"L437","cap":"03010","coordinate":{"x":41.7757914,"y":13.2721022}},{"nome":"Turania","codice":"057071","regione":"lazio","provincia":"rieti","sigla":"RI","codiceCatastale":"G507","cap":"02020","coordinate":{"x":42.1388101,"y":13.0090157}},{"nome":"Tuscania","codice":"056052","regione":"lazio","provincia":"viterbo","sigla":"VT","codiceCatastale":"L310","cap":"01017","coordinate":{"x":42.419248,"y":11.870288}},{"nome":"Vacone","codice":"057072","regione":"lazio","provincia":"rieti","sigla":"RI","codiceCatastale":"L525","cap":"02040","coordinate":{"x":42.3854794,"y":12.6434693}},{"nome":"Valentano","codice":"056053","regione":"lazio","provincia":"viterbo","sigla":"VT","codiceCatastale":"L569","cap":"01018","coordinate":{"x":42.5664119,"y":11.8183557}},{"nome":"Vallecorsa","codice":"060082","regione":"lazio","provincia":"frosinone","sigla":"FR","codiceCatastale":"L598","cap":"03020","coordinate":{"x":41.445064,"y":13.405453}},{"nome":"Vallemaio","codice":"060083","regione":"lazio","provincia":"frosinone","sigla":"FR","codiceCatastale":"L605","cap":"03040","coordinate":{"x":41.3682569,"y":13.8114164}},{"nome":"Vallepietra","codice":"058108","regione":"lazio","provincia":"roma","sigla":"RM","codiceCatastale":"L611","cap":"00020","coordinate":{"x":41.9253297,"y":13.2307832}},{"nome":"Vallerano","codice":"056054","regione":"lazio","provincia":"viterbo","sigla":"VT","codiceCatastale":"L612","cap":"01030","coordinate":{"x":42.385,"y":12.2645555}},{"nome":"Vallerotonda","codice":"060084","regione":"lazio","provincia":"frosinone","sigla":"FR","codiceCatastale":"L614","cap":"03040","coordinate":{"x":41.5519669,"y":13.911178}},{"nome":"Vallinfreda","codice":"058109","regione":"lazio","provincia":"roma","sigla":"RM","codiceCatastale":"L625","cap":"00020","coordinate":{"x":42.0846481,"y":12.9976153}},{"nome":"Valmontone","codice":"058110","regione":"lazio","provincia":"roma","sigla":"RM","codiceCatastale":"L639","cap":"00038","coordinate":{"x":41.7770881,"y":12.9178446}},{"nome":"Varco Sabino","codice":"057073","regione":"lazio","provincia":"rieti","sigla":"RI","codiceCatastale":"L676","cap":"02020","coordinate":{"x":42.2409629,"y":13.0209629}},{"nome":"Vasanello","codice":"056055","regione":"lazio","provincia":"viterbo","sigla":"VT","codiceCatastale":"A701","cap":"01030","coordinate":{"x":42.4148703,"y":12.3475}},{"nome":"Vejano","codice":"056056","regione":"lazio","provincia":"viterbo","sigla":"VT","codiceCatastale":"L713","cap":"01010","coordinate":{"x":42.2182962,"y":12.096574}},{"nome":"Velletri","codice":"058111","regione":"lazio","provincia":"roma","sigla":"RM","codiceCatastale":"L719","cap":"00049","coordinate":{"x":41.691336,"y":12.777975}},{"nome":"Ventotene","codice":"059033","regione":"lazio","provincia":"latina","sigla":"LT","codiceCatastale":"L742","cap":"04031","coordinate":{"x":40.797037,"y":13.4322037}},{"nome":"Veroli","codice":"060085","regione":"lazio","provincia":"frosinone","sigla":"FR","codiceCatastale":"L780","cap":"03029","coordinate":{"x":41.690532,"y":13.417276}},{"nome":"Vetralla","codice":"056057","regione":"lazio","provincia":"viterbo","sigla":"VT","codiceCatastale":"L814","cap":"01019","coordinate":{"x":42.3208563,"y":12.053244}},{"nome":"Vicalvi","codice":"060086","regione":"lazio","provincia":"frosinone","sigla":"FR","codiceCatastale":"L836","cap":"03030","coordinate":{"x":41.6779505,"y":13.7074773}},{"nome":"Vico nel Lazio","codice":"060087","regione":"lazio","provincia":"frosinone","sigla":"FR","codiceCatastale":"L843","cap":"03010","coordinate":{"x":41.7781481,"y":13.3417407}},{"nome":"Vicovaro","codice":"058112","regione":"lazio","provincia":"roma","sigla":"RM","codiceCatastale":"L851","cap":"00029","coordinate":{"x":42.018202,"y":12.896183}},{"nome":"Vignanello","codice":"056058","regione":"lazio","provincia":"viterbo","sigla":"VT","codiceCatastale":"L882","cap":"01039","coordinate":{"x":42.3835849,"y":12.277145}},{"nome":"Villa Latina","codice":"060088","regione":"lazio","provincia":"frosinone","sigla":"FR","codiceCatastale":"A081","cap":"03040","coordinate":{"x":41.6152367,"y":13.8365717}},{"nome":"Villa San Giovanni in Tuscia","codice":"056046","regione":"lazio","provincia":"viterbo","sigla":"VT","codiceCatastale":"H913","cap":"01010","coordinate":{"x":42.2829929,"y":12.0553379}},{"nome":"Villa Santa Lucia","codice":"060089","regione":"lazio","provincia":"frosinone","sigla":"FR","codiceCatastale":"L905","cap":"03030","coordinate":{"x":41.5130733,"y":13.7737459}},{"nome":"Villa Santo Stefano","codice":"060090","regione":"lazio","provincia":"frosinone","sigla":"FR","codiceCatastale":"I364","cap":"03020","coordinate":{"x":41.518391,"y":13.3113624}},{"nome":"Viterbo","codice":"056059","regione":"lazio","provincia":"viterbo","sigla":"VT","codiceCatastale":"M082","cap":"01100","coordinate":{"x":42.4173794,"y":12.1048541}},{"nome":"Viticuso","codice":"060091","regione":"lazio","provincia":"frosinone","sigla":"FR","codiceCatastale":"M083","cap":"03040","coordinate":{"x":41.5253489,"y":13.9718425}},{"nome":"Vitorchiano","codice":"056060","regione":"lazio","provincia":"viterbo","sigla":"VT","codiceCatastale":"M086","cap":"01030","coordinate":{"x":42.4664074,"y":12.1734444}},{"nome":"Vivaro Romano","codice":"058113","regione":"lazio","provincia":"roma","sigla":"RM","codiceCatastale":"M095","cap":"00020","coordinate":{"x":42.1009525,"y":13.0077736}},{"nome":"Zagarolo","codice":"058114","regione":"lazio","provincia":"roma","sigla":"RM","codiceCatastale":"M141","cap":"00039","coordinate":{"x":41.8399131,"y":12.8292232}}]