[{"nome":"Airole","codice":"008001","regione":"liguria","provincia":"imperia","sigla":"IM","codiceCatastale":"A111","cap":"18030","coordinate":{"lat":43.8720555,"lng":7.5553333}},{"nome":"Alassio","codice":"009001","regione":"liguria","provincia":"savona","sigla":"SV","codiceCatastale":"A122","cap":"17021","coordinate":{"lat":44.0026703,"lng":8.1669386}},{"nome":"Albenga","codice":"009002","regione":"liguria","provincia":"savona","sigla":"SV","codiceCatastale":"A145","cap":"17031","coordinate":{"lat":44.0484502,"lng":8.2149591}},{"nome":"Albisola Superiore","codice":"009004","regione":"liguria","provincia":"savona","sigla":"SV","codiceCatastale":"A166","cap":"17011","coordinate":{"lat":44.3409629,"lng":8.5104814}},{"nome":"Albissola Marina","codice":"009003","regione":"liguria","provincia":"savona","sigla":"SV","codiceCatastale":"A165","cap":"17012","coordinate":{"lat":44.3277694,"lng":8.502571}},{"nome":"Altare","codice":"009005","regione":"liguria","provincia":"savona","sigla":"SV","codiceCatastale":"A226","cap":"17041","coordinate":{"lat":44.3356688,"lng":8.3437138}},{"nome":"Ameglia","codice":"011001","regione":"liguria","provincia":"la spezia","sigla":"SP","codiceCatastale":"A261","cap":"19031","coordinate":{"lat":44.0687592,"lng":9.9662592}},{"nome":"Andora","codice":"009006","regione":"liguria","provincia":"savona","sigla":"SV","codiceCatastale":"A278","cap":"17051","coordinate":{"lat":43.9513851,"lng":8.1463768}},{"nome":"Apricale","codice":"008002","regione":"liguria","provincia":"imperia","sigla":"IM","codiceCatastale":"A338","cap":"18035","coordinate":{"lat":43.8795062,"lng":7.6591243}},{"nome":"Aquila d'Arroscia","codice":"008003","regione":"liguria","provincia":"imperia","sigla":"IM","codiceCatastale":"A344","cap":"18020","coordinate":{"lat":44.0867756,"lng":8.0063641}},{"nome":"Arcola","codice":"011002","regione":"liguria","provincia":"la spezia","sigla":"SP","codiceCatastale":"A373","cap":"19021","coordinate":{"lat":44.1143141,"lng":9.9057536}},{"nome":"Arenzano","codice":"010001","regione":"liguria","provincia":"genova","sigla":"GE","codiceCatastale":"A388","cap":"16011","coordinate":{"lat":44.404025,"lng":8.680979}},{"nome":"Armo","codice":"008004","regione":"liguria","provincia":"imperia","sigla":"IM","codiceCatastale":"A418","cap":"18026","coordinate":{"lat":44.0880388,"lng":7.91344}},{"nome":"Arnasco","codice":"009007","regione":"liguria","provincia":"savona","sigla":"SV","codiceCatastale":"A422","cap":"17032","coordinate":{"lat":44.0781379,"lng":8.1088221}},{"nome":"Aurigo","codice":"008005","regione":"liguria","provincia":"imperia","sigla":"IM","codiceCatastale":"A499","cap":"18020","coordinate":{"lat":43.9836256,"lng":7.9233802}},{"nome":"Avegno","codice":"010002","regione":"liguria","provincia":"genova","sigla":"GE","codiceCatastale":"A506","cap":"16036","coordinate":{"lat":44.3882369,"lng":9.1636999}},{"nome":"Badalucco","codice":"008006","regione":"liguria","provincia":"imperia","sigla":"IM","codiceCatastale":"A536","cap":"18010","coordinate":{"lat":43.916848,"lng":7.8473161}},{"nome":"Bajardo","codice":"008007","regione":"liguria","provincia":"imperia","sigla":"IM","codiceCatastale":"A581","cap":"18031","coordinate":{"lat":43.9035215,"lng":7.7188195}},{"nome":"Balestrino","codice":"009008","regione":"liguria","provincia":"savona","sigla":"SV","codiceCatastale":"A593","cap":"17020","coordinate":{"lat":44.1246723,"lng":8.1722488}},{"nome":"Bardineto","codice":"009009","regione":"liguria","provincia":"savona","sigla":"SV","codiceCatastale":"A647","cap":"17057","coordinate":{"lat":44.1915729,"lng":8.1354915}},{"nome":"Bargagli","codice":"010003","regione":"liguria","provincia":"genova","sigla":"GE","codiceCatastale":"A658","cap":"16021","coordinate":{"lat":44.450286,"lng":9.0871726}},{"nome":"Bergeggi","codice":"009010","regione":"liguria","provincia":"savona","sigla":"SV","codiceCatastale":"A796","cap":"17028","coordinate":{"lat":44.2486486,"lng":8.4435245}},{"nome":"Beverino","codice":"011003","regione":"liguria","provincia":"la spezia","sigla":"SP","codiceCatastale":"A836","cap":"19020","coordinate":{"lat":44.1944081,"lng":9.7691836}},{"nome":"Bogliasco","codice":"010004","regione":"liguria","provincia":"genova","sigla":"GE","codiceCatastale":"A922","cap":"16031","coordinate":{"lat":44.38,"lng":9.069074}},{"nome":"Boissano","codice":"009011","regione":"liguria","provincia":"savona","sigla":"SV","codiceCatastale":"A931","cap":"17054","coordinate":{"lat":44.1368888,"lng":8.2226666}},{"nome":"Bolano","codice":"011004","regione":"liguria","provincia":"la spezia","sigla":"SP","codiceCatastale":"A932","cap":"19020","coordinate":{"lat":44.1875867,"lng":9.8950173}},{"nome":"Bonassola","codice":"011005","regione":"liguria","provincia":"la spezia","sigla":"SP","codiceCatastale":"A961","cap":"19011","coordinate":{"lat":44.1857962,"lng":9.5836111}},{"nome":"Bordighera","codice":"008008","regione":"liguria","provincia":"imperia","sigla":"IM","codiceCatastale":"A984","cap":"18012","coordinate":{"lat":43.7798133,"lng":7.6608231}},{"nome":"Borghetto d'Arroscia","codice":"008009","regione":"liguria","provincia":"imperia","sigla":"IM","codiceCatastale":"A993","cap":"18020","coordinate":{"lat":44.0587592,"lng":7.9828148}},{"nome":"Borghetto di Vara","codice":"011006","regione":"liguria","provincia":"la spezia","sigla":"SP","codiceCatastale":"A992","cap":"19020","coordinate":{"lat":44.2245555,"lng":9.7212777}},{"nome":"Borghetto Santo Spirito","codice":"009012","regione":"liguria","provincia":"savona","sigla":"SV","codiceCatastale":"A999","cap":"17052","coordinate":{"lat":44.110661,"lng":8.241546}},{"nome":"Borgio Verezzi","codice":"009013","regione":"liguria","provincia":"savona","sigla":"SV","codiceCatastale":"B005","cap":"17022","coordinate":{"lat":44.1582041,"lng":8.3093111}},{"nome":"Borgomaro","codice":"008010","regione":"liguria","provincia":"imperia","sigla":"IM","codiceCatastale":"B020","cap":"18021","coordinate":{"lat":43.9755309,"lng":7.9459571}},{"nome":"Bormida","codice":"009014","regione":"liguria","provincia":"savona","sigla":"SV","codiceCatastale":"B048","cap":"17045","coordinate":{"lat":44.2791873,"lng":8.2334349}},{"nome":"Borzonasca","codice":"010005","regione":"liguria","provincia":"genova","sigla":"GE","codiceCatastale":"B067","cap":"16041","coordinate":{"lat":44.4230832,"lng":9.3873733}},{"nome":"Brugnato","codice":"011007","regione":"liguria","provincia":"la spezia","sigla":"SP","codiceCatastale":"B214","cap":"19020","coordinate":{"lat":44.2368359,"lng":9.724684}},{"nome":"Busalla","codice":"010006","regione":"liguria","provincia":"genova","sigla":"GE","codiceCatastale":"B282","cap":"16012","coordinate":{"lat":44.569876,"lng":8.945867}},{"nome":"Cairo Montenotte","codice":"009015","regione":"liguria","provincia":"savona","sigla":"SV","codiceCatastale":"B369","cap":"17014","coordinate":{"lat":44.3975298,"lng":8.2775734}},{"nome":"Calice al Cornoviglio","codice":"011008","regione":"liguria","provincia":"la spezia","sigla":"SP","codiceCatastale":"B410","cap":"19020","coordinate":{"lat":44.2439259,"lng":9.8372037}},{"nome":"Calice Ligure","codice":"009016","regione":"liguria","provincia":"savona","sigla":"SV","codiceCatastale":"B409","cap":"17020","coordinate":{"lat":44.2055352,"lng":8.2958975}},{"nome":"Calizzano","codice":"009017","regione":"liguria","provincia":"savona","sigla":"SV","codiceCatastale":"B416","cap":"17057","coordinate":{"lat":44.2351892,"lng":8.1148523}},{"nome":"Camogli","codice":"010007","regione":"liguria","provincia":"genova","sigla":"GE","codiceCatastale":"B490","cap":"16032","coordinate":{"lat":44.3488123,"lng":9.1560506}},{"nome":"Campo Ligure","codice":"010008","regione":"liguria","provincia":"genova","sigla":"GE","codiceCatastale":"B538","cap":"16013","coordinate":{"lat":44.5387777,"lng":8.6992222}},{"nome":"Campomorone","codice":"010009","regione":"liguria","provincia":"genova","sigla":"GE","codiceCatastale":"B551","cap":"16014","coordinate":{"lat":44.5112592,"lng":8.8862777}},{"nome":"Camporosso","codice":"008011","regione":"liguria","provincia":"imperia","sigla":"IM","codiceCatastale":"B559","cap":"18033","coordinate":{"lat":43.8101658,"lng":7.6304352}},{"nome":"Carasco","codice":"010010","regione":"liguria","provincia":"genova","sigla":"GE","codiceCatastale":"B726","cap":"16042","coordinate":{"lat":44.3504433,"lng":9.3465705}},{"nome":"Caravonica","codice":"008012","regione":"liguria","provincia":"imperia","sigla":"IM","codiceCatastale":"B734","cap":"18020","coordinate":{"lat":43.9941674,"lng":7.9586019}},{"nome":"Carcare","codice":"009018","regione":"liguria","provincia":"savona","sigla":"SV","codiceCatastale":"B748","cap":"17043","coordinate":{"lat":44.3564269,"lng":8.291221}},{"nome":"Carro","codice":"011009","regione":"liguria","provincia":"la spezia","sigla":"SP","codiceCatastale":"B838","cap":"19012","coordinate":{"lat":44.2731296,"lng":9.6100185}},{"nome":"Carrodano","codice":"011010","regione":"liguria","provincia":"la spezia","sigla":"SP","codiceCatastale":"B839","cap":"19020","coordinate":{"lat":44.2425443,"lng":9.6568579}},{"nome":"Casanova Lerrone","codice":"009019","regione":"liguria","provincia":"savona","sigla":"SV","codiceCatastale":"B927","cap":"17033","coordinate":{"lat":44.0315525,"lng":8.0482256}},{"nome":"Casarza Ligure","codice":"010011","regione":"liguria","provincia":"genova","sigla":"GE","codiceCatastale":"B939","cap":"16030","coordinate":{"lat":44.2721436,"lng":9.445681}},{"nome":"Casella","codice":"010012","regione":"liguria","provincia":"genova","sigla":"GE","codiceCatastale":"B956","cap":"16015","coordinate":{"lat":44.5361111,"lng":8.999074}},{"nome":"Castel Vittorio","codice":"008015","regione":"liguria","provincia":"imperia","sigla":"IM","codiceCatastale":"C110","cap":"18030","coordinate":{"lat":43.9288082,"lng":7.6751562}},{"nome":"Castelbianco","codice":"009020","regione":"liguria","provincia":"savona","sigla":"SV","codiceCatastale":"C063","cap":"17030","coordinate":{"lat":44.1136821,"lng":8.0748811}},{"nome":"Castellaro","codice":"008014","regione":"liguria","provincia":"imperia","sigla":"IM","codiceCatastale":"C143","cap":"18011","coordinate":{"lat":43.8662592,"lng":7.8698518}},{"nome":"Castelnuovo Magra","codice":"011011","regione":"liguria","provincia":"la spezia","sigla":"SP","codiceCatastale":"C240","cap":"19033","coordinate":{"lat":44.0997463,"lng":10.0172563}},{"nome":"Castelvecchio di Rocca Barbena","codice":"009021","regione":"liguria","provincia":"savona","sigla":"SV","codiceCatastale":"C276","cap":"17034","coordinate":{"lat":44.1309629,"lng":8.1178333}},{"nome":"Castiglione Chiavarese","codice":"010013","regione":"liguria","provincia":"genova","sigla":"GE","codiceCatastale":"C302","cap":"16030","coordinate":{"lat":44.275765,"lng":9.5189057}},{"nome":"Celle Ligure","codice":"009022","regione":"liguria","provincia":"savona","sigla":"SV","codiceCatastale":"C443","cap":"17015","coordinate":{"lat":44.345528,"lng":8.545295}},{"nome":"Cengio","codice":"009023","regione":"liguria","provincia":"savona","sigla":"SV","codiceCatastale":"C463","cap":"17056","coordinate":{"lat":44.388173,"lng":8.209373}},{"nome":"Ceranesi","codice":"010014","regione":"liguria","provincia":"genova","sigla":"GE","codiceCatastale":"C481","cap":"16014","coordinate":{"lat":44.5041086,"lng":8.8924195}},{"nome":"Ceriale","codice":"009024","regione":"liguria","provincia":"savona","sigla":"SV","codiceCatastale":"C510","cap":"17023","coordinate":{"lat":44.092568,"lng":8.229493}},{"nome":"Ceriana","codice":"008016","regione":"liguria","provincia":"imperia","sigla":"IM","codiceCatastale":"C511","cap":"18034","coordinate":{"lat":43.8813623,"lng":7.7759059}},{"nome":"Cervo","codice":"008017","regione":"liguria","provincia":"imperia","sigla":"IM","codiceCatastale":"C559","cap":"18010","coordinate":{"lat":43.9272457,"lng":8.1152184}},{"nome":"Cesio","codice":"008018","regione":"liguria","provincia":"imperia","sigla":"IM","codiceCatastale":"C578","cap":"18022","coordinate":{"lat":44.0089129,"lng":7.9749918}},{"nome":"Chiavari","codice":"010015","regione":"liguria","provincia":"genova","sigla":"GE","codiceCatastale":"C621","cap":"16043","coordinate":{"lat":44.317063,"lng":9.3202459}},{"nome":"Chiusanico","codice":"008019","regione":"liguria","provincia":"imperia","sigla":"IM","codiceCatastale":"C657","cap":"18027","coordinate":{"lat":43.9725497,"lng":7.9935289}},{"nome":"Chiusavecchia","codice":"008020","regione":"liguria","provincia":"imperia","sigla":"IM","codiceCatastale":"C660","cap":"18027","coordinate":{"lat":43.9681363,"lng":7.9847815}},{"nome":"Cicagna","codice":"010016","regione":"liguria","provincia":"genova","sigla":"GE","codiceCatastale":"C673","cap":"16044","coordinate":{"lat":44.405,"lng":9.2475185}},{"nome":"Cipressa","codice":"008021","regione":"liguria","provincia":"imperia","sigla":"IM","codiceCatastale":"C718","cap":"18017","coordinate":{"lat":43.8514357,"lng":7.9307335}},{"nome":"Cisano sul Neva","codice":"009025","regione":"liguria","provincia":"savona","sigla":"SV","codiceCatastale":"C729","cap":"17035","coordinate":{"lat":44.0861275,"lng":8.1480943}},{"nome":"Civezza","codice":"008022","regione":"liguria","provincia":"imperia","sigla":"IM","codiceCatastale":"C755","cap":"18017","coordinate":{"lat":43.8809629,"lng":7.9528333}},{"nome":"Cogoleto","codice":"010017","regione":"liguria","provincia":"genova","sigla":"GE","codiceCatastale":"C823","cap":"16016","coordinate":{"lat":44.3903148,"lng":8.6439074}},{"nome":"Cogorno","codice":"010018","regione":"liguria","provincia":"genova","sigla":"GE","codiceCatastale":"C826","cap":"16030","coordinate":{"lat":44.3275786,"lng":9.3515919}},{"nome":"Coreglia Ligure","codice":"010019","regione":"liguria","provincia":"genova","sigla":"GE","codiceCatastale":"C995","cap":"16040","coordinate":{"lat":44.3883783,"lng":9.2660908}},{"nome":"Cosio d'Arroscia","codice":"008023","regione":"liguria","provincia":"imperia","sigla":"IM","codiceCatastale":"D087","cap":"18023","coordinate":{"lat":44.0782812,"lng":7.8332774}},{"nome":"Cosseria","codice":"009026","regione":"liguria","provincia":"savona","sigla":"SV","codiceCatastale":"D095","cap":"17017","coordinate":{"lat":44.3678601,"lng":8.2357745}},{"nome":"Costarainera","codice":"008024","regione":"liguria","provincia":"imperia","sigla":"IM","codiceCatastale":"D114","cap":"18017","coordinate":{"lat":43.8564074,"lng":7.9398518}},{"nome":"Crocefieschi","codice":"010020","regione":"liguria","provincia":"genova","sigla":"GE","codiceCatastale":"D175","cap":"16010","coordinate":{"lat":44.584654,"lng":9.022132}},{"nome":"Davagna","codice":"010021","regione":"liguria","provincia":"genova","sigla":"GE","codiceCatastale":"D255","cap":"16022","coordinate":{"lat":44.4668888,"lng":9.0878333}},{"nome":"Dego","codice":"009027","regione":"liguria","provincia":"savona","sigla":"SV","codiceCatastale":"D264","cap":"17058","coordinate":{"lat":44.444074,"lng":8.307037}},{"nome":"Deiva Marina","codice":"011012","regione":"liguria","provincia":"la spezia","sigla":"SP","codiceCatastale":"D265","cap":"19013","coordinate":{"lat":44.2200185,"lng":9.52}},{"nome":"Diano Arentino","codice":"008025","regione":"liguria","provincia":"imperia","sigla":"IM","codiceCatastale":"D293","cap":"18013","coordinate":{"lat":43.9507793,"lng":8.0419113}},{"nome":"Diano Castello","codice":"008026","regione":"liguria","provincia":"imperia","sigla":"IM","codiceCatastale":"D296","cap":"18013","coordinate":{"lat":43.9251418,"lng":8.0659554}},{"nome":"Diano Marina","codice":"008027","regione":"liguria","provincia":"imperia","sigla":"IM","codiceCatastale":"D297","cap":"18013","coordinate":{"lat":43.9098938,"lng":8.0818295}},{"nome":"Diano San Pietro","codice":"008028","regione":"liguria","provincia":"imperia","sigla":"IM","codiceCatastale":"D298","cap":"18013","coordinate":{"lat":43.9324558,"lng":8.0730616}},{"nome":"Dolceacqua","codice":"008029","regione":"liguria","provincia":"imperia","sigla":"IM","codiceCatastale":"D318","cap":"18035","coordinate":{"lat":43.8528333,"lng":7.6237592}},{"nome":"Dolcedo","codice":"008030","regione":"liguria","provincia":"imperia","sigla":"IM","codiceCatastale":"D319","cap":"18020","coordinate":{"lat":43.9062777,"lng":7.9512592}},{"nome":"Erli","codice":"009028","regione":"liguria","provincia":"savona","sigla":"SV","codiceCatastale":"D424","cap":"17030","coordinate":{"lat":44.1364814,"lng":8.1036505}},{"nome":"Fascia","codice":"010022","regione":"liguria","provincia":"genova","sigla":"GE","codiceCatastale":"D509","cap":"16020","coordinate":{"lat":44.5828882,"lng":9.2215357}},{"nome":"Favale di Malvaro","codice":"010023","regione":"liguria","provincia":"genova","sigla":"GE","codiceCatastale":"D512","cap":"16040","coordinate":{"lat":44.4532962,"lng":9.26}},{"nome":"Finale Ligure","codice":"009029","regione":"liguria","provincia":"savona","sigla":"SV","codiceCatastale":"D600","cap":"17024","coordinate":{"lat":44.1699853,"lng":8.345165}},{"nome":"Follo","codice":"011013","regione":"liguria","provincia":"la spezia","sigla":"SP","codiceCatastale":"D655","cap":"19020","coordinate":{"lat":44.1648703,"lng":9.8629814}},{"nome":"Fontanigorda","codice":"010024","regione":"liguria","provincia":"genova","sigla":"GE","codiceCatastale":"D677","cap":"16023","coordinate":{"lat":44.5466599,"lng":9.3050536}},{"nome":"Framura","codice":"011014","regione":"liguria","provincia":"la spezia","sigla":"SP","codiceCatastale":"D758","cap":"19014","coordinate":{"lat":44.2088841,"lng":9.55431}},{"nome":"Garlenda","codice":"009030","regione":"liguria","provincia":"savona","sigla":"SV","codiceCatastale":"D927","cap":"17033","coordinate":{"lat":44.0336261,"lng":8.0943622}},{"nome":"Genova","codice":"010025","regione":"liguria","provincia":"genova","sigla":"GE","codiceCatastale":"D969","cap":"16121","coordinate":{"lat":44.4070624,"lng":8.9339889}},{"nome":"Giustenice","codice":"009031","regione":"liguria","provincia":"savona","sigla":"SV","codiceCatastale":"E064","cap":"17027","coordinate":{"lat":44.1726226,"lng":8.2443039}},{"nome":"Giusvalla","codice":"009032","regione":"liguria","provincia":"savona","sigla":"SV","codiceCatastale":"E066","cap":"17010","coordinate":{"lat":44.4489074,"lng":8.3953333}},{"nome":"Gorreto","codice":"010026","regione":"liguria","provincia":"genova","sigla":"GE","codiceCatastale":"E109","cap":"16020","coordinate":{"lat":44.6059629,"lng":9.2923518}},{"nome":"Imperia","codice":"008031","regione":"liguria","provincia":"imperia","sigla":"IM","codiceCatastale":"E290","cap":"18100","coordinate":{"lat":43.8878924,"lng":8.0315641}},{"nome":"Isola del Cantone","codice":"010027","regione":"liguria","provincia":"genova","sigla":"GE","codiceCatastale":"E341","cap":"16017","coordinate":{"lat":44.646567,"lng":8.956822}},{"nome":"Isolabona","codice":"008032","regione":"liguria","provincia":"imperia","sigla":"IM","codiceCatastale":"E346","cap":"18035","coordinate":{"lat":43.8806483,"lng":7.6403708}},{"nome":"La Spezia","codice":"011015","regione":"liguria","provincia":"la spezia","sigla":"SP","codiceCatastale":"E463","cap":"19121","coordinate":{"lat":44.1097428,"lng":9.8135485}},{"nome":"Laigueglia","codice":"009033","regione":"liguria","provincia":"savona","sigla":"SV","codiceCatastale":"E414","cap":"17053","coordinate":{"lat":43.9798518,"lng":8.1584444}},{"nome":"Lavagna","codice":"010028","regione":"liguria","provincia":"genova","sigla":"GE","codiceCatastale":"E488","cap":"16033","coordinate":{"lat":44.3089074,"lng":9.3432962}},{"nome":"Leivi","codice":"010029","regione":"liguria","provincia":"genova","sigla":"GE","codiceCatastale":"E519","cap":"16040","coordinate":{"lat":44.3534747,"lng":9.3094038}},{"nome":"Lerici","codice":"011016","regione":"liguria","provincia":"la spezia","sigla":"SP","codiceCatastale":"E542","cap":"19032","coordinate":{"lat":44.075671,"lng":9.911555}},{"nome":"Levanto","codice":"011017","regione":"liguria","provincia":"la spezia","sigla":"SP","codiceCatastale":"E560","cap":"19015","coordinate":{"lat":44.1712777,"lng":9.6134629}},{"nome":"Loano","codice":"009034","regione":"liguria","provincia":"savona","sigla":"SV","codiceCatastale":"E632","cap":"17025","coordinate":{"lat":44.1288405,"lng":8.2599897}},{"nome":"Lorsica","codice":"010030","regione":"liguria","provincia":"genova","sigla":"GE","codiceCatastale":"E695","cap":"16045","coordinate":{"lat":44.4318859,"lng":9.2742685}},{"nome":"Lucinasco","codice":"008033","regione":"liguria","provincia":"imperia","sigla":"IM","codiceCatastale":"E719","cap":"18020","coordinate":{"lat":43.967037,"lng":7.9612777}},{"nome":"Lumarzo","codice":"010031","regione":"liguria","provincia":"genova","sigla":"GE","codiceCatastale":"E737","cap":"16024","coordinate":{"lat":44.4347037,"lng":9.1406296}},{"nome":"Magliolo","codice":"009035","regione":"liguria","provincia":"savona","sigla":"SV","codiceCatastale":"E816","cap":"17020","coordinate":{"lat":44.1924166,"lng":8.2491594}},{"nome":"Maissana","codice":"011018","regione":"liguria","provincia":"la spezia","sigla":"SP","codiceCatastale":"E842","cap":"19010","coordinate":{"lat":44.3366701,"lng":9.5349927}},{"nome":"Mallare","codice":"009036","regione":"liguria","provincia":"savona","sigla":"SV","codiceCatastale":"E860","cap":"17045","coordinate":{"lat":44.2908361,"lng":8.2983286}},{"nome":"Masone","codice":"010032","regione":"liguria","provincia":"genova","sigla":"GE","codiceCatastale":"F020","cap":"16010","coordinate":{"lat":44.5023518,"lng":8.7175185}},{"nome":"Massimino","codice":"009037","regione":"liguria","provincia":"savona","sigla":"SV","codiceCatastale":"F046","cap":"12071","coordinate":{"lat":44.2995293,"lng":8.0711707}},{"nome":"Mele","codice":"010033","regione":"liguria","provincia":"genova","sigla":"GE","codiceCatastale":"F098","cap":"16010","coordinate":{"lat":44.446501,"lng":8.748988}},{"nome":"Mendatica","codice":"008034","regione":"liguria","provincia":"imperia","sigla":"IM","codiceCatastale":"F123","cap":"18025","coordinate":{"lat":44.0781296,"lng":7.8067222}},{"nome":"Mezzanego","codice":"010034","regione":"liguria","provincia":"genova","sigla":"GE","codiceCatastale":"F173","cap":"16046","coordinate":{"lat":44.3837776,"lng":9.3778372}},{"nome":"Mignanego","codice":"010035","regione":"liguria","provincia":"genova","sigla":"GE","codiceCatastale":"F202","cap":"16018","coordinate":{"lat":44.5169557,"lng":8.9125436}},{"nome":"Millesimo","codice":"009038","regione":"liguria","provincia":"savona","sigla":"SV","codiceCatastale":"F213","cap":"17017","coordinate":{"lat":44.364129,"lng":8.2059402}},{"nome":"Mioglia","codice":"009039","regione":"liguria","provincia":"savona","sigla":"SV","codiceCatastale":"F226","cap":"17040","coordinate":{"lat":44.4931296,"lng":8.4154814}},{"nome":"Moconesi","codice":"010036","regione":"liguria","provincia":"genova","sigla":"GE","codiceCatastale":"F256","cap":"16047","coordinate":{"lat":44.4213851,"lng":9.2110592}},{"nome":"Molini di Triora","codice":"008035","regione":"liguria","provincia":"imperia","sigla":"IM","codiceCatastale":"F290","cap":"18010","coordinate":{"lat":43.9906296,"lng":7.7754814}},{"nome":"Moneglia","codice":"010037","regione":"liguria","provincia":"genova","sigla":"GE","codiceCatastale":"F354","cap":"16030","coordinate":{"lat":44.2383172,"lng":9.4912607}},{"nome":"Montebruno","codice":"010038","regione":"liguria","provincia":"genova","sigla":"GE","codiceCatastale":"F445","cap":"16025","coordinate":{"lat":44.5267222,"lng":9.2487777}},{"nome":"Montegrosso Pian Latte","codice":"008037","regione":"liguria","provincia":"imperia","sigla":"IM","codiceCatastale":"F528","cap":"18025","coordinate":{"lat":44.0673897,"lng":7.8193226}},{"nome":"Monterosso al Mare","codice":"011019","regione":"liguria","provincia":"la spezia","sigla":"SP","codiceCatastale":"F609","cap":"19016","coordinate":{"lat":44.1463877,"lng":9.6557239}},{"nome":"Montoggio","codice":"010039","regione":"liguria","provincia":"genova","sigla":"GE","codiceCatastale":"F682","cap":"16026","coordinate":{"lat":44.5176763,"lng":9.0473203}},{"nome":"Murialdo","codice":"009040","regione":"liguria","provincia":"savona","sigla":"SV","codiceCatastale":"F813","cap":"17013","coordinate":{"lat":44.3179814,"lng":8.1692222}},{"nome":"Nasino","codice":"009041","regione":"liguria","provincia":"savona","sigla":"SV","codiceCatastale":"F847","cap":"17030","coordinate":{"lat":44.1146597,"lng":8.0324298}},{"nome":"Ne","codice":"010040","regione":"liguria","provincia":"genova","sigla":"GE","codiceCatastale":"F858","cap":"16040","coordinate":{"lat":44.4070624,"lng":8.9339889}},{"nome":"Neirone","codice":"010041","regione":"liguria","provincia":"genova","sigla":"GE","codiceCatastale":"F862","cap":"16040","coordinate":{"lat":44.4544948,"lng":9.1910355}},{"nome":"Noli","codice":"009042","regione":"liguria","provincia":"savona","sigla":"SV","codiceCatastale":"F926","cap":"17026","coordinate":{"lat":44.2056576,"lng":8.4163413}},{"nome":"Olivetta San Michele","codice":"008038","regione":"liguria","provincia":"imperia","sigla":"IM","codiceCatastale":"G041","cap":"18030","coordinate":{"lat":43.8798925,"lng":7.516302}},{"nome":"Onzo","codice":"009043","regione":"liguria","provincia":"savona","sigla":"SV","codiceCatastale":"G076","cap":"17037","coordinate":{"lat":44.0705521,"lng":8.0523325}},{"nome":"Orco Feglino","codice":"009044","regione":"liguria","provincia":"savona","sigla":"SV","codiceCatastale":"D522","cap":"17024","coordinate":{"lat":44.2212592,"lng":8.3256296}},{"nome":"Orero","codice":"010042","regione":"liguria","provincia":"genova","sigla":"GE","codiceCatastale":"G093","cap":"16040","coordinate":{"lat":44.409444,"lng":9.267783}},{"nome":"Ortovero","codice":"009045","regione":"liguria","provincia":"savona","sigla":"SV","codiceCatastale":"G144","cap":"17037","coordinate":{"lat":44.0545555,"lng":8.0978333}},{"nome":"Osiglia","codice":"009046","regione":"liguria","provincia":"savona","sigla":"SV","codiceCatastale":"G155","cap":"17010","coordinate":{"lat":44.2806227,"lng":8.2008417}},{"nome":"Ospedaletti","codice":"008039","regione":"liguria","provincia":"imperia","sigla":"IM","codiceCatastale":"G164","cap":"18014","coordinate":{"lat":43.8022037,"lng":7.7157962}},{"nome":"Pallare","codice":"009047","regione":"liguria","provincia":"savona","sigla":"SV","codiceCatastale":"G281","cap":"17043","coordinate":{"lat":44.3272861,"lng":8.2745578}},{"nome":"Perinaldo","codice":"008040","regione":"liguria","provincia":"imperia","sigla":"IM","codiceCatastale":"G454","cap":"18032","coordinate":{"lat":43.8676239,"lng":7.6698864}},{"nome":"Piana Crixia","codice":"009048","regione":"liguria","provincia":"savona","sigla":"SV","codiceCatastale":"G542","cap":"17058","coordinate":{"lat":44.4861111,"lng":8.3092407}},{"nome":"Pietra Ligure","codice":"009049","regione":"liguria","provincia":"savona","sigla":"SV","codiceCatastale":"G605","cap":"17027","coordinate":{"lat":44.1488597,"lng":8.2827097}},{"nome":"Pietrabruna","codice":"008041","regione":"liguria","provincia":"imperia","sigla":"IM","codiceCatastale":"G607","cap":"18010","coordinate":{"lat":43.8881016,"lng":7.9036903}},{"nome":"Pieve di Teco","codice":"008042","regione":"liguria","provincia":"imperia","sigla":"IM","codiceCatastale":"G632","cap":"18026","coordinate":{"lat":44.0481481,"lng":7.9161111}},{"nome":"Pieve Ligure","codice":"010043","regione":"liguria","provincia":"genova","sigla":"GE","codiceCatastale":"G646","cap":"16031","coordinate":{"lat":44.3756263,"lng":9.0937596}},{"nome":"Pigna","codice":"008043","regione":"liguria","provincia":"imperia","sigla":"IM","codiceCatastale":"G660","cap":"18037","coordinate":{"lat":43.9332962,"lng":7.6618888}},{"nome":"Pignone","codice":"011021","regione":"liguria","provincia":"la spezia","sigla":"SP","codiceCatastale":"G664","cap":"19020","coordinate":{"lat":44.1792222,"lng":9.7251666}},{"nome":"Plodio","codice":"009050","regione":"liguria","provincia":"savona","sigla":"SV","codiceCatastale":"G741","cap":"17043","coordinate":{"lat":44.3567832,"lng":8.2433333}},{"nome":"Pompeiana","codice":"008044","regione":"liguria","provincia":"imperia","sigla":"IM","codiceCatastale":"G814","cap":"18015","coordinate":{"lat":43.8548703,"lng":7.8909444}},{"nome":"Pontedassio","codice":"008045","regione":"liguria","provincia":"imperia","sigla":"IM","codiceCatastale":"G840","cap":"18027","coordinate":{"lat":43.9414259,"lng":8.0150185}},{"nome":"Pontinvrea","codice":"009051","regione":"liguria","provincia":"savona","sigla":"SV","codiceCatastale":"G866","cap":"17042","coordinate":{"lat":44.444443,"lng":8.4352259}},{"nome":"Pornassio","codice":"008046","regione":"liguria","provincia":"imperia","sigla":"IM","codiceCatastale":"G890","cap":"18024","coordinate":{"lat":44.0700319,"lng":7.8708185}},{"nome":"Portofino","codice":"010044","regione":"liguria","provincia":"genova","sigla":"GE","codiceCatastale":"G913","cap":"16034","coordinate":{"lat":44.3039609,"lng":9.2077723}},{"nome":"Portovenere","codice":"011022","regione":"liguria","provincia":"la spezia","sigla":"SP","codiceCatastale":"G925","cap":"19025","coordinate":{"lat":44.0519359,"lng":9.8353078}},{"nome":"Propata","codice":"010045","regione":"liguria","provincia":"genova","sigla":"GE","codiceCatastale":"H073","cap":"16027","coordinate":{"lat":44.5667407,"lng":9.1867222}},{"nome":"Quiliano","codice":"009052","regione":"liguria","provincia":"savona","sigla":"SV","codiceCatastale":"H126","cap":"17047","coordinate":{"lat":44.29352,"lng":8.4136694}},{"nome":"Ranzo","codice":"008048","regione":"liguria","provincia":"imperia","sigla":"IM","codiceCatastale":"H180","cap":"18020","coordinate":{"lat":44.0595784,"lng":8.015838}},{"nome":"Rapallo","codice":"010046","regione":"liguria","provincia":"genova","sigla":"GE","codiceCatastale":"H183","cap":"16035","coordinate":{"lat":44.3522037,"lng":9.2307962}},{"nome":"Recco","codice":"010047","regione":"liguria","provincia":"genova","sigla":"GE","codiceCatastale":"H212","cap":"16036","coordinate":{"lat":44.3622333,"lng":9.1438334}},{"nome":"Rezzo","codice":"008049","regione":"liguria","provincia":"imperia","sigla":"IM","codiceCatastale":"H257","cap":"18026","coordinate":{"lat":44.0225185,"lng":7.8725}},{"nome":"Rezzoaglio","codice":"010048","regione":"liguria","provincia":"genova","sigla":"GE","codiceCatastale":"H258","cap":"16048","coordinate":{"lat":44.5263029,"lng":9.3877884}},{"nome":"Rialto","codice":"009053","regione":"liguria","provincia":"savona","sigla":"SV","codiceCatastale":"H266","cap":"17020","coordinate":{"lat":44.2258787,"lng":8.2616133}},{"nome":"Riomaggiore","codice":"011024","regione":"liguria","provincia":"la spezia","sigla":"SP","codiceCatastale":"H304","cap":"19017","coordinate":{"lat":44.0988707,"lng":9.7408182}},{"nome":"Riva Ligure","codice":"008050","regione":"liguria","provincia":"imperia","sigla":"IM","codiceCatastale":"H328","cap":"18015","coordinate":{"lat":43.8389074,"lng":7.8807962}},{"nome":"Roccavignale","codice":"009054","regione":"liguria","provincia":"savona","sigla":"SV","codiceCatastale":"H452","cap":"17017","coordinate":{"lat":44.361737,"lng":8.1916902}},{"nome":"Rocchetta di Vara","codice":"011025","regione":"liguria","provincia":"la spezia","sigla":"SP","codiceCatastale":"H461","cap":"19020","coordinate":{"lat":44.2516923,"lng":9.7580358}},{"nome":"Rocchetta Nervina","codice":"008051","regione":"liguria","provincia":"imperia","sigla":"IM","codiceCatastale":"H460","cap":"18030","coordinate":{"lat":43.890413,"lng":7.599883}},{"nome":"Ronco Scrivia","codice":"010049","regione":"liguria","provincia":"genova","sigla":"GE","codiceCatastale":"H536","cap":"16019","coordinate":{"lat":44.612797,"lng":8.9483789}},{"nome":"Rondanina","codice":"010050","regione":"liguria","provincia":"genova","sigla":"GE","codiceCatastale":"H546","cap":"16025","coordinate":{"lat":44.5631399,"lng":9.2177389}},{"nome":"Rossiglione","codice":"010051","regione":"liguria","provincia":"genova","sigla":"GE","codiceCatastale":"H581","cap":"16010","coordinate":{"lat":44.5587747,"lng":8.6742674}},{"nome":"Rovegno","codice":"010052","regione":"liguria","provincia":"genova","sigla":"GE","codiceCatastale":"H599","cap":"16028","coordinate":{"lat":44.5778333,"lng":9.2803333}},{"nome":"San Bartolomeo al Mare","codice":"008052","regione":"liguria","provincia":"imperia","sigla":"IM","codiceCatastale":"H763","cap":"18016","coordinate":{"lat":43.9239074,"lng":8.1023703}},{"nome":"San Biagio della Cima","codice":"008053","regione":"liguria","provincia":"imperia","sigla":"IM","codiceCatastale":"H780","cap":"18036","coordinate":{"lat":43.8188624,"lng":7.6493395}},{"nome":"San Colombano Certenoli","codice":"010053","regione":"liguria","provincia":"genova","sigla":"GE","codiceCatastale":"H802","cap":"16040","coordinate":{"lat":44.3717741,"lng":9.313091}},{"nome":"San Lorenzo al Mare","codice":"008054","regione":"liguria","provincia":"imperia","sigla":"IM","codiceCatastale":"H957","cap":"18017","coordinate":{"lat":43.8543215,"lng":7.9655436}},{"nome":"Sanremo","codice":"008055","regione":"liguria","provincia":"imperia","sigla":"IM","codiceCatastale":"I138","cap":"18038","coordinate":{"lat":43.8160608,"lng":7.7764455}},{"nome":"Sant'Olcese","codice":"010055","regione":"liguria","provincia":"genova","sigla":"GE","codiceCatastale":"I346","cap":"16010","coordinate":{"lat":44.4839259,"lng":8.9657962}},{"nome":"Santa Margherita Ligure","codice":"010054","regione":"liguria","provincia":"genova","sigla":"GE","codiceCatastale":"I225","cap":"16038","coordinate":{"lat":44.3350185,"lng":9.212037}},{"nome":"Santo Stefano al Mare","codice":"008056","regione":"liguria","provincia":"imperia","sigla":"IM","codiceCatastale":"I365","cap":"18010","coordinate":{"lat":43.8375389,"lng":7.8968741}},{"nome":"Santo Stefano d'Aveto","codice":"010056","regione":"liguria","provincia":"genova","sigla":"GE","codiceCatastale":"I368","cap":"16049","coordinate":{"lat":44.5473863,"lng":9.4504479}},{"nome":"Santo Stefano di Magra","codice":"011026","regione":"liguria","provincia":"la spezia","sigla":"SP","codiceCatastale":"I363","cap":"19037","coordinate":{"lat":44.164162,"lng":9.9162411}},{"nome":"Sarzana","codice":"011027","regione":"liguria","provincia":"la spezia","sigla":"SP","codiceCatastale":"I449","cap":"19038","coordinate":{"lat":44.1125185,"lng":9.9597037}},{"nome":"Sassello","codice":"009055","regione":"liguria","provincia":"savona","sigla":"SV","codiceCatastale":"I453","cap":"17046","coordinate":{"lat":44.479315,"lng":8.490091}},{"nome":"Savignone","codice":"010057","regione":"liguria","provincia":"genova","sigla":"GE","codiceCatastale":"I475","cap":"16010","coordinate":{"lat":44.5653148,"lng":8.9884629}},{"nome":"Savona","codice":"009056","regione":"liguria","provincia":"savona","sigla":"SV","codiceCatastale":"I480","cap":"17100","coordinate":{"lat":44.3110703,"lng":8.4772463}},{"nome":"Seborga","codice":"008057","regione":"liguria","provincia":"imperia","sigla":"IM","codiceCatastale":"I556","cap":"18012","coordinate":{"lat":43.8273738,"lng":7.695528}},{"nome":"Sesta Godano","codice":"011028","regione":"liguria","provincia":"la spezia","sigla":"SP","codiceCatastale":"E070","cap":"19020","coordinate":{"lat":44.2929114,"lng":9.6713621}},{"nome":"Sestri Levante","codice":"010059","regione":"liguria","provincia":"genova","sigla":"GE","codiceCatastale":"I693","cap":"16039","coordinate":{"lat":44.273148,"lng":9.396778}},{"nome":"Soldano","codice":"008058","regione":"liguria","provincia":"imperia","sigla":"IM","codiceCatastale":"I796","cap":"18036","coordinate":{"lat":43.8302293,"lng":7.6565095}},{"nome":"Sori","codice":"010060","regione":"liguria","provincia":"genova","sigla":"GE","codiceCatastale":"I852","cap":"16031","coordinate":{"lat":44.3730656,"lng":9.1044132}},{"nome":"Spotorno","codice":"009057","regione":"liguria","provincia":"savona","sigla":"SV","codiceCatastale":"I926","cap":"17028","coordinate":{"lat":44.2265249,"lng":8.4184013}},{"nome":"Stella","codice":"009058","regione":"liguria","provincia":"savona","sigla":"SV","codiceCatastale":"I946","cap":"17044","coordinate":{"lat":44.3929235,"lng":8.4983156}},{"nome":"Stellanello","codice":"009059","regione":"liguria","provincia":"savona","sigla":"SV","codiceCatastale":"I947","cap":"17020","coordinate":{"lat":44.0009444,"lng":8.0614259}},{"nome":"Taggia","codice":"008059","regione":"liguria","provincia":"imperia","sigla":"IM","codiceCatastale":"L024","cap":"18018","coordinate":{"lat":43.8552518,"lng":7.8529186}},{"nome":"Terzorio","codice":"008060","regione":"liguria","provincia":"imperia","sigla":"IM","codiceCatastale":"L146","cap":"18010","coordinate":{"lat":43.852867,"lng":7.8988522}},{"nome":"Testico","codice":"009060","regione":"liguria","provincia":"savona","sigla":"SV","codiceCatastale":"L152","cap":"17020","coordinate":{"lat":44.0052405,"lng":8.0292152}},{"nome":"Tiglieto","codice":"010061","regione":"liguria","provincia":"genova","sigla":"GE","codiceCatastale":"L167","cap":"16010","coordinate":{"lat":44.5240692,"lng":8.620435}},{"nome":"Toirano","codice":"009061","regione":"liguria","provincia":"savona","sigla":"SV","codiceCatastale":"L190","cap":"17055","coordinate":{"lat":44.1277852,"lng":8.205831}},{"nome":"Torriglia","codice":"010062","regione":"liguria","provincia":"genova","sigla":"GE","codiceCatastale":"L298","cap":"16029","coordinate":{"lat":44.5187128,"lng":9.1589384}},{"nome":"Tovo San Giacomo","codice":"009062","regione":"liguria","provincia":"savona","sigla":"SV","codiceCatastale":"L315","cap":"17020","coordinate":{"lat":44.1770555,"lng":8.271574}},{"nome":"Tribogna","codice":"010063","regione":"liguria","provincia":"genova","sigla":"GE","codiceCatastale":"L416","cap":"16030","coordinate":{"lat":44.4164748,"lng":9.1960767}},{"nome":"Triora","codice":"008061","regione":"liguria","provincia":"imperia","sigla":"IM","codiceCatastale":"L430","cap":"18010","coordinate":{"lat":43.9930613,"lng":7.7652714}},{"nome":"Urbe","codice":"009063","regione":"liguria","provincia":"savona","sigla":"SV","codiceCatastale":"L499","cap":"17048","coordinate":{"lat":44.4881296,"lng":8.5873703}},{"nome":"Uscio","codice":"010064","regione":"liguria","provincia":"genova","sigla":"GE","codiceCatastale":"L507","cap":"16036","coordinate":{"lat":44.4147437,"lng":9.1598524}},{"nome":"Vado Ligure","codice":"009064","regione":"liguria","provincia":"savona","sigla":"SV","codiceCatastale":"L528","cap":"17047","coordinate":{"lat":44.2693496,"lng":8.4357634}},{"nome":"Valbrevenna","codice":"010065","regione":"liguria","provincia":"genova","sigla":"GE","codiceCatastale":"L546","cap":"16010","coordinate":{"lat":44.5563713,"lng":9.0656016}},{"nome":"Vallebona","codice":"008062","regione":"liguria","provincia":"imperia","sigla":"IM","codiceCatastale":"L596","cap":"18012","coordinate":{"lat":43.8137383,"lng":7.6674531}},{"nome":"Vallecrosia","codice":"008063","regione":"liguria","provincia":"imperia","sigla":"IM","codiceCatastale":"L599","cap":"18019","coordinate":{"lat":43.7860522,"lng":7.6401421}},{"nome":"Varazze","codice":"009065","regione":"liguria","provincia":"savona","sigla":"SV","codiceCatastale":"L675","cap":"17019","coordinate":{"lat":44.3606503,"lng":8.5751754}},{"nome":"Varese Ligure","codice":"011029","regione":"liguria","provincia":"la spezia","sigla":"SP","codiceCatastale":"L681","cap":"19028","coordinate":{"lat":44.3773518,"lng":9.5953333}},{"nome":"Vasia","codice":"008064","regione":"liguria","provincia":"imperia","sigla":"IM","codiceCatastale":"L693","cap":"18020","coordinate":{"lat":43.9331481,"lng":7.954074}},{"nome":"Vendone","codice":"009066","regione":"liguria","provincia":"savona","sigla":"SV","codiceCatastale":"L730","cap":"17032","coordinate":{"lat":44.0771027,"lng":8.0718809}},{"nome":"Ventimiglia","codice":"008065","regione":"liguria","provincia":"imperia","sigla":"IM","codiceCatastale":"L741","cap":"18039","coordinate":{"lat":43.7904171,"lng":7.607139}},{"nome":"Vernazza","codice":"011030","regione":"liguria","provincia":"la spezia","sigla":"SP","codiceCatastale":"L774","cap":"19018","coordinate":{"lat":44.1362592,"lng":9.6850185}},{"nome":"Vessalico","codice":"008066","regione":"liguria","provincia":"imperia","sigla":"IM","codiceCatastale":"L809","cap":"18026","coordinate":{"lat":44.0462592,"lng":7.9607962}},{"nome":"Vezzano Ligure","codice":"011031","regione":"liguria","provincia":"la spezia","sigla":"SP","codiceCatastale":"L819","cap":"19020","coordinate":{"lat":44.141347,"lng":9.8852103}},{"nome":"Vezzi Portio","codice":"009067","regione":"liguria","provincia":"savona","sigla":"SV","codiceCatastale":"L823","cap":"17028","coordinate":{"lat":44.2287465,"lng":8.3644899}},{"nome":"Villa Faraldi","codice":"008067","regione":"liguria","provincia":"imperia","sigla":"IM","codiceCatastale":"L943","cap":"18010","coordinate":{"lat":43.9695555,"lng":8.0907962}},{"nome":"Villanova d'Albenga","codice":"009068","regione":"liguria","provincia":"savona","sigla":"SV","codiceCatastale":"L975","cap":"17038","coordinate":{"lat":44.0470772,"lng":8.1415122}},{"nome":"Vobbia","codice":"010066","regione":"liguria","provincia":"genova","sigla":"GE","codiceCatastale":"M105","cap":"16010","coordinate":{"lat":44.6001906,"lng":9.0396391}},{"nome":"Zignago","codice":"011032","regione":"liguria","provincia":"la spezia","sigla":"SP","codiceCatastale":"M177","cap":"19020","coordinate":{"lat":44.2776927,"lng":9.7467651}},{"nome":"Zoagli","codice":"010067","regione":"liguria","provincia":"genova","sigla":"GE","codiceCatastale":"M182","cap":"16035","coordinate":{"lat":44.3374706,"lng":9.2673945}},{"nome":"Zuccarello","codice":"009069","regione":"liguria","provincia":"savona","sigla":"SV","codiceCatastale":"M197","cap":"17039","coordinate":{"lat":44.1122044,"lng":8.1161656}},{"nome":"Luni","codice":"011020","regione":"liguria","provincia":"la spezia","sigla":"SP","codiceCatastale":"G143","cap":"19034","coordinate":{"lat":44.08497076,"lng":10.04202918}},{"nome":"Prelà","codice":"008047","regione":"liguria","provincia":"imperia","sigla":"IM","codiceCatastale":"H027","cap":"18020","coordinate":{"lat":43.92622371,"lng":7.9369914}},{"nome":"Riccò del Golfo di Spezia","codice":"011023","regione":"liguria","provincia":"la spezia","sigla":"SP","codiceCatastale":"H275","cap":"19020","coordinate":{"lat":44.15555832,"lng":9.76342359}},{"nome":"Serra Riccò","codice":"010058","regione":"liguria","provincia":"genova","sigla":"GE","codiceCatastale":"I640","cap":"16010","coordinate":{"lat":44.50784963,"lng":8.93604499}},{"nome":"Montalto Carpasio","codice":"008068","regione":"liguria","provincia":"imperia","sigla":"IM","codiceCatastale":"M387","cap":"18028","coordinate":{"lat":43.95985266,"lng":7.86676773}}]