[{"nome":"Acqualagna","codice":"041001","regione":"marche","provincia":"pesaro e urbino","sigla":"PU","codiceCatastale":"A035","cap":"61041","coordinate":{"lat":43.6134629,"lng":12.6745555}},{"nome":"Acquasanta Terme","codice":"044001","regione":"marche","provincia":"ascoli piceno","sigla":"AP","codiceCatastale":"A044","cap":"63095","coordinate":{"lat":42.7707703,"lng":13.4110066}},{"nome":"Acquaviva Picena","codice":"044002","regione":"marche","provincia":"ascoli piceno","sigla":"AP","codiceCatastale":"A047","cap":"63075","coordinate":{"lat":42.9448194,"lng":13.8124622}},{"nome":"Agugliano","codice":"042001","regione":"marche","provincia":"ancona","sigla":"AN","codiceCatastale":"A092","cap":"60020","coordinate":{"lat":43.544537,"lng":13.3904814}},{"nome":"Altidona","codice":"109001","regione":"marche","provincia":"fermo","sigla":"FM","codiceCatastale":"A233","cap":"63824","coordinate":{"lat":43.10677,"lng":13.794289}},{"nome":"Amandola","codice":"109002","regione":"marche","provincia":"fermo","sigla":"FM","codiceCatastale":"A252","cap":"63857","coordinate":{"lat":42.9808703,"lng":13.3619292}},{"nome":"Ancona","codice":"042002","regione":"marche","provincia":"ancona","sigla":"AN","codiceCatastale":"A271","cap":"60121","coordinate":{"lat":43.6158281,"lng":13.5189447}},{"nome":"Apecchio","codice":"041002","regione":"marche","provincia":"pesaro e urbino","sigla":"PU","codiceCatastale":"A327","cap":"61042","coordinate":{"lat":43.5592776,"lng":12.422035}},{"nome":"Apiro","codice":"043002","regione":"marche","provincia":"macerata","sigla":"MC","codiceCatastale":"A329","cap":"62021","coordinate":{"lat":43.3909772,"lng":13.1317711}},{"nome":"Appignano","codice":"043003","regione":"marche","provincia":"macerata","sigla":"MC","codiceCatastale":"A334","cap":"62010","coordinate":{"lat":43.3637592,"lng":13.3487777}},{"nome":"Appignano del Tronto","codice":"044005","regione":"marche","provincia":"ascoli piceno","sigla":"AP","codiceCatastale":"A335","cap":"63083","coordinate":{"lat":42.899575,"lng":13.6623391}},{"nome":"Arcevia","codice":"042003","regione":"marche","provincia":"ancona","sigla":"AN","codiceCatastale":"A366","cap":"60011","coordinate":{"lat":43.5016576,"lng":12.9417756}},{"nome":"Arquata del Tronto","codice":"044006","regione":"marche","provincia":"ascoli piceno","sigla":"AP","codiceCatastale":"A437","cap":"63096","coordinate":{"lat":42.7730654,"lng":13.2966653}},{"nome":"Ascoli Piceno","codice":"044007","regione":"marche","provincia":"ascoli piceno","sigla":"AP","codiceCatastale":"A462","cap":"63100","coordinate":{"lat":42.8554018,"lng":13.5749771}},{"nome":"Barbara","codice":"042004","regione":"marche","provincia":"ancona","sigla":"AN","codiceCatastale":"A626","cap":"60010","coordinate":{"lat":43.5810641,"lng":13.0260703}},{"nome":"Belforte all'Isauro","codice":"041005","regione":"marche","provincia":"pesaro e urbino","sigla":"PU","codiceCatastale":"A740","cap":"61026","coordinate":{"lat":43.7178069,"lng":12.376672}},{"nome":"Belforte del Chienti","codice":"043004","regione":"marche","provincia":"macerata","sigla":"MC","codiceCatastale":"A739","cap":"62020","coordinate":{"lat":43.1645086,"lng":13.2390851}},{"nome":"Belmonte Piceno","codice":"109003","regione":"marche","provincia":"fermo","sigla":"FM","codiceCatastale":"A760","cap":"63838","coordinate":{"lat":43.0913169,"lng":13.539485}},{"nome":"Belvedere Ostrense","codice":"042005","regione":"marche","provincia":"ancona","sigla":"AN","codiceCatastale":"A769","cap":"60030","coordinate":{"lat":43.5831296,"lng":13.1697037}},{"nome":"Bolognola","codice":"043005","regione":"marche","provincia":"macerata","sigla":"MC","codiceCatastale":"A947","cap":"62035","coordinate":{"lat":42.9947871,"lng":13.2266751}},{"nome":"Borgo Pace","codice":"041006","regione":"marche","provincia":"pesaro e urbino","sigla":"PU","codiceCatastale":"B026","cap":"61040","coordinate":{"lat":43.6581218,"lng":12.2930547}},{"nome":"Cagli","codice":"041007","regione":"marche","provincia":"pesaro e urbino","sigla":"PU","codiceCatastale":"B352","cap":"61043","coordinate":{"lat":43.5468067,"lng":12.6484762}},{"nome":"Caldarola","codice":"043006","regione":"marche","provincia":"macerata","sigla":"MC","codiceCatastale":"B398","cap":"62020","coordinate":{"lat":43.138928,"lng":13.225953}},{"nome":"Camerano","codice":"042006","regione":"marche","provincia":"ancona","sigla":"AN","codiceCatastale":"B468","cap":"60021","coordinate":{"lat":43.529942,"lng":13.547903}},{"nome":"Camerata Picena","codice":"042007","regione":"marche","provincia":"ancona","sigla":"AN","codiceCatastale":"B470","cap":"60020","coordinate":{"lat":43.5792407,"lng":13.3520555}},{"nome":"Camerino","codice":"043007","regione":"marche","provincia":"macerata","sigla":"MC","codiceCatastale":"B474","cap":"62032","coordinate":{"lat":43.1403645,"lng":13.068774}},{"nome":"Campofilone","codice":"109004","regione":"marche","provincia":"fermo","sigla":"FM","codiceCatastale":"B534","cap":"63828","coordinate":{"lat":43.08032,"lng":13.817827}},{"nome":"Camporotondo di Fiastrone","codice":"043008","regione":"marche","provincia":"macerata","sigla":"MC","codiceCatastale":"B562","cap":"62020","coordinate":{"lat":43.1325256,"lng":13.267746}},{"nome":"Cantiano","codice":"041008","regione":"marche","provincia":"pesaro e urbino","sigla":"PU","codiceCatastale":"B636","cap":"61044","coordinate":{"lat":43.4761454,"lng":12.6272926}},{"nome":"Carassai","codice":"044010","regione":"marche","provincia":"ascoli piceno","sigla":"AP","codiceCatastale":"B727","cap":"63063","coordinate":{"lat":43.0317308,"lng":13.6857352}},{"nome":"Carpegna","codice":"041009","regione":"marche","provincia":"pesaro e urbino","sigla":"PU","codiceCatastale":"B816","cap":"61021","coordinate":{"lat":43.7831481,"lng":12.3376666}},{"nome":"Cartoceto","codice":"041010","regione":"marche","provincia":"pesaro e urbino","sigla":"PU","codiceCatastale":"B846","cap":"61030","coordinate":{"lat":43.6188242,"lng":12.820723}},{"nome":"Castel di Lama","codice":"044011","regione":"marche","provincia":"ascoli piceno","sigla":"AP","codiceCatastale":"C093","cap":"63082","coordinate":{"lat":42.87059,"lng":13.713649}},{"nome":"Castelbellino","codice":"042008","regione":"marche","provincia":"ancona","sigla":"AN","codiceCatastale":"C060","cap":"60030","coordinate":{"lat":43.4878333,"lng":13.1456296}},{"nome":"Castelfidardo","codice":"042010","regione":"marche","provincia":"ancona","sigla":"AN","codiceCatastale":"C100","cap":"60022","coordinate":{"lat":43.4645011,"lng":13.5465878}},{"nome":"Castelleone di Suasa","codice":"042011","regione":"marche","provincia":"ancona","sigla":"AN","codiceCatastale":"C152","cap":"60010","coordinate":{"lat":43.608458,"lng":12.977013}},{"nome":"Castelplanio","codice":"042012","regione":"marche","provincia":"ancona","sigla":"AN","codiceCatastale":"C248","cap":"60031","coordinate":{"lat":43.494074,"lng":13.0828148}},{"nome":"Castelraimondo","codice":"043009","regione":"marche","provincia":"macerata","sigla":"MC","codiceCatastale":"C251","cap":"62022","coordinate":{"lat":43.2092407,"lng":13.0547037}},{"nome":"Castelsantangelo sul Nera","codice":"043010","regione":"marche","provincia":"macerata","sigla":"MC","codiceCatastale":"C267","cap":"62039","coordinate":{"lat":42.8871646,"lng":13.1528033}},{"nome":"Castignano","codice":"044012","regione":"marche","provincia":"ascoli piceno","sigla":"AP","codiceCatastale":"C321","cap":"63072","coordinate":{"lat":42.938353,"lng":13.622549}},{"nome":"Castorano","codice":"044013","regione":"marche","provincia":"ascoli piceno","sigla":"AP","codiceCatastale":"C331","cap":"63081","coordinate":{"lat":42.8976932,"lng":13.7281873}},{"nome":"Cerreto d'Esi","codice":"042013","regione":"marche","provincia":"ancona","sigla":"AN","codiceCatastale":"C524","cap":"60043","coordinate":{"lat":43.316577,"lng":12.986165}},{"nome":"Cessapalombo","codice":"043011","regione":"marche","provincia":"macerata","sigla":"MC","codiceCatastale":"C582","cap":"62020","coordinate":{"lat":43.109217,"lng":13.2586145}},{"nome":"Chiaravalle","codice":"042014","regione":"marche","provincia":"ancona","sigla":"AN","codiceCatastale":"C615","cap":"60033","coordinate":{"lat":43.6000463,"lng":13.3253657}},{"nome":"Cingoli","codice":"043012","regione":"marche","provincia":"macerata","sigla":"MC","codiceCatastale":"C704","cap":"62011","coordinate":{"lat":43.3742222,"lng":13.2034444}},{"nome":"Civitanova Marche","codice":"043013","regione":"marche","provincia":"macerata","sigla":"MC","codiceCatastale":"C770","cap":"62012","coordinate":{"lat":43.304563,"lng":13.7194675}},{"nome":"Colli del Tronto","codice":"044014","regione":"marche","provincia":"ascoli piceno","sigla":"AP","codiceCatastale":"C877","cap":"63079","coordinate":{"lat":42.875478,"lng":13.748258}},{"nome":"Colmurano","codice":"043014","regione":"marche","provincia":"macerata","sigla":"MC","codiceCatastale":"C886","cap":"62020","coordinate":{"lat":43.1659629,"lng":13.36}},{"nome":"Comunanza","codice":"044015","regione":"marche","provincia":"ascoli piceno","sigla":"AP","codiceCatastale":"C935","cap":"63087","coordinate":{"lat":42.9584629,"lng":13.4132962}},{"nome":"Corinaldo","codice":"042015","regione":"marche","provincia":"ancona","sigla":"AN","codiceCatastale":"D007","cap":"60013","coordinate":{"lat":43.649441,"lng":13.048432}},{"nome":"Corridonia","codice":"043015","regione":"marche","provincia":"macerata","sigla":"MC","codiceCatastale":"D042","cap":"62014","coordinate":{"lat":43.2505,"lng":13.513839}},{"nome":"Cossignano","codice":"044016","regione":"marche","provincia":"ascoli piceno","sigla":"AP","codiceCatastale":"D096","cap":"63067","coordinate":{"lat":42.9839666,"lng":13.688657}},{"nome":"Cupra Marittima","codice":"044017","regione":"marche","provincia":"ascoli piceno","sigla":"AP","codiceCatastale":"D210","cap":"63064","coordinate":{"lat":43.0309502,"lng":13.8589225}},{"nome":"Cupramontana","codice":"042016","regione":"marche","provincia":"ancona","sigla":"AN","codiceCatastale":"D211","cap":"60034","coordinate":{"lat":43.4468888,"lng":13.1164074}},{"nome":"Esanatoglia","codice":"043016","regione":"marche","provincia":"macerata","sigla":"MC","codiceCatastale":"D429","cap":"62024","coordinate":{"lat":43.252888,"lng":12.950252}},{"nome":"Fabriano","codice":"042017","regione":"marche","provincia":"ancona","sigla":"AN","codiceCatastale":"D451","cap":"60044","coordinate":{"lat":43.3361361,"lng":12.9046964}},{"nome":"Falconara Marittima","codice":"042018","regione":"marche","provincia":"ancona","sigla":"AN","codiceCatastale":"D472","cap":"60015","coordinate":{"lat":43.6296267,"lng":13.3969093}},{"nome":"Falerone","codice":"109005","regione":"marche","provincia":"fermo","sigla":"FM","codiceCatastale":"D477","cap":"63837","coordinate":{"lat":43.1054616,"lng":13.4702467}},{"nome":"Fano","codice":"041013","regione":"marche","provincia":"pesaro e urbino","sigla":"PU","codiceCatastale":"D488","cap":"61032","coordinate":{"lat":43.8448675,"lng":13.0168824}},{"nome":"Fermignano","codice":"041014","regione":"marche","provincia":"pesaro e urbino","sigla":"PU","codiceCatastale":"D541","cap":"61033","coordinate":{"lat":43.6850185,"lng":12.645}},{"nome":"Fermo","codice":"109006","regione":"marche","provincia":"fermo","sigla":"FM","codiceCatastale":"D542","cap":"63900","coordinate":{"lat":43.1656296,"lng":13.7242222}},{"nome":"Fiastra","codice":"043017","regione":"marche","provincia":"macerata","sigla":"MC","codiceCatastale":"D564","cap":"62035","coordinate":{"lat":43.0357242,"lng":13.1558673}},{"nome":"Filottrano","codice":"042019","regione":"marche","provincia":"ancona","sigla":"AN","codiceCatastale":"D597","cap":"60024","coordinate":{"lat":43.4376666,"lng":13.3554814}},{"nome":"Fiuminata","codice":"043019","regione":"marche","provincia":"macerata","sigla":"MC","codiceCatastale":"D628","cap":"62025","coordinate":{"lat":43.1882024,"lng":12.9318809}},{"nome":"Folignano","codice":"044020","regione":"marche","provincia":"ascoli piceno","sigla":"AP","codiceCatastale":"D652","cap":"63084","coordinate":{"lat":42.8212592,"lng":13.6353333}},{"nome":"Force","codice":"044021","regione":"marche","provincia":"ascoli piceno","sigla":"AP","codiceCatastale":"D691","cap":"63086","coordinate":{"lat":42.9623049,"lng":13.488623}},{"nome":"Fossombrone","codice":"041015","regione":"marche","provincia":"pesaro e urbino","sigla":"PU","codiceCatastale":"D749","cap":"61034","coordinate":{"lat":43.6917222,"lng":12.8137777}},{"nome":"Francavilla d'Ete","codice":"109007","regione":"marche","provincia":"fermo","sigla":"FM","codiceCatastale":"D760","cap":"63816","coordinate":{"lat":43.1884629,"lng":13.5417407}},{"nome":"Fratte Rosa","codice":"041016","regione":"marche","provincia":"pesaro e urbino","sigla":"PU","codiceCatastale":"D791","cap":"61040","coordinate":{"lat":43.6314167,"lng":12.9007079}},{"nome":"Frontino","codice":"041017","regione":"marche","provincia":"pesaro e urbino","sigla":"PU","codiceCatastale":"D807","cap":"61021","coordinate":{"lat":43.764763,"lng":12.3788126}},{"nome":"Frontone","codice":"041018","regione":"marche","provincia":"pesaro e urbino","sigla":"PU","codiceCatastale":"D808","cap":"61040","coordinate":{"lat":43.512845,"lng":12.731724}},{"nome":"Gabicce Mare","codice":"041019","regione":"marche","provincia":"pesaro e urbino","sigla":"PU","codiceCatastale":"D836","cap":"61011","coordinate":{"lat":43.9648808,"lng":12.7563997}},{"nome":"Gagliole","codice":"043020","regione":"marche","provincia":"macerata","sigla":"MC","codiceCatastale":"D853","cap":"62022","coordinate":{"lat":43.2385055,"lng":13.0676566}},{"nome":"Genga","codice":"042020","regione":"marche","provincia":"ancona","sigla":"AN","codiceCatastale":"D965","cap":"60040","coordinate":{"lat":43.4306296,"lng":12.9359444}},{"nome":"Gradara","codice":"041020","regione":"marche","provincia":"pesaro e urbino","sigla":"PU","codiceCatastale":"E122","cap":"61012","coordinate":{"lat":43.939084,"lng":12.770985}},{"nome":"Grottammare","codice":"044023","regione":"marche","provincia":"ascoli piceno","sigla":"AP","codiceCatastale":"E207","cap":"63066","coordinate":{"lat":42.9912943,"lng":13.8679583}},{"nome":"Grottazzolina","codice":"109008","regione":"marche","provincia":"fermo","sigla":"FM","codiceCatastale":"E208","cap":"63844","coordinate":{"lat":43.115055,"lng":13.605995}},{"nome":"Gualdo","codice":"043021","regione":"marche","provincia":"macerata","sigla":"MC","codiceCatastale":"E228","cap":"62020","coordinate":{"lat":43.0668888,"lng":13.3442222}},{"nome":"Isola del Piano","codice":"041021","regione":"marche","provincia":"pesaro e urbino","sigla":"PU","codiceCatastale":"E351","cap":"61030","coordinate":{"lat":43.737923,"lng":12.784307}},{"nome":"Jesi","codice":"042021","regione":"marche","provincia":"ancona","sigla":"AN","codiceCatastale":"E388","cap":"60035","coordinate":{"lat":43.5224346,"lng":13.2433861}},{"nome":"Lapedona","codice":"109009","regione":"marche","provincia":"fermo","sigla":"FM","codiceCatastale":"E447","cap":"63823","coordinate":{"lat":43.110127,"lng":13.773357}},{"nome":"Loreto","codice":"042022","regione":"marche","provincia":"ancona","sigla":"AN","codiceCatastale":"E690","cap":"60025","coordinate":{"lat":43.440285,"lng":13.6074415}},{"nome":"Loro Piceno","codice":"043022","regione":"marche","provincia":"macerata","sigla":"MC","codiceCatastale":"E694","cap":"62020","coordinate":{"lat":43.164579,"lng":13.412342}},{"nome":"Lunano","codice":"041022","regione":"marche","provincia":"pesaro e urbino","sigla":"PU","codiceCatastale":"E743","cap":"61026","coordinate":{"lat":43.7306837,"lng":12.4418913}},{"nome":"Macerata","codice":"043023","regione":"marche","provincia":"macerata","sigla":"MC","codiceCatastale":"E783","cap":"62100","coordinate":{"lat":43.3007462,"lng":13.456262}},{"nome":"Macerata Feltria","codice":"041023","regione":"marche","provincia":"pesaro e urbino","sigla":"PU","codiceCatastale":"E785","cap":"61023","coordinate":{"lat":43.8039074,"lng":12.4412592}},{"nome":"Magliano di Tenna","codice":"109010","regione":"marche","provincia":"fermo","sigla":"FM","codiceCatastale":"E807","cap":"63832","coordinate":{"lat":43.1390886,"lng":13.5864594}},{"nome":"Maiolati Spontini","codice":"042023","regione":"marche","provincia":"ancona","sigla":"AN","codiceCatastale":"E837","cap":"60030","coordinate":{"lat":43.4772123,"lng":13.118997}},{"nome":"Maltignano","codice":"044027","regione":"marche","provincia":"ascoli piceno","sigla":"AP","codiceCatastale":"E868","cap":"63085","coordinate":{"lat":42.8327699,"lng":13.688605}},{"nome":"Massa Fermana","codice":"109011","regione":"marche","provincia":"fermo","sigla":"FM","codiceCatastale":"F021","cap":"63834","coordinate":{"lat":43.149074,"lng":13.4743888}},{"nome":"Massignano","codice":"044029","regione":"marche","provincia":"ascoli piceno","sigla":"AP","codiceCatastale":"F044","cap":"63061","coordinate":{"lat":43.051545,"lng":13.795714}},{"nome":"Matelica","codice":"043024","regione":"marche","provincia":"macerata","sigla":"MC","codiceCatastale":"F051","cap":"62024","coordinate":{"lat":43.255,"lng":13.011574}},{"nome":"Mercatello sul Metauro","codice":"041025","regione":"marche","provincia":"pesaro e urbino","sigla":"PU","codiceCatastale":"F135","cap":"61040","coordinate":{"lat":43.647857,"lng":12.337754}},{"nome":"Mercatino Conca","codice":"041026","regione":"marche","provincia":"pesaro e urbino","sigla":"PU","codiceCatastale":"F136","cap":"61013","coordinate":{"lat":43.8712777,"lng":12.4922037}},{"nome":"Mergo","codice":"042024","regione":"marche","provincia":"ancona","sigla":"AN","codiceCatastale":"F145","cap":"60030","coordinate":{"lat":43.4719362,"lng":13.0377639}},{"nome":"Mogliano","codice":"043025","regione":"marche","provincia":"macerata","sigla":"MC","codiceCatastale":"F268","cap":"62010","coordinate":{"lat":43.1839361,"lng":13.4741871}},{"nome":"Mombaroccio","codice":"041027","regione":"marche","provincia":"pesaro e urbino","sigla":"PU","codiceCatastale":"F310","cap":"61024","coordinate":{"lat":43.793997,"lng":12.85474}},{"nome":"Mondavio","codice":"041028","regione":"marche","provincia":"pesaro e urbino","sigla":"PU","codiceCatastale":"F347","cap":"61040","coordinate":{"lat":43.6738995,"lng":12.9697052}},{"nome":"Mondolfo","codice":"041029","regione":"marche","provincia":"pesaro e urbino","sigla":"PU","codiceCatastale":"F348","cap":"61037","coordinate":{"lat":43.7503148,"lng":13.0989259}},{"nome":"Monsampietro Morico","codice":"109012","regione":"marche","provincia":"fermo","sigla":"FM","codiceCatastale":"F379","cap":"63842","coordinate":{"lat":43.0677757,"lng":13.5559174}},{"nome":"Monsampolo del Tronto","codice":"044031","regione":"marche","provincia":"ascoli piceno","sigla":"AP","codiceCatastale":"F380","cap":"63077","coordinate":{"lat":42.8957467,"lng":13.7965415}},{"nome":"Monsano","codice":"042025","regione":"marche","provincia":"ancona","sigla":"AN","codiceCatastale":"F381","cap":"60030","coordinate":{"lat":43.5636111,"lng":13.2511111}},{"nome":"Montalto delle Marche","codice":"044032","regione":"marche","provincia":"ascoli piceno","sigla":"AP","codiceCatastale":"F415","cap":"63068","coordinate":{"lat":42.9909629,"lng":13.6101666}},{"nome":"Montappone","codice":"109013","regione":"marche","provincia":"fermo","sigla":"FM","codiceCatastale":"F428","cap":"63835","coordinate":{"lat":43.1375185,"lng":13.4695555}},{"nome":"Monte Cavallo","codice":"043027","regione":"marche","provincia":"macerata","sigla":"MC","codiceCatastale":"F460","cap":"62036","coordinate":{"lat":42.9945546,"lng":13.0007771}},{"nome":"Monte Cerignone","codice":"041031","regione":"marche","provincia":"pesaro e urbino","sigla":"PU","codiceCatastale":"F467","cap":"61010","coordinate":{"lat":43.8414074,"lng":12.4157962}},{"nome":"Monte Giberto","codice":"109016","regione":"marche","provincia":"fermo","sigla":"FM","codiceCatastale":"F517","cap":"63846","coordinate":{"lat":43.0918097,"lng":13.6318104}},{"nome":"Monte Grimano Terme","codice":"041035","regione":"marche","provincia":"pesaro e urbino","sigla":"PU","codiceCatastale":"F524","cap":"61010","coordinate":{"lat":43.8680192,"lng":12.4729988}},{"nome":"Monte Porzio","codice":"041038","regione":"marche","provincia":"pesaro e urbino","sigla":"PU","codiceCatastale":"F589","cap":"61040","coordinate":{"lat":43.691083,"lng":13.0458079}},{"nome":"Monte Rinaldo","codice":"109021","regione":"marche","provincia":"fermo","sigla":"FM","codiceCatastale":"F599","cap":"63852","coordinate":{"lat":43.0285652,"lng":13.5828931}},{"nome":"Monte Roberto","codice":"042029","regione":"marche","provincia":"ancona","sigla":"AN","codiceCatastale":"F600","cap":"60030","coordinate":{"lat":43.481574,"lng":13.1389074}},{"nome":"Monte San Giusto","codice":"043031","regione":"marche","provincia":"macerata","sigla":"MC","codiceCatastale":"F621","cap":"62015","coordinate":{"lat":43.234574,"lng":13.596259}},{"nome":"Monte San Martino","codice":"043032","regione":"marche","provincia":"macerata","sigla":"MC","codiceCatastale":"F622","cap":"62020","coordinate":{"lat":43.0330066,"lng":13.4402199}},{"nome":"Monte San Pietrangeli","codice":"109023","regione":"marche","provincia":"fermo","sigla":"FM","codiceCatastale":"F626","cap":"63815","coordinate":{"lat":43.1903148,"lng":13.5764259}},{"nome":"Monte San Vito","codice":"042030","regione":"marche","provincia":"ancona","sigla":"AN","codiceCatastale":"F634","cap":"60037","coordinate":{"lat":43.601574,"lng":13.2692407}},{"nome":"Monte Urano","codice":"109024","regione":"marche","provincia":"fermo","sigla":"FM","codiceCatastale":"F653","cap":"63813","coordinate":{"lat":43.2037777,"lng":13.6739259}},{"nome":"Monte Vidon Combatte","codice":"109025","regione":"marche","provincia":"fermo","sigla":"FM","codiceCatastale":"F664","cap":"63847","coordinate":{"lat":43.0500185,"lng":13.6322037}},{"nome":"Monte Vidon Corrado","codice":"109026","regione":"marche","provincia":"fermo","sigla":"FM","codiceCatastale":"F665","cap":"63836","coordinate":{"lat":43.120679,"lng":13.488012}},{"nome":"Montecalvo in Foglia","codice":"041030","regione":"marche","provincia":"pesaro e urbino","sigla":"PU","codiceCatastale":"F450","cap":"61020","coordinate":{"lat":43.803323,"lng":12.617254}},{"nome":"Montecarotto","codice":"042026","regione":"marche","provincia":"ancona","sigla":"AN","codiceCatastale":"F453","cap":"60036","coordinate":{"lat":43.527432,"lng":13.061348}},{"nome":"Montecassiano","codice":"043026","regione":"marche","provincia":"macerata","sigla":"MC","codiceCatastale":"F454","cap":"62010","coordinate":{"lat":43.364646,"lng":13.438488}},{"nome":"Monteciccardo","codice":"041032","regione":"marche","provincia":"pesaro e urbino","sigla":"PU","codiceCatastale":"F474","cap":"61024","coordinate":{"lat":43.818853,"lng":12.8054659}},{"nome":"Montecopiolo","codice":"041033","regione":"marche","provincia":"pesaro e urbino","sigla":"PU","codiceCatastale":"F478","cap":"61014","coordinate":{"lat":43.8423518,"lng":12.3609444}},{"nome":"Montecosaro","codice":"043028","regione":"marche","provincia":"macerata","sigla":"MC","codiceCatastale":"F482","cap":"62010","coordinate":{"lat":43.315711,"lng":13.640663}},{"nome":"Montedinove","codice":"044034","regione":"marche","provincia":"ascoli piceno","sigla":"AP","codiceCatastale":"F487","cap":"63069","coordinate":{"lat":42.9718037,"lng":13.5890004}},{"nome":"Montefalcone Appennino","codice":"109014","regione":"marche","provincia":"fermo","sigla":"FM","codiceCatastale":"F493","cap":"63855","coordinate":{"lat":42.9915198,"lng":13.4581589}},{"nome":"Montefano","codice":"043029","regione":"marche","provincia":"macerata","sigla":"MC","codiceCatastale":"F496","cap":"62010","coordinate":{"lat":43.4122037,"lng":13.4393888}},{"nome":"Montefelcino","codice":"041034","regione":"marche","provincia":"pesaro e urbino","sigla":"PU","codiceCatastale":"F497","cap":"61030","coordinate":{"lat":43.7355178,"lng":12.8345537}},{"nome":"Montefiore dell'Aso","codice":"044036","regione":"marche","provincia":"ascoli piceno","sigla":"AP","codiceCatastale":"F501","cap":"63062","coordinate":{"lat":43.04992,"lng":13.750215}},{"nome":"Montefortino","codice":"109015","regione":"marche","provincia":"fermo","sigla":"FM","codiceCatastale":"F509","cap":"63858","coordinate":{"lat":42.9430327,"lng":13.3413969}},{"nome":"Montegallo","codice":"044038","regione":"marche","provincia":"ascoli piceno","sigla":"AP","codiceCatastale":"F516","cap":"63094","coordinate":{"lat":42.8422071,"lng":13.3327843}},{"nome":"Montegiorgio","codice":"109017","regione":"marche","provincia":"fermo","sigla":"FM","codiceCatastale":"F520","cap":"63833","coordinate":{"lat":43.1332222,"lng":13.5376143}},{"nome":"Montegranaro","codice":"109018","regione":"marche","provincia":"fermo","sigla":"FM","codiceCatastale":"F522","cap":"63812","coordinate":{"lat":43.231166,"lng":13.629859}},{"nome":"Montelabbate","codice":"041036","regione":"marche","provincia":"pesaro e urbino","sigla":"PU","codiceCatastale":"F533","cap":"61025","coordinate":{"lat":43.8498578,"lng":12.7889134}},{"nome":"Monteleone di Fermo","codice":"109019","regione":"marche","provincia":"fermo","sigla":"FM","codiceCatastale":"F536","cap":"63841","coordinate":{"lat":43.0489259,"lng":13.5304814}},{"nome":"Montelparo","codice":"109020","regione":"marche","provincia":"fermo","sigla":"FM","codiceCatastale":"F549","cap":"63853","coordinate":{"lat":43.0186111,"lng":13.5379814}},{"nome":"Montelupone","codice":"043030","regione":"marche","provincia":"macerata","sigla":"MC","codiceCatastale":"F552","cap":"62010","coordinate":{"lat":43.3431104,"lng":13.5699307}},{"nome":"Montemarciano","codice":"042027","regione":"marche","provincia":"ancona","sigla":"AN","codiceCatastale":"F560","cap":"60018","coordinate":{"lat":43.6398518,"lng":13.3084444}},{"nome":"Montemonaco","codice":"044044","regione":"marche","provincia":"ascoli piceno","sigla":"AP","codiceCatastale":"F570","cap":"63088","coordinate":{"lat":42.8993888,"lng":13.3339259}},{"nome":"Monteprandone","codice":"044045","regione":"marche","provincia":"ascoli piceno","sigla":"AP","codiceCatastale":"F591","cap":"63076","coordinate":{"lat":42.9203814,"lng":13.8380793}},{"nome":"Monterubbiano","codice":"109022","regione":"marche","provincia":"fermo","sigla":"FM","codiceCatastale":"F614","cap":"63825","coordinate":{"lat":43.0846212,"lng":13.7197522}},{"nome":"Montottone","codice":"109027","regione":"marche","provincia":"fermo","sigla":"FM","codiceCatastale":"F697","cap":"63843","coordinate":{"lat":43.0623264,"lng":13.5883014}},{"nome":"Moresco","codice":"109028","regione":"marche","provincia":"fermo","sigla":"FM","codiceCatastale":"F722","cap":"63826","coordinate":{"lat":43.085464,"lng":13.730489}},{"nome":"Morro d'Alba","codice":"042031","regione":"marche","provincia":"ancona","sigla":"AN","codiceCatastale":"F745","cap":"60030","coordinate":{"lat":43.6021069,"lng":13.2137309}},{"nome":"Morrovalle","codice":"043033","regione":"marche","provincia":"macerata","sigla":"MC","codiceCatastale":"F749","cap":"62010","coordinate":{"lat":43.3175185,"lng":13.5895555}},{"nome":"Muccia","codice":"043034","regione":"marche","provincia":"macerata","sigla":"MC","codiceCatastale":"F793","cap":"62034","coordinate":{"lat":43.0823703,"lng":13.0447037}},{"nome":"Numana","codice":"042032","regione":"marche","provincia":"ancona","sigla":"AN","codiceCatastale":"F978","cap":"60026","coordinate":{"lat":43.5112693,"lng":13.6214116}},{"nome":"Offagna","codice":"042033","regione":"marche","provincia":"ancona","sigla":"AN","codiceCatastale":"G003","cap":"60020","coordinate":{"lat":43.5278207,"lng":13.4417447}},{"nome":"Offida","codice":"044054","regione":"marche","provincia":"ascoli piceno","sigla":"AP","codiceCatastale":"G005","cap":"63073","coordinate":{"lat":42.9367222,"lng":13.7014259}},{"nome":"Ortezzano","codice":"109029","regione":"marche","provincia":"fermo","sigla":"FM","codiceCatastale":"G137","cap":"63851","coordinate":{"lat":43.0311111,"lng":13.6070555}},{"nome":"Osimo","codice":"042034","regione":"marche","provincia":"ancona","sigla":"AN","codiceCatastale":"G157","cap":"60027","coordinate":{"lat":43.4860925,"lng":13.4824073}},{"nome":"Ostra","codice":"042035","regione":"marche","provincia":"ancona","sigla":"AN","codiceCatastale":"F401","cap":"60010","coordinate":{"lat":43.6148518,"lng":13.1592407}},{"nome":"Ostra Vetere","codice":"042036","regione":"marche","provincia":"ancona","sigla":"AN","codiceCatastale":"F581","cap":"60010","coordinate":{"lat":43.6053674,"lng":13.0609618}},{"nome":"Palmiano","codice":"044056","regione":"marche","provincia":"ascoli piceno","sigla":"AP","codiceCatastale":"G289","cap":"63092","coordinate":{"lat":42.9005634,"lng":13.459003}},{"nome":"Pedaso","codice":"109030","regione":"marche","provincia":"fermo","sigla":"FM","codiceCatastale":"G403","cap":"63827","coordinate":{"lat":43.1001666,"lng":13.8417222}},{"nome":"Peglio","codice":"041041","regione":"marche","provincia":"pesaro e urbino","sigla":"PU","codiceCatastale":"G416","cap":"61049","coordinate":{"lat":43.6960078,"lng":12.4978281}},{"nome":"Peglio","codice":"041041","regione":"marche","provincia":"pesaro e urbino","sigla":"PU","codiceCatastale":"G416","cap":"61049","coordinate":{"lat":43.6960078,"lng":12.4978281}},{"nome":"Penna San Giovanni","codice":"043035","regione":"marche","provincia":"macerata","sigla":"MC","codiceCatastale":"G436","cap":"62020","coordinate":{"lat":43.0573993,"lng":13.4271336}},{"nome":"Pergola","codice":"041043","regione":"marche","provincia":"pesaro e urbino","sigla":"PU","codiceCatastale":"G453","cap":"61045","coordinate":{"lat":43.5575147,"lng":12.8363523}},{"nome":"Pesaro","codice":"041044","regione":"marche","provincia":"pesaro e urbino","sigla":"PU","codiceCatastale":"G479","cap":"61121","coordinate":{"lat":43.912069,"lng":12.915744}},{"nome":"Petriano","codice":"041045","regione":"marche","provincia":"pesaro e urbino","sigla":"PU","codiceCatastale":"G514","cap":"61020","coordinate":{"lat":43.779354,"lng":12.732552}},{"nome":"Petriolo","codice":"043036","regione":"marche","provincia":"macerata","sigla":"MC","codiceCatastale":"G515","cap":"62014","coordinate":{"lat":43.2223518,"lng":13.4654814}},{"nome":"Petritoli","codice":"109031","regione":"marche","provincia":"fermo","sigla":"FM","codiceCatastale":"G516","cap":"63848","coordinate":{"lat":43.067474,"lng":13.656734}},{"nome":"Piandimeleto","codice":"041047","regione":"marche","provincia":"pesaro e urbino","sigla":"PU","codiceCatastale":"G551","cap":"61026","coordinate":{"lat":43.7251666,"lng":12.412037}},{"nome":"Pietrarubbia","codice":"041048","regione":"marche","provincia":"pesaro e urbino","sigla":"PU","codiceCatastale":"G627","cap":"61023","coordinate":{"lat":43.8057962,"lng":12.3778148}},{"nome":"Pieve Torina","codice":"043038","regione":"marche","provincia":"macerata","sigla":"MC","codiceCatastale":"G657","cap":"62036","coordinate":{"lat":43.0431296,"lng":13.0468888}},{"nome":"Piobbico","codice":"041049","regione":"marche","provincia":"pesaro e urbino","sigla":"PU","codiceCatastale":"G682","cap":"61046","coordinate":{"lat":43.5887592,"lng":12.5112777}},{"nome":"Pioraco","codice":"043039","regione":"marche","provincia":"macerata","sigla":"MC","codiceCatastale":"G690","cap":"62025","coordinate":{"lat":43.18,"lng":12.9867407}},{"nome":"Poggio San Marcello","codice":"042037","regione":"marche","provincia":"ancona","sigla":"AN","codiceCatastale":"G771","cap":"60030","coordinate":{"lat":43.5110403,"lng":13.0752048}},{"nome":"Poggio San Vicino","codice":"043040","regione":"marche","provincia":"macerata","sigla":"MC","codiceCatastale":"D566","cap":"62021","coordinate":{"lat":43.3763397,"lng":13.0788451}},{"nome":"Pollenza","codice":"043041","regione":"marche","provincia":"macerata","sigla":"MC","codiceCatastale":"F567","cap":"62010","coordinate":{"lat":43.2670555,"lng":13.3489259}},{"nome":"Polverigi","codice":"042038","regione":"marche","provincia":"ancona","sigla":"AN","codiceCatastale":"G803","cap":"60020","coordinate":{"lat":43.5262091,"lng":13.3928764}},{"nome":"Ponzano di Fermo","codice":"109032","regione":"marche","provincia":"fermo","sigla":"FM","codiceCatastale":"G873","cap":"63845","coordinate":{"lat":43.103009,"lng":13.6588678}},{"nome":"Porto Recanati","codice":"043042","regione":"marche","provincia":"macerata","sigla":"MC","codiceCatastale":"G919","cap":"62017","coordinate":{"lat":43.4375185,"lng":13.6623703}},{"nome":"Porto San Giorgio","codice":"109033","regione":"marche","provincia":"fermo","sigla":"FM","codiceCatastale":"G920","cap":"63822","coordinate":{"lat":43.1837777,"lng":13.7943888}},{"nome":"Porto Sant'Elpidio","codice":"109034","regione":"marche","provincia":"fermo","sigla":"FM","codiceCatastale":"G921","cap":"63821","coordinate":{"lat":43.2592237,"lng":13.759217}},{"nome":"Potenza Picena","codice":"043043","regione":"marche","provincia":"macerata","sigla":"MC","codiceCatastale":"F632","cap":"62018","coordinate":{"lat":43.367727,"lng":13.622935}},{"nome":"Rapagnano","codice":"109035","regione":"marche","provincia":"fermo","sigla":"FM","codiceCatastale":"H182","cap":"63831","coordinate":{"lat":43.160316,"lng":13.589325}},{"nome":"Recanati","codice":"043044","regione":"marche","provincia":"macerata","sigla":"MC","codiceCatastale":"H211","cap":"62019","coordinate":{"lat":43.4034093,"lng":13.5622869}},{"nome":"Ripatransone","codice":"044063","regione":"marche","provincia":"ascoli piceno","sigla":"AP","codiceCatastale":"H321","cap":"63065","coordinate":{"lat":42.9965819,"lng":13.761082}},{"nome":"Ripe San Ginesio","codice":"043045","regione":"marche","provincia":"macerata","sigla":"MC","codiceCatastale":"H323","cap":"62020","coordinate":{"lat":43.1437592,"lng":13.3686111}},{"nome":"Roccafluvione","codice":"044064","regione":"marche","provincia":"ascoli piceno","sigla":"AP","codiceCatastale":"H390","cap":"63093","coordinate":{"lat":42.859438,"lng":13.47639}},{"nome":"Rosora","codice":"042040","regione":"marche","provincia":"ancona","sigla":"AN","codiceCatastale":"H575","cap":"60030","coordinate":{"lat":43.4824979,"lng":13.0681312}},{"nome":"Rotella","codice":"044065","regione":"marche","provincia":"ascoli piceno","sigla":"AP","codiceCatastale":"H588","cap":"63071","coordinate":{"lat":42.9543256,"lng":13.5600511}},{"nome":"San Benedetto del Tronto","codice":"044066","regione":"marche","provincia":"ascoli piceno","sigla":"AP","codiceCatastale":"H769","cap":"63074","coordinate":{"lat":42.949505,"lng":13.878117}},{"nome":"San Costanzo","codice":"041051","regione":"marche","provincia":"pesaro e urbino","sigla":"PU","codiceCatastale":"H809","cap":"61039","coordinate":{"lat":43.7665316,"lng":13.0730065}},{"nome":"San Ginesio","codice":"043046","regione":"marche","provincia":"macerata","sigla":"MC","codiceCatastale":"H876","cap":"62026","coordinate":{"lat":43.1076666,"lng":13.3264074}},{"nome":"San Lorenzo in Campo","codice":"041054","regione":"marche","provincia":"pesaro e urbino","sigla":"PU","codiceCatastale":"H958","cap":"61047","coordinate":{"lat":43.6048518,"lng":12.9467222}},{"nome":"San Marcello","codice":"042041","regione":"marche","provincia":"ancona","sigla":"AN","codiceCatastale":"H979","cap":"60030","coordinate":{"lat":43.575577,"lng":13.203459}},{"nome":"San Paolo di Jesi","codice":"042042","regione":"marche","provincia":"ancona","sigla":"AN","codiceCatastale":"I071","cap":"60038","coordinate":{"lat":43.4556481,"lng":13.1737592}},{"nome":"San Severino Marche","codice":"043047","regione":"marche","provincia":"macerata","sigla":"MC","codiceCatastale":"I156","cap":"62027","coordinate":{"lat":43.2292407,"lng":13.1812777}},{"nome":"Sant'Angelo in Pontano","codice":"043048","regione":"marche","provincia":"macerata","sigla":"MC","codiceCatastale":"I286","cap":"62020","coordinate":{"lat":43.099537,"lng":13.3976666}},{"nome":"Sant'Angelo in Vado","codice":"041057","regione":"marche","provincia":"pesaro e urbino","sigla":"PU","codiceCatastale":"I287","cap":"61048","coordinate":{"lat":43.6663923,"lng":12.4161672}},{"nome":"Sant'Elpidio a Mare","codice":"109037","regione":"marche","provincia":"fermo","sigla":"FM","codiceCatastale":"I324","cap":"63811","coordinate":{"lat":43.2309629,"lng":13.687037}},{"nome":"Sant'Ippolito","codice":"041058","regione":"marche","provincia":"pesaro e urbino","sigla":"PU","codiceCatastale":"I344","cap":"61040","coordinate":{"lat":43.6876666,"lng":12.872037}},{"nome":"Santa Maria Nuova","codice":"042043","regione":"marche","provincia":"ancona","sigla":"AN","codiceCatastale":"I251","cap":"60030","coordinate":{"lat":43.4956196,"lng":13.3135893}},{"nome":"Santa Vittoria in Matenano","codice":"109036","regione":"marche","provincia":"fermo","sigla":"FM","codiceCatastale":"I315","cap":"63854","coordinate":{"lat":43.0188503,"lng":13.4967608}},{"nome":"Sarnano","codice":"043049","regione":"marche","provincia":"macerata","sigla":"MC","codiceCatastale":"I436","cap":"62028","coordinate":{"lat":43.0357962,"lng":13.2992407}},{"nome":"Sassofeltrio","codice":"041060","regione":"marche","provincia":"pesaro e urbino","sigla":"PU","codiceCatastale":"I460","cap":"61013","coordinate":{"lat":43.8914154,"lng":12.5090138}},{"nome":"Sassoferrato","codice":"042044","regione":"marche","provincia":"ancona","sigla":"AN","codiceCatastale":"I461","cap":"60041","coordinate":{"lat":43.4322369,"lng":12.8589703}},{"nome":"Sefro","codice":"043050","regione":"marche","provincia":"macerata","sigla":"MC","codiceCatastale":"I569","cap":"62025","coordinate":{"lat":43.1475,"lng":12.9495555}},{"nome":"Senigallia","codice":"042045","regione":"marche","provincia":"ancona","sigla":"AN","codiceCatastale":"I608","cap":"60019","coordinate":{"lat":43.7150141,"lng":13.218024}},{"nome":"Serra de' Conti","codice":"042046","regione":"marche","provincia":"ancona","sigla":"AN","codiceCatastale":"I643","cap":"60030","coordinate":{"lat":43.5429814,"lng":13.0367407}},{"nome":"Serra San Quirico","codice":"042047","regione":"marche","provincia":"ancona","sigla":"AN","codiceCatastale":"I653","cap":"60048","coordinate":{"lat":43.4452507,"lng":13.0228474}},{"nome":"Serra Sant'Abbondio","codice":"041061","regione":"marche","provincia":"pesaro e urbino","sigla":"PU","codiceCatastale":"I654","cap":"61040","coordinate":{"lat":43.4922098,"lng":12.7740616}},{"nome":"Serrapetrona","codice":"043051","regione":"marche","provincia":"macerata","sigla":"MC","codiceCatastale":"I651","cap":"62020","coordinate":{"lat":43.177037,"lng":13.1904814}},{"nome":"Serravalle di Chienti","codice":"043052","regione":"marche","provincia":"macerata","sigla":"MC","codiceCatastale":"I661","cap":"62038","coordinate":{"lat":43.0757587,"lng":12.9572917}},{"nome":"Servigliano","codice":"109038","regione":"marche","provincia":"fermo","sigla":"FM","codiceCatastale":"C070","cap":"63839","coordinate":{"lat":43.081574,"lng":13.4931481}},{"nome":"Sirolo","codice":"042048","regione":"marche","provincia":"ancona","sigla":"AN","codiceCatastale":"I758","cap":"60020","coordinate":{"lat":43.523145,"lng":13.618904}},{"nome":"Smerillo","codice":"109039","regione":"marche","provincia":"fermo","sigla":"FM","codiceCatastale":"I774","cap":"63856","coordinate":{"lat":43.0048726,"lng":13.4454675}},{"nome":"Spinetoli","codice":"044071","regione":"marche","provincia":"ascoli piceno","sigla":"AP","codiceCatastale":"I912","cap":"63078","coordinate":{"lat":42.8892219,"lng":13.773078}},{"nome":"Staffolo","codice":"042049","regione":"marche","provincia":"ancona","sigla":"AN","codiceCatastale":"I932","cap":"60039","coordinate":{"lat":43.4353506,"lng":13.1814253}},{"nome":"Tavoleto","codice":"041064","regione":"marche","provincia":"pesaro e urbino","sigla":"PU","codiceCatastale":"L078","cap":"61020","coordinate":{"lat":43.8455418,"lng":12.5919636}},{"nome":"Tavullia","codice":"041065","regione":"marche","provincia":"pesaro e urbino","sigla":"PU","codiceCatastale":"L081","cap":"61010","coordinate":{"lat":43.898221,"lng":12.754103}},{"nome":"Tolentino","codice":"043053","regione":"marche","provincia":"macerata","sigla":"MC","codiceCatastale":"L191","cap":"62029","coordinate":{"lat":43.2136111,"lng":13.2911111}},{"nome":"Torre San Patrizio","codice":"109040","regione":"marche","provincia":"fermo","sigla":"FM","codiceCatastale":"L279","cap":"63814","coordinate":{"lat":43.18611,"lng":13.608368}},{"nome":"Treia","codice":"043054","regione":"marche","provincia":"macerata","sigla":"MC","codiceCatastale":"L366","cap":"62010","coordinate":{"lat":43.311574,"lng":13.3125185}},{"nome":"Urbania","codice":"041066","regione":"marche","provincia":"pesaro e urbino","sigla":"PU","codiceCatastale":"L498","cap":"61049","coordinate":{"lat":43.6706296,"lng":12.5211111}},{"nome":"Urbino","codice":"041067","regione":"marche","provincia":"pesaro e urbino","sigla":"PU","codiceCatastale":"L500","cap":"61029","coordinate":{"lat":43.7274865,"lng":12.6362318}},{"nome":"Urbisaglia","codice":"043055","regione":"marche","provincia":"macerata","sigla":"MC","codiceCatastale":"L501","cap":"62010","coordinate":{"lat":43.1923518,"lng":13.3739074}},{"nome":"Ussita","codice":"043056","regione":"marche","provincia":"macerata","sigla":"MC","codiceCatastale":"L517","cap":"62039","coordinate":{"lat":42.9447694,"lng":13.1367219}},{"nome":"Venarotta","codice":"044073","regione":"marche","provincia":"ascoli piceno","sigla":"AP","codiceCatastale":"L728","cap":"63091","coordinate":{"lat":42.881791,"lng":13.49263}},{"nome":"Visso","codice":"043057","regione":"marche","provincia":"macerata","sigla":"MC","codiceCatastale":"M078","cap":"62039","coordinate":{"lat":42.9303333,"lng":13.0884629}},{"nome":"Colli al Metauro","codice":"041069","regione":"marche","provincia":"pesaro e urbino","sigla":"PU","codiceCatastale":"M380","cap":"61036","coordinate":{"lat":"43.7546","lng":"12.8982"}},{"nome":"Terre Roveresche","codice":"041070","regione":"marche","provincia":"pesaro e urbino","sigla":"PU","codiceCatastale":"M379","cap":"61038","coordinate":{"lat":"43.6876","lng":"12.9641"}},{"nome":"Trecastelli","codice":"042050","regione":"marche","provincia":"ancona","sigla":"AN","codiceCatastale":"M318","cap":"60012","coordinate":{"lat":"43.6718","lng":"13.1064"}},{"nome":"Valfornace","codice":"043058","regione":"marche","provincia":"macerata","sigla":"MC","codiceCatastale":"M382","cap":"62031","coordinate":{"lat":"43.0649","lng":"13.0839"}},{"nome":"Vallefoglia","codice":"041068","regione":"marche","provincia":"pesaro e urbino","sigla":"PU","codiceCatastale":"M331","cap":"61022","coordinate":{"lat":"43.8264","lng":"12.8013"}},{"nome":"Sassocorvaro Auditore","codice":"041071","regione":"marche","provincia":"pesaro e urbino","sigla":"PU","codiceCatastale":"M413","cap":"61028","coordinate":{"lat":"43.78094127","lng":"12.49531808"}}]