[{"nome":"Accadia","codice":"071001","regione":"puglia","provincia":"foggia","sigla":"FG","codiceCatastale":"A015","cap":"71021","coordinate":{"x":41.1595062,"y":15.329638}},{"nome":"Acquaviva delle Fonti","codice":"072001","regione":"puglia","provincia":"bari","sigla":"BA","codiceCatastale":"A048","cap":"70021","coordinate":{"x":40.8989259,"y":16.8434629}},{"nome":"Adelfia","codice":"072002","regione":"puglia","provincia":"bari","sigla":"BA","codiceCatastale":"A055","cap":"70010","coordinate":{"x":41.003656,"y":16.870685}},{"nome":"Alberobello","codice":"072003","regione":"puglia","provincia":"bari","sigla":"BA","codiceCatastale":"A149","cap":"70011","coordinate":{"x":40.786222,"y":17.2376025}},{"nome":"Alberona","codice":"071002","regione":"puglia","provincia":"foggia","sigla":"FG","codiceCatastale":"A150","cap":"71031","coordinate":{"x":41.4337592,"y":15.1239074}},{"nome":"Alessano","codice":"075002","regione":"puglia","provincia":"lecce","sigla":"LE","codiceCatastale":"A184","cap":"73031","coordinate":{"x":39.8896964,"y":18.331895}},{"nome":"Alezio","codice":"075003","regione":"puglia","provincia":"lecce","sigla":"LE","codiceCatastale":"A185","cap":"73011","coordinate":{"x":40.0623518,"y":18.059074}},{"nome":"Alliste","codice":"075004","regione":"puglia","provincia":"lecce","sigla":"LE","codiceCatastale":"A208","cap":"73040","coordinate":{"x":39.949698,"y":18.0897053}},{"nome":"Altamura","codice":"072004","regione":"puglia","provincia":"bari","sigla":"BA","codiceCatastale":"A225","cap":"70022","coordinate":{"x":40.830257,"y":16.5545229}},{"nome":"Andrano","codice":"075005","regione":"puglia","provincia":"lecce","sigla":"LE","codiceCatastale":"A281","cap":"73032","coordinate":{"x":39.9842222,"y":18.3834629}},{"nome":"Andria","codice":"110001","regione":"puglia","provincia":"barletta-andria-trani","sigla":"BT","codiceCatastale":"A285","cap":"76123","coordinate":{"x":41.2316878,"y":16.29173}},{"nome":"Anzano di Puglia","codice":"071003","regione":"puglia","provincia":"foggia","sigla":"FG","codiceCatastale":"A320","cap":"71020","coordinate":{"x":41.1236762,"y":15.2846954}},{"nome":"Apricena","codice":"071004","regione":"puglia","provincia":"foggia","sigla":"FG","codiceCatastale":"A339","cap":"71011","coordinate":{"x":41.7850185,"y":15.4447037}},{"nome":"Aradeo","codice":"075006","regione":"puglia","provincia":"lecce","sigla":"LE","codiceCatastale":"A350","cap":"73040","coordinate":{"x":40.130886,"y":18.1318289}},{"nome":"Arnesano","codice":"075007","regione":"puglia","provincia":"lecce","sigla":"LE","codiceCatastale":"A425","cap":"73010","coordinate":{"x":40.3381296,"y":18.0917222}},{"nome":"Ascoli Satriano","codice":"071005","regione":"puglia","provincia":"foggia","sigla":"FG","codiceCatastale":"A463","cap":"71022","coordinate":{"x":41.2071531,"y":15.5624849}},{"nome":"Avetrana","codice":"073001","regione":"puglia","provincia":"taranto","sigla":"TA","codiceCatastale":"A514","cap":"74020","coordinate":{"x":40.34942,"y":17.727739}},{"nome":"Bagnolo del Salento","codice":"075008","regione":"puglia","provincia":"lecce","sigla":"LE","codiceCatastale":"A572","cap":"73020","coordinate":{"x":40.1517407,"y":18.3534444}},{"nome":"Bari","codice":"072006","regione":"puglia","provincia":"bari","sigla":"BA","codiceCatastale":"A662","cap":"70121","coordinate":{"x":41.1260529,"y":16.8692905}},{"nome":"Barletta","codice":"110002","regione":"puglia","provincia":"barletta-andria-trani","sigla":"BT","codiceCatastale":"A669","cap":"76121","coordinate":{"x":41.319277,"y":16.28399}},{"nome":"Biccari","codice":"071006","regione":"puglia","provincia":"foggia","sigla":"FG","codiceCatastale":"A854","cap":"71032","coordinate":{"x":41.3972044,"y":15.1953094}},{"nome":"Binetto","codice":"072008","regione":"puglia","provincia":"bari","sigla":"BA","codiceCatastale":"A874","cap":"70020","coordinate":{"x":41.0245555,"y":16.7107962}},{"nome":"Bisceglie","codice":"110003","regione":"puglia","provincia":"barletta-andria-trani","sigla":"BT","codiceCatastale":"A883","cap":"76011","coordinate":{"x":41.2412953,"y":16.5018784}},{"nome":"Bitetto","codice":"072010","regione":"puglia","provincia":"bari","sigla":"BA","codiceCatastale":"A892","cap":"70020","coordinate":{"x":41.0397037,"y":16.7478333}},{"nome":"Bitonto","codice":"072011","regione":"puglia","provincia":"bari","sigla":"BA","codiceCatastale":"A893","cap":"70032","coordinate":{"x":41.1084412,"y":16.6914285}},{"nome":"Bitritto","codice":"072012","regione":"puglia","provincia":"bari","sigla":"BA","codiceCatastale":"A894","cap":"70020","coordinate":{"x":41.0456481,"y":16.8261111}},{"nome":"Botrugno","codice":"075009","regione":"puglia","provincia":"lecce","sigla":"LE","codiceCatastale":"B086","cap":"73020","coordinate":{"x":40.0658015,"y":18.3253347}},{"nome":"Bovino","codice":"071007","regione":"puglia","provincia":"foggia","sigla":"FG","codiceCatastale":"B104","cap":"71023","coordinate":{"x":41.2509444,"y":15.3422037}},{"nome":"Brindisi","codice":"074001","regione":"puglia","provincia":"brindisi","sigla":"BR","codiceCatastale":"B180","cap":"72100","coordinate":{"x":40.6361753,"y":17.9389909}},{"nome":"Cagnano Varano","codice":"071008","regione":"puglia","provincia":"foggia","sigla":"FG","codiceCatastale":"B357","cap":"71010","coordinate":{"x":41.8301676,"y":15.7718901}},{"nome":"Calimera","codice":"075010","regione":"puglia","provincia":"lecce","sigla":"LE","codiceCatastale":"B413","cap":"73021","coordinate":{"x":40.2514259,"y":18.2787592}},{"nome":"Campi Salentina","codice":"075011","regione":"puglia","provincia":"lecce","sigla":"LE","codiceCatastale":"B506","cap":"73012","coordinate":{"x":40.4001666,"y":18.019074}},{"nome":"Candela","codice":"071009","regione":"puglia","provincia":"foggia","sigla":"FG","codiceCatastale":"B584","cap":"71024","coordinate":{"x":41.1357799,"y":15.514668}},{"nome":"Cannole","codice":"075012","regione":"puglia","provincia":"lecce","sigla":"LE","codiceCatastale":"B616","cap":"73020","coordinate":{"x":40.1673703,"y":18.3668888}},{"nome":"Canosa di Puglia","codice":"110004","regione":"puglia","provincia":"barletta-andria-trani","sigla":"BT","codiceCatastale":"B619","cap":"76012","coordinate":{"x":41.2224976,"y":16.0660255}},{"nome":"Caprarica di Lecce","codice":"075013","regione":"puglia","provincia":"lecce","sigla":"LE","codiceCatastale":"B690","cap":"73010","coordinate":{"x":40.261009,"y":18.245515}},{"nome":"Capurso","codice":"072014","regione":"puglia","provincia":"bari","sigla":"BA","codiceCatastale":"B716","cap":"70010","coordinate":{"x":41.0479814,"y":16.9225185}},{"nome":"Carapelle","codice":"071010","regione":"puglia","provincia":"foggia","sigla":"FG","codiceCatastale":"B724","cap":"71041","coordinate":{"x":41.3662592,"y":15.6947037}},{"nome":"Carlantino","codice":"071011","regione":"puglia","provincia":"foggia","sigla":"FG","codiceCatastale":"B784","cap":"71030","coordinate":{"x":41.5910684,"y":14.980787}},{"nome":"Carmiano","codice":"075014","regione":"puglia","provincia":"lecce","sigla":"LE","codiceCatastale":"B792","cap":"73041","coordinate":{"x":40.3459629,"y":18.0439259}},{"nome":"Carosino","codice":"073002","regione":"puglia","provincia":"taranto","sigla":"TA","codiceCatastale":"B808","cap":"74021","coordinate":{"x":40.4668888,"y":17.3984444}},{"nome":"Carovigno","codice":"074002","regione":"puglia","provincia":"brindisi","sigla":"BR","codiceCatastale":"B809","cap":"72012","coordinate":{"x":40.709074,"y":17.6559629}},{"nome":"Carpignano Salentino","codice":"075015","regione":"puglia","provincia":"lecce","sigla":"LE","codiceCatastale":"B822","cap":"73020","coordinate":{"x":40.1979814,"y":18.3392407}},{"nome":"Carpino","codice":"071012","regione":"puglia","provincia":"foggia","sigla":"FG","codiceCatastale":"B829","cap":"71010","coordinate":{"x":41.843122,"y":15.857856}},{"nome":"Casalnuovo Monterotaro","codice":"071013","regione":"puglia","provincia":"foggia","sigla":"FG","codiceCatastale":"B904","cap":"71033","coordinate":{"x":41.6211507,"y":15.1049225}},{"nome":"Casalvecchio di Puglia","codice":"071014","regione":"puglia","provincia":"foggia","sigla":"FG","codiceCatastale":"B917","cap":"71030","coordinate":{"x":41.5948518,"y":15.1114074}},{"nome":"Casamassima","codice":"072015","regione":"puglia","provincia":"bari","sigla":"BA","codiceCatastale":"B923","cap":"70010","coordinate":{"x":40.9553075,"y":16.9181347}},{"nome":"Casarano","codice":"075016","regione":"puglia","provincia":"lecce","sigla":"LE","codiceCatastale":"B936","cap":"73042","coordinate":{"x":40.01262,"y":18.160586}},{"nome":"Cassano delle Murge","codice":"072016","regione":"puglia","provincia":"bari","sigla":"BA","codiceCatastale":"B998","cap":"70020","coordinate":{"x":40.891033,"y":16.770317}},{"nome":"Castellana Grotte","codice":"072017","regione":"puglia","provincia":"bari","sigla":"BA","codiceCatastale":"C134","cap":"70013","coordinate":{"x":40.8875185,"y":17.1664259}},{"nome":"Castellaneta","codice":"073003","regione":"puglia","provincia":"taranto","sigla":"TA","codiceCatastale":"C136","cap":"74011","coordinate":{"x":40.6282962,"y":16.9378333}},{"nome":"Castelluccio dei Sauri","codice":"071015","regione":"puglia","provincia":"foggia","sigla":"FG","codiceCatastale":"C198","cap":"71025","coordinate":{"x":41.304743,"y":15.477774}},{"nome":"Castelluccio Valmaggiore","codice":"071016","regione":"puglia","provincia":"foggia","sigla":"FG","codiceCatastale":"C202","cap":"71020","coordinate":{"x":41.3428727,"y":15.2008597}},{"nome":"Castelnuovo della Daunia","codice":"071017","regione":"puglia","provincia":"foggia","sigla":"FG","codiceCatastale":"C222","cap":"71034","coordinate":{"x":41.583281,"y":15.119668}},{"nome":"Castri di Lecce","codice":"075017","regione":"puglia","provincia":"lecce","sigla":"LE","codiceCatastale":"C334","cap":"73020","coordinate":{"x":40.274088,"y":18.263864}},{"nome":"Castrignano de' Greci","codice":"075018","regione":"puglia","provincia":"lecce","sigla":"LE","codiceCatastale":"C335","cap":"73020","coordinate":{"x":40.1745555,"y":18.2973703}},{"nome":"Castrignano del Capo","codice":"075019","regione":"puglia","provincia":"lecce","sigla":"LE","codiceCatastale":"C336","cap":"73040","coordinate":{"x":39.8334629,"y":18.352037}},{"nome":"Cavallino","codice":"075020","regione":"puglia","provincia":"lecce","sigla":"LE","codiceCatastale":"C377","cap":"73020","coordinate":{"x":40.3136111,"y":18.2012592}},{"nome":"Ceglie Messapica","codice":"074003","regione":"puglia","provincia":"brindisi","sigla":"BR","codiceCatastale":"C424","cap":"72013","coordinate":{"x":40.6450185,"y":17.5164259}},{"nome":"Celenza Valfortore","codice":"071018","regione":"puglia","provincia":"foggia","sigla":"FG","codiceCatastale":"C429","cap":"71035","coordinate":{"x":41.5611413,"y":14.9830513}},{"nome":"Cellamare","codice":"072018","regione":"puglia","provincia":"bari","sigla":"BA","codiceCatastale":"C436","cap":"70010","coordinate":{"x":41.0203148,"y":16.9292407}},{"nome":"Celle di San Vito","codice":"071019","regione":"puglia","provincia":"foggia","sigla":"FG","codiceCatastale":"C442","cap":"71020","coordinate":{"x":41.3266324,"y":15.1819321}},{"nome":"Cellino San Marco","codice":"074004","regione":"puglia","provincia":"brindisi","sigla":"BR","codiceCatastale":"C448","cap":"72020","coordinate":{"x":40.4732962,"y":17.9672037}},{"nome":"Cerignola","codice":"071020","regione":"puglia","provincia":"foggia","sigla":"FG","codiceCatastale":"C514","cap":"71042","coordinate":{"x":41.265,"y":15.9014259}},{"nome":"Chieuti","codice":"071021","regione":"puglia","provincia":"foggia","sigla":"FG","codiceCatastale":"C633","cap":"71010","coordinate":{"x":41.8456296,"y":15.1668888}},{"nome":"Cisternino","codice":"074005","regione":"puglia","provincia":"brindisi","sigla":"BR","codiceCatastale":"C741","cap":"72014","coordinate":{"x":40.743127,"y":17.425233}},{"nome":"Collepasso","codice":"075021","regione":"puglia","provincia":"lecce","sigla":"LE","codiceCatastale":"C865","cap":"73040","coordinate":{"x":40.0725,"y":18.1648518}},{"nome":"Conversano","codice":"072019","regione":"puglia","provincia":"bari","sigla":"BA","codiceCatastale":"C975","cap":"70014","coordinate":{"x":40.9673231,"y":17.1156647}},{"nome":"Copertino","codice":"075022","regione":"puglia","provincia":"lecce","sigla":"LE","codiceCatastale":"C978","cap":"73043","coordinate":{"x":40.2725,"y":18.0573518}},{"nome":"Corato","codice":"072020","regione":"puglia","provincia":"bari","sigla":"BA","codiceCatastale":"C983","cap":"70033","coordinate":{"x":41.1531237,"y":16.4107474}},{"nome":"Corigliano d'Otranto","codice":"075023","regione":"puglia","provincia":"lecce","sigla":"LE","codiceCatastale":"D006","cap":"73022","coordinate":{"x":40.160468,"y":18.256606}},{"nome":"Corsano","codice":"075024","regione":"puglia","provincia":"lecce","sigla":"LE","codiceCatastale":"D044","cap":"73033","coordinate":{"x":39.8903333,"y":18.3701666}},{"nome":"Crispiano","codice":"073004","regione":"puglia","provincia":"taranto","sigla":"TA","codiceCatastale":"D171","cap":"74012","coordinate":{"x":40.60471,"y":17.229821}},{"nome":"Cursi","codice":"075025","regione":"puglia","provincia":"lecce","sigla":"LE","codiceCatastale":"D223","cap":"73020","coordinate":{"x":40.1506296,"y":18.3156296}},{"nome":"Cutrofiano","codice":"075026","regione":"puglia","provincia":"lecce","sigla":"LE","codiceCatastale":"D237","cap":"73020","coordinate":{"x":40.1273464,"y":18.202507}},{"nome":"Deliceto","codice":"071022","regione":"puglia","provincia":"foggia","sigla":"FG","codiceCatastale":"D269","cap":"71026","coordinate":{"x":41.222498,"y":15.385347}},{"nome":"Diso","codice":"075027","regione":"puglia","provincia":"lecce","sigla":"LE","codiceCatastale":"D305","cap":"73030","coordinate":{"x":40.0106481,"y":18.3934629}},{"nome":"Erchie","codice":"074006","regione":"puglia","provincia":"brindisi","sigla":"BR","codiceCatastale":"D422","cap":"72020","coordinate":{"x":40.4390761,"y":17.7313987}},{"nome":"Faeto","codice":"071023","regione":"puglia","provincia":"foggia","sigla":"FG","codiceCatastale":"D459","cap":"71020","coordinate":{"x":41.3263135,"y":15.1602728}},{"nome":"Faggiano","codice":"073005","regione":"puglia","provincia":"taranto","sigla":"TA","codiceCatastale":"D463","cap":"74020","coordinate":{"x":40.4209629,"y":17.3875185}},{"nome":"Fasano","codice":"074007","regione":"puglia","provincia":"brindisi","sigla":"BR","codiceCatastale":"D508","cap":"72015","coordinate":{"x":40.8353861,"y":17.3592182}},{"nome":"Foggia","codice":"071024","regione":"puglia","provincia":"foggia","sigla":"FG","codiceCatastale":"D643","cap":"71121","coordinate":{"x":41.4623351,"y":15.5446997}},{"nome":"Fragagnano","codice":"073006","regione":"puglia","provincia":"taranto","sigla":"TA","codiceCatastale":"D754","cap":"74022","coordinate":{"x":40.4329814,"y":17.4731481}},{"nome":"Francavilla Fontana","codice":"074008","regione":"puglia","provincia":"brindisi","sigla":"BR","codiceCatastale":"D761","cap":"72021","coordinate":{"x":40.5317474,"y":17.5861115}},{"nome":"Gagliano del Capo","codice":"075028","regione":"puglia","provincia":"lecce","sigla":"LE","codiceCatastale":"D851","cap":"73034","coordinate":{"x":39.8453333,"y":18.3703148}},{"nome":"Galatina","codice":"075029","regione":"puglia","provincia":"lecce","sigla":"LE","codiceCatastale":"D862","cap":"73013","coordinate":{"x":40.175,"y":18.169074}},{"nome":"Galatone","codice":"075030","regione":"puglia","provincia":"lecce","sigla":"LE","codiceCatastale":"D863","cap":"73044","coordinate":{"x":40.1439074,"y":18.0712592}},{"nome":"Gallipoli","codice":"075031","regione":"puglia","provincia":"lecce","sigla":"LE","codiceCatastale":"D883","cap":"73014","coordinate":{"x":40.0562483,"y":17.9788414}},{"nome":"Ginosa","codice":"073007","regione":"puglia","provincia":"taranto","sigla":"TA","codiceCatastale":"E036","cap":"74013","coordinate":{"x":40.5812777,"y":16.7570555}},{"nome":"Gioia del Colle","codice":"072021","regione":"puglia","provincia":"bari","sigla":"BA","codiceCatastale":"E038","cap":"70023","coordinate":{"x":40.7979025,"y":16.9246222}},{"nome":"Giovinazzo","codice":"072022","regione":"puglia","provincia":"bari","sigla":"BA","codiceCatastale":"E047","cap":"70054","coordinate":{"x":41.1875359,"y":16.6725563}},{"nome":"Giuggianello","codice":"075032","regione":"puglia","provincia":"lecce","sigla":"LE","codiceCatastale":"E053","cap":"73030","coordinate":{"x":40.0954814,"y":18.3698703}},{"nome":"Giurdignano","codice":"075033","regione":"puglia","provincia":"lecce","sigla":"LE","codiceCatastale":"E061","cap":"73020","coordinate":{"x":40.1225,"y":18.4336111}},{"nome":"Gravina in Puglia","codice":"072023","regione":"puglia","provincia":"bari","sigla":"BA","codiceCatastale":"E155","cap":"70024","coordinate":{"x":40.8211783,"y":16.4193382}},{"nome":"Grottaglie","codice":"073008","regione":"puglia","provincia":"taranto","sigla":"TA","codiceCatastale":"E205","cap":"74023","coordinate":{"x":40.5403333,"y":17.434537}},{"nome":"Grumo Appula","codice":"072024","regione":"puglia","provincia":"bari","sigla":"BA","codiceCatastale":"E223","cap":"70025","coordinate":{"x":41.014537,"y":16.7093888}},{"nome":"Guagnano","codice":"075034","regione":"puglia","provincia":"lecce","sigla":"LE","codiceCatastale":"E227","cap":"73010","coordinate":{"x":40.4023703,"y":17.9498518}},{"nome":"Ischitella","codice":"071025","regione":"puglia","provincia":"foggia","sigla":"FG","codiceCatastale":"E332","cap":"71010","coordinate":{"x":41.9049322,"y":15.9002333}},{"nome":"Isole Tremiti","codice":"071026","regione":"puglia","provincia":"foggia","sigla":"FG","codiceCatastale":"E363","cap":"71051","coordinate":{"x":42.1148044,"y":15.491094}},{"nome":"Laterza","codice":"073009","regione":"puglia","provincia":"taranto","sigla":"TA","codiceCatastale":"E469","cap":"74014","coordinate":{"x":40.625852,"y":16.797843}},{"nome":"Latiano","codice":"074009","regione":"puglia","provincia":"brindisi","sigla":"BR","codiceCatastale":"E471","cap":"72022","coordinate":{"x":40.5539074,"y":17.7214259}},{"nome":"Lecce","codice":"075035","regione":"puglia","provincia":"lecce","sigla":"LE","codiceCatastale":"E506","cap":"73100","coordinate":{"x":40.3532912,"y":18.1740146}},{"nome":"Leporano","codice":"073010","regione":"puglia","provincia":"taranto","sigla":"TA","codiceCatastale":"E537","cap":"74020","coordinate":{"x":40.383006,"y":17.334181}},{"nome":"Lequile","codice":"075036","regione":"puglia","provincia":"lecce","sigla":"LE","codiceCatastale":"E538","cap":"73010","coordinate":{"x":40.3068888,"y":18.1411111}},{"nome":"Lesina","codice":"071027","regione":"puglia","provincia":"foggia","sigla":"FG","codiceCatastale":"E549","cap":"71010","coordinate":{"x":41.8604814,"y":15.3537777}},{"nome":"Leverano","codice":"075037","regione":"puglia","provincia":"lecce","sigla":"LE","codiceCatastale":"E563","cap":"73045","coordinate":{"x":40.2897372,"y":18.0011765}},{"nome":"Lizzanello","codice":"075038","regione":"puglia","provincia":"lecce","sigla":"LE","codiceCatastale":"E629","cap":"73023","coordinate":{"x":40.3051666,"y":18.2234629}},{"nome":"Lizzano","codice":"073011","regione":"puglia","provincia":"taranto","sigla":"TA","codiceCatastale":"E630","cap":"74020","coordinate":{"x":40.392037,"y":17.4484444}},{"nome":"Locorotondo","codice":"072025","regione":"puglia","provincia":"bari","sigla":"BA","codiceCatastale":"E645","cap":"70010","coordinate":{"x":40.7557407,"y":17.3262886}},{"nome":"Lucera","codice":"071028","regione":"puglia","provincia":"foggia","sigla":"FG","codiceCatastale":"E716","cap":"71036","coordinate":{"x":41.5092222,"y":15.3359444}},{"nome":"Maglie","codice":"075039","regione":"puglia","provincia":"lecce","sigla":"LE","codiceCatastale":"E815","cap":"73024","coordinate":{"x":40.1195555,"y":18.2998703}},{"nome":"Manduria","codice":"073012","regione":"puglia","provincia":"taranto","sigla":"TA","codiceCatastale":"E882","cap":"74024","coordinate":{"x":40.4028148,"y":17.6343888}},{"nome":"Manfredonia","codice":"071029","regione":"puglia","provincia":"foggia","sigla":"FG","codiceCatastale":"E885","cap":"71043","coordinate":{"x":41.6270555,"y":15.9103333}},{"nome":"Margherita di Savoia","codice":"110005","regione":"puglia","provincia":"barletta-andria-trani","sigla":"BT","codiceCatastale":"E946","cap":"76016","coordinate":{"x":41.3753333,"y":16.1511111}},{"nome":"Martano","codice":"075040","regione":"puglia","provincia":"lecce","sigla":"LE","codiceCatastale":"E979","cap":"73025","coordinate":{"x":40.202699,"y":18.3035469}},{"nome":"Martignano","codice":"075041","regione":"puglia","provincia":"lecce","sigla":"LE","codiceCatastale":"E984","cap":"73020","coordinate":{"x":40.2384403,"y":18.2561041}},{"nome":"Martina Franca","codice":"073013","regione":"puglia","provincia":"taranto","sigla":"TA","codiceCatastale":"E986","cap":"74015","coordinate":{"x":40.7042407,"y":17.3348703}},{"nome":"Maruggio","codice":"073014","regione":"puglia","provincia":"taranto","sigla":"TA","codiceCatastale":"E995","cap":"74020","coordinate":{"x":40.3229814,"y":17.5737777}},{"nome":"Massafra","codice":"073015","regione":"puglia","provincia":"taranto","sigla":"TA","codiceCatastale":"F027","cap":"74016","coordinate":{"x":40.5898518,"y":17.1178148}},{"nome":"Matino","codice":"075042","regione":"puglia","provincia":"lecce","sigla":"LE","codiceCatastale":"F054","cap":"73046","coordinate":{"x":40.0332962,"y":18.1326666}},{"nome":"Mattinata","codice":"071031","regione":"puglia","provincia":"foggia","sigla":"FG","codiceCatastale":"F059","cap":"71030","coordinate":{"x":41.7086041,"y":16.0434118}},{"nome":"Melendugno","codice":"075043","regione":"puglia","provincia":"lecce","sigla":"LE","codiceCatastale":"F101","cap":"73026","coordinate":{"x":40.2757962,"y":18.3376666}},{"nome":"Melissano","codice":"075044","regione":"puglia","provincia":"lecce","sigla":"LE","codiceCatastale":"F109","cap":"73040","coordinate":{"x":39.975,"y":18.1223703}},{"nome":"Melpignano","codice":"075045","regione":"puglia","provincia":"lecce","sigla":"LE","codiceCatastale":"F117","cap":"73020","coordinate":{"x":40.1589074,"y":18.2931481}},{"nome":"Mesagne","codice":"074010","regione":"puglia","provincia":"brindisi","sigla":"BR","codiceCatastale":"F152","cap":"72023","coordinate":{"x":40.5598518,"y":17.8092407}},{"nome":"Miggiano","codice":"075046","regione":"puglia","provincia":"lecce","sigla":"LE","codiceCatastale":"F194","cap":"73035","coordinate":{"x":39.9607962,"y":18.3125185}},{"nome":"Minervino di Lecce","codice":"075047","regione":"puglia","provincia":"lecce","sigla":"LE","codiceCatastale":"F221","cap":"73027","coordinate":{"x":40.0895555,"y":18.4212592}},{"nome":"Minervino Murge","codice":"110006","regione":"puglia","provincia":"barletta-andria-trani","sigla":"BT","codiceCatastale":"F220","cap":"76013","coordinate":{"x":41.0853148,"y":16.0792222}},{"nome":"Modugno","codice":"072027","regione":"puglia","provincia":"bari","sigla":"BA","codiceCatastale":"F262","cap":"70026","coordinate":{"x":41.0829646,"y":16.7797033}},{"nome":"Mola di Bari","codice":"072028","regione":"puglia","provincia":"bari","sigla":"BA","codiceCatastale":"F280","cap":"70042","coordinate":{"x":41.0620172,"y":17.0881406}},{"nome":"Molfetta","codice":"072029","regione":"puglia","provincia":"bari","sigla":"BA","codiceCatastale":"F284","cap":"70056","coordinate":{"x":41.2012642,"y":16.5985366}},{"nome":"Monopoli","codice":"072030","regione":"puglia","provincia":"bari","sigla":"BA","codiceCatastale":"F376","cap":"70043","coordinate":{"x":40.9570555,"y":17.2904814}},{"nome":"Monte Sant'Angelo","codice":"071033","regione":"puglia","provincia":"foggia","sigla":"FG","codiceCatastale":"F631","cap":"71037","coordinate":{"x":41.706472,"y":15.960826}},{"nome":"Monteiasi","codice":"073016","regione":"puglia","provincia":"taranto","sigla":"TA","codiceCatastale":"F531","cap":"74020","coordinate":{"x":40.5009444,"y":17.3834444}},{"nome":"Monteleone di Puglia","codice":"071032","regione":"puglia","provincia":"foggia","sigla":"FG","codiceCatastale":"F538","cap":"71020","coordinate":{"x":41.1664074,"y":15.2589074}},{"nome":"Montemesola","codice":"073017","regione":"puglia","provincia":"taranto","sigla":"TA","codiceCatastale":"F563","cap":"74020","coordinate":{"x":40.5656481,"y":17.3384444}},{"nome":"Monteparano","codice":"073018","regione":"puglia","provincia":"taranto","sigla":"TA","codiceCatastale":"F587","cap":"74020","coordinate":{"x":40.445,"y":17.4159444}},{"nome":"Monteroni di Lecce","codice":"075048","regione":"puglia","provincia":"lecce","sigla":"LE","codiceCatastale":"F604","cap":"73047","coordinate":{"x":40.3256296,"y":18.0979814}},{"nome":"Montesano Salentino","codice":"075049","regione":"puglia","provincia":"lecce","sigla":"LE","codiceCatastale":"F623","cap":"73030","coordinate":{"x":39.9767407,"y":18.3223703}},{"nome":"Morciano di Leuca","codice":"075050","regione":"puglia","provincia":"lecce","sigla":"LE","codiceCatastale":"F716","cap":"73040","coordinate":{"x":39.8489259,"y":18.3132962}},{"nome":"Motta Montecorvino","codice":"071034","regione":"puglia","provincia":"foggia","sigla":"FG","codiceCatastale":"F777","cap":"71030","coordinate":{"x":41.5084444,"y":15.115}},{"nome":"Mottola","codice":"073019","regione":"puglia","provincia":"taranto","sigla":"TA","codiceCatastale":"F784","cap":"74017","coordinate":{"x":40.6342222,"y":17.0381481}},{"nome":"Muro Leccese","codice":"075051","regione":"puglia","provincia":"lecce","sigla":"LE","codiceCatastale":"F816","cap":"73036","coordinate":{"x":40.1034629,"y":18.3389074}},{"nome":"Neviano","codice":"075053","regione":"puglia","provincia":"lecce","sigla":"LE","codiceCatastale":"F881","cap":"73040","coordinate":{"x":40.1087592,"y":18.1148518}},{"nome":"Noci","codice":"072031","regione":"puglia","provincia":"bari","sigla":"BA","codiceCatastale":"F915","cap":"70015","coordinate":{"x":40.7953,"y":17.124365}},{"nome":"Nociglia","codice":"075054","regione":"puglia","provincia":"lecce","sigla":"LE","codiceCatastale":"F916","cap":"73020","coordinate":{"x":40.0403333,"y":18.3268888}},{"nome":"Noicattaro","codice":"072032","regione":"puglia","provincia":"bari","sigla":"BA","codiceCatastale":"F923","cap":"70016","coordinate":{"x":41.0348518,"y":16.9904814}},{"nome":"Novoli","codice":"075055","regione":"puglia","provincia":"lecce","sigla":"LE","codiceCatastale":"F970","cap":"73051","coordinate":{"x":40.379537,"y":18.05}},{"nome":"Ordona","codice":"071063","regione":"puglia","provincia":"foggia","sigla":"FG","codiceCatastale":"M266","cap":"71040","coordinate":{"x":41.316574,"y":15.6282962}},{"nome":"Oria","codice":"074011","regione":"puglia","provincia":"brindisi","sigla":"BR","codiceCatastale":"G098","cap":"72024","coordinate":{"x":40.4984027,"y":17.6422592}},{"nome":"Orsara di Puglia","codice":"071035","regione":"puglia","provincia":"foggia","sigla":"FG","codiceCatastale":"G125","cap":"71027","coordinate":{"x":41.2826666,"y":15.2653148}},{"nome":"Orta Nova","codice":"071036","regione":"puglia","provincia":"foggia","sigla":"FG","codiceCatastale":"G131","cap":"71045","coordinate":{"x":41.3263186,"y":15.707118}},{"nome":"Ortelle","codice":"075056","regione":"puglia","provincia":"lecce","sigla":"LE","codiceCatastale":"G136","cap":"73030","coordinate":{"x":40.0353333,"y":18.3922037}},{"nome":"Ostuni","codice":"074012","regione":"puglia","provincia":"brindisi","sigla":"BR","codiceCatastale":"G187","cap":"72017","coordinate":{"x":40.7287777,"y":17.5773703}},{"nome":"Otranto","codice":"075057","regione":"puglia","provincia":"lecce","sigla":"LE","codiceCatastale":"G188","cap":"73028","coordinate":{"x":40.1480291,"y":18.4857544}},{"nome":"Palagianello","codice":"073020","regione":"puglia","provincia":"taranto","sigla":"TA","codiceCatastale":"G251","cap":"74018","coordinate":{"x":40.610598,"y":16.9743229}},{"nome":"Palagiano","codice":"073021","regione":"puglia","provincia":"taranto","sigla":"TA","codiceCatastale":"G252","cap":"74019","coordinate":{"x":40.5792222,"y":17.0382962}},{"nome":"Palmariggi","codice":"075058","regione":"puglia","provincia":"lecce","sigla":"LE","codiceCatastale":"G285","cap":"73020","coordinate":{"x":40.1317407,"y":18.3803333}},{"nome":"Palo del Colle","codice":"072033","regione":"puglia","provincia":"bari","sigla":"BA","codiceCatastale":"G291","cap":"70027","coordinate":{"x":41.0586111,"y":16.7017407}},{"nome":"Panni","codice":"071037","regione":"puglia","provincia":"foggia","sigla":"FG","codiceCatastale":"G312","cap":"71020","coordinate":{"x":41.2231481,"y":15.2756481}},{"nome":"Parabita","codice":"075059","regione":"puglia","provincia":"lecce","sigla":"LE","codiceCatastale":"G325","cap":"73052","coordinate":{"x":40.048783,"y":18.127696}},{"nome":"Peschici","codice":"071038","regione":"puglia","provincia":"foggia","sigla":"FG","codiceCatastale":"G487","cap":"71010","coordinate":{"x":41.947037,"y":16.0134909}},{"nome":"Pietramontecorvino","codice":"071039","regione":"puglia","provincia":"foggia","sigla":"FG","codiceCatastale":"G604","cap":"71038","coordinate":{"x":41.5426666,"y":15.1284444}},{"nome":"Poggiardo","codice":"075061","regione":"puglia","provincia":"lecce","sigla":"LE","codiceCatastale":"G751","cap":"73037","coordinate":{"x":40.054964,"y":18.377096}},{"nome":"Poggio Imperiale","codice":"071040","regione":"puglia","provincia":"foggia","sigla":"FG","codiceCatastale":"G761","cap":"71010","coordinate":{"x":41.8261111,"y":15.3662777}},{"nome":"Poggiorsini","codice":"072034","regione":"puglia","provincia":"bari","sigla":"BA","codiceCatastale":"G769","cap":"70020","coordinate":{"x":40.9181296,"y":16.2556296}},{"nome":"Polignano a Mare","codice":"072035","regione":"puglia","provincia":"bari","sigla":"BA","codiceCatastale":"G787","cap":"70044","coordinate":{"x":40.9970555,"y":17.2167222}},{"nome":"Porto Cesareo","codice":"075097","regione":"puglia","provincia":"lecce","sigla":"LE","codiceCatastale":"M263","cap":"73010","coordinate":{"x":40.262422,"y":17.8975459}},{"nome":"Pulsano","codice":"073022","regione":"puglia","provincia":"taranto","sigla":"TA","codiceCatastale":"H090","cap":"74026","coordinate":{"x":40.3831296,"y":17.3573703}},{"nome":"Putignano","codice":"072036","regione":"puglia","provincia":"bari","sigla":"BA","codiceCatastale":"H096","cap":"70017","coordinate":{"x":40.8528148,"y":17.1222037}},{"nome":"Racale","codice":"075063","regione":"puglia","provincia":"lecce","sigla":"LE","codiceCatastale":"H147","cap":"73055","coordinate":{"x":39.9642528,"y":18.0947017}},{"nome":"Rignano Garganico","codice":"071041","regione":"puglia","provincia":"foggia","sigla":"FG","codiceCatastale":"H287","cap":"71010","coordinate":{"x":41.676735,"y":15.587403}},{"nome":"Roccaforzata","codice":"073023","regione":"puglia","provincia":"taranto","sigla":"TA","codiceCatastale":"H409","cap":"74020","coordinate":{"x":40.4384444,"y":17.3904814}},{"nome":"Rocchetta Sant'Antonio","codice":"071042","regione":"puglia","provincia":"foggia","sigla":"FG","codiceCatastale":"H467","cap":"71020","coordinate":{"x":41.103056,"y":15.460179}},{"nome":"Rodi Garganico","codice":"071043","regione":"puglia","provincia":"foggia","sigla":"FG","codiceCatastale":"H480","cap":"71012","coordinate":{"x":41.9285884,"y":15.8842528}},{"nome":"Roseto Valfortore","codice":"071044","regione":"puglia","provincia":"foggia","sigla":"FG","codiceCatastale":"H568","cap":"71039","coordinate":{"x":41.3734444,"y":15.097037}},{"nome":"Ruffano","codice":"075064","regione":"puglia","provincia":"lecce","sigla":"LE","codiceCatastale":"H632","cap":"73049","coordinate":{"x":39.9839074,"y":18.2473703}},{"nome":"Rutigliano","codice":"072037","regione":"puglia","provincia":"bari","sigla":"BA","codiceCatastale":"H643","cap":"70018","coordinate":{"x":41.0110713,"y":17.0039073}},{"nome":"Ruvo di Puglia","codice":"072038","regione":"puglia","provincia":"bari","sigla":"BA","codiceCatastale":"H645","cap":"70037","coordinate":{"x":41.1183666,"y":16.4851646}},{"nome":"Salice Salentino","codice":"075065","regione":"puglia","provincia":"lecce","sigla":"LE","codiceCatastale":"H708","cap":"73015","coordinate":{"x":40.3881481,"y":17.961574}},{"nome":"Salve","codice":"075066","regione":"puglia","provincia":"lecce","sigla":"LE","codiceCatastale":"H729","cap":"73050","coordinate":{"x":39.8623518,"y":18.2942407}},{"nome":"Sammichele di Bari","codice":"072039","regione":"puglia","provincia":"bari","sigla":"BA","codiceCatastale":"H749","cap":"70010","coordinate":{"x":40.8875135,"y":16.9482796}},{"nome":"San Cassiano","codice":"075095","regione":"puglia","provincia":"lecce","sigla":"LE","codiceCatastale":"M264","cap":"73020","coordinate":{"x":40.05641,"y":18.336543}},{"nome":"San Cesario di Lecce","codice":"075068","regione":"puglia","provincia":"lecce","sigla":"LE","codiceCatastale":"H793","cap":"73016","coordinate":{"x":40.3039074,"y":18.1607962}},{"nome":"San Donaci","codice":"074013","regione":"puglia","provincia":"brindisi","sigla":"BR","codiceCatastale":"H822","cap":"72025","coordinate":{"x":40.4517407,"y":17.9259444}},{"nome":"San Donato di Lecce","codice":"075069","regione":"puglia","provincia":"lecce","sigla":"LE","codiceCatastale":"H826","cap":"73010","coordinate":{"x":40.2692407,"y":18.185}},{"nome":"San Ferdinando di Puglia","codice":"110007","regione":"puglia","provincia":"barletta-andria-trani","sigla":"BT","codiceCatastale":"H839","cap":"76017","coordinate":{"x":41.3037777,"y":16.0714259}},{"nome":"San Giorgio Ionico","codice":"073024","regione":"puglia","provincia":"taranto","sigla":"TA","codiceCatastale":"H882","cap":"74027","coordinate":{"x":40.4576666,"y":17.379537}},{"nome":"San Giovanni Rotondo","codice":"071046","regione":"puglia","provincia":"foggia","sigla":"FG","codiceCatastale":"H926","cap":"71013","coordinate":{"x":41.7069466,"y":15.7248275}},{"nome":"San Marco in Lamis","codice":"071047","regione":"puglia","provincia":"foggia","sigla":"FG","codiceCatastale":"H985","cap":"71014","coordinate":{"x":41.712147,"y":15.636556}},{"nome":"San Marco la Catola","codice":"071048","regione":"puglia","provincia":"foggia","sigla":"FG","codiceCatastale":"H986","cap":"71030","coordinate":{"x":41.5259629,"y":15.0068888}},{"nome":"San Marzano di San Giuseppe","codice":"073025","regione":"puglia","provincia":"taranto","sigla":"TA","codiceCatastale":"I018","cap":"74020","coordinate":{"x":40.450151,"y":17.506459}},{"nome":"San Michele Salentino","codice":"074014","regione":"puglia","provincia":"brindisi","sigla":"BR","codiceCatastale":"I045","cap":"72018","coordinate":{"x":40.6326666,"y":17.6323518}},{"nome":"San Nicandro Garganico","codice":"071049","regione":"puglia","provincia":"foggia","sigla":"FG","codiceCatastale":"I054","cap":"71015","coordinate":{"x":41.834928,"y":15.568666}},{"nome":"San Pancrazio Salentino","codice":"074015","regione":"puglia","provincia":"brindisi","sigla":"BR","codiceCatastale":"I066","cap":"72026","coordinate":{"x":40.4201666,"y":17.8314259}},{"nome":"San Paolo di Civitate","codice":"071050","regione":"puglia","provincia":"foggia","sigla":"FG","codiceCatastale":"I072","cap":"71010","coordinate":{"x":41.7393888,"y":15.2612777}},{"nome":"San Pietro in Lama","codice":"075071","regione":"puglia","provincia":"lecce","sigla":"LE","codiceCatastale":"I115","cap":"73010","coordinate":{"x":40.3095555,"y":18.1295555}},{"nome":"San Pietro Vernotico","codice":"074016","regione":"puglia","provincia":"brindisi","sigla":"BR","codiceCatastale":"I119","cap":"72027","coordinate":{"x":40.4925,"y":17.9998703}},{"nome":"San Severo","codice":"071051","regione":"puglia","provincia":"foggia","sigla":"FG","codiceCatastale":"I158","cap":"71016","coordinate":{"x":41.690799,"y":15.3770674}},{"nome":"San Vito dei Normanni","codice":"074017","regione":"puglia","provincia":"brindisi","sigla":"BR","codiceCatastale":"I396","cap":"72019","coordinate":{"x":40.6584629,"y":17.7081481}},{"nome":"Sanarica","codice":"075067","regione":"puglia","provincia":"lecce","sigla":"LE","codiceCatastale":"H757","cap":"73030","coordinate":{"x":40.0901666,"y":18.349537}},{"nome":"Sannicandro di Bari","codice":"072040","regione":"puglia","provincia":"bari","sigla":"BA","codiceCatastale":"I053","cap":"70028","coordinate":{"x":41.0025,"y":16.797037}},{"nome":"Sannicola","codice":"075070","regione":"puglia","provincia":"lecce","sigla":"LE","codiceCatastale":"I059","cap":"73017","coordinate":{"x":40.0929883,"y":18.0670508}},{"nome":"Sant'Agata di Puglia","codice":"071052","regione":"puglia","provincia":"foggia","sigla":"FG","codiceCatastale":"I193","cap":"71028","coordinate":{"x":41.150924,"y":15.38013}},{"nome":"Santa Cesarea Terme","codice":"075072","regione":"puglia","provincia":"lecce","sigla":"LE","codiceCatastale":"I172","cap":"73020","coordinate":{"x":40.0373518,"y":18.4576666}},{"nome":"Santeramo in Colle","codice":"072041","regione":"puglia","provincia":"bari","sigla":"BA","codiceCatastale":"I330","cap":"70029","coordinate":{"x":40.7940634,"y":16.7562068}},{"nome":"Sava","codice":"073026","regione":"puglia","provincia":"taranto","sigla":"TA","codiceCatastale":"I467","cap":"74028","coordinate":{"x":40.4045555,"y":17.5592222}},{"nome":"Scorrano","codice":"075073","regione":"puglia","provincia":"lecce","sigla":"LE","codiceCatastale":"I549","cap":"73020","coordinate":{"x":40.0926666,"y":18.3004814}},{"nome":"Serracapriola","codice":"071053","regione":"puglia","provincia":"foggia","sigla":"FG","codiceCatastale":"I641","cap":"71010","coordinate":{"x":41.8087019,"y":15.160092}},{"nome":"Sogliano Cavour","codice":"075075","regione":"puglia","provincia":"lecce","sigla":"LE","codiceCatastale":"I780","cap":"73010","coordinate":{"x":40.1498518,"y":18.1961111}},{"nome":"Soleto","codice":"075076","regione":"puglia","provincia":"lecce","sigla":"LE","codiceCatastale":"I800","cap":"73010","coordinate":{"x":40.1895555,"y":18.2072037}},{"nome":"Specchia","codice":"075077","regione":"puglia","provincia":"lecce","sigla":"LE","codiceCatastale":"I887","cap":"73040","coordinate":{"x":39.9381296,"y":18.2984444}},{"nome":"Spinazzola","codice":"110008","regione":"puglia","provincia":"barletta-andria-trani","sigla":"BT","codiceCatastale":"I907","cap":"76014","coordinate":{"x":40.967005,"y":16.091754}},{"nome":"Spongano","codice":"075078","regione":"puglia","provincia":"lecce","sigla":"LE","codiceCatastale":"I923","cap":"73038","coordinate":{"x":40.017887,"y":18.365099}},{"nome":"Squinzano","codice":"075079","regione":"puglia","provincia":"lecce","sigla":"LE","codiceCatastale":"I930","cap":"73018","coordinate":{"x":40.4387542,"y":18.0390048}},{"nome":"Statte","codice":"073029","regione":"puglia","provincia":"taranto","sigla":"TA","codiceCatastale":"M298","cap":"74010","coordinate":{"x":40.5638274,"y":17.2053369}},{"nome":"Sternatia","codice":"075080","regione":"puglia","provincia":"lecce","sigla":"LE","codiceCatastale":"I950","cap":"73010","coordinate":{"x":40.220453,"y":18.225942}},{"nome":"Stornara","codice":"071054","regione":"puglia","provincia":"foggia","sigla":"FG","codiceCatastale":"I962","cap":"71047","coordinate":{"x":41.2884629,"y":15.7706296}},{"nome":"Stornarella","codice":"071055","regione":"puglia","provincia":"foggia","sigla":"FG","codiceCatastale":"I963","cap":"71048","coordinate":{"x":41.2582962,"y":15.7323703}},{"nome":"Supersano","codice":"075081","regione":"puglia","provincia":"lecce","sigla":"LE","codiceCatastale":"L008","cap":"73040","coordinate":{"x":40.018066,"y":18.240889}},{"nome":"Surano","codice":"075082","regione":"puglia","provincia":"lecce","sigla":"LE","codiceCatastale":"L010","cap":"73030","coordinate":{"x":40.0293888,"y":18.3459444}},{"nome":"Surbo","codice":"075083","regione":"puglia","provincia":"lecce","sigla":"LE","codiceCatastale":"L011","cap":"73010","coordinate":{"x":40.397037,"y":18.1342222}},{"nome":"Taranto","codice":"073027","regione":"puglia","provincia":"taranto","sigla":"TA","codiceCatastale":"L049","cap":"74121","coordinate":{"x":40.4692383,"y":17.2400088}},{"nome":"Taurisano","codice":"075084","regione":"puglia","provincia":"lecce","sigla":"LE","codiceCatastale":"L064","cap":"73056","coordinate":{"x":39.9576644,"y":18.2150113}},{"nome":"Taviano","codice":"075085","regione":"puglia","provincia":"lecce","sigla":"LE","codiceCatastale":"L074","cap":"73057","coordinate":{"x":39.984537,"y":18.0876666}},{"nome":"Terlizzi","codice":"072043","regione":"puglia","provincia":"bari","sigla":"BA","codiceCatastale":"L109","cap":"70038","coordinate":{"x":41.1299584,"y":16.5427619}},{"nome":"Tiggiano","codice":"075086","regione":"puglia","provincia":"lecce","sigla":"LE","codiceCatastale":"L166","cap":"73030","coordinate":{"x":39.9068888,"y":18.3653333}},{"nome":"Torchiarolo","codice":"074018","regione":"puglia","provincia":"brindisi","sigla":"BR","codiceCatastale":"L213","cap":"72020","coordinate":{"x":40.485,"y":18.0525185}},{"nome":"Toritto","codice":"072044","regione":"puglia","provincia":"bari","sigla":"BA","codiceCatastale":"L220","cap":"70020","coordinate":{"x":40.9992222,"y":16.6806296}},{"nome":"Torre Santa Susanna","codice":"074019","regione":"puglia","provincia":"brindisi","sigla":"BR","codiceCatastale":"L280","cap":"72028","coordinate":{"x":40.4668671,"y":17.73882}},{"nome":"Torremaggiore","codice":"071056","regione":"puglia","provincia":"foggia","sigla":"FG","codiceCatastale":"L273","cap":"71017","coordinate":{"x":41.6873079,"y":15.2926589}},{"nome":"Torricella","codice":"073028","regione":"puglia","provincia":"taranto","sigla":"TA","codiceCatastale":"L294","cap":"74020","coordinate":{"x":40.3561388,"y":17.4999305}},{"nome":"Trani","codice":"110009","regione":"puglia","provincia":"barletta-andria-trani","sigla":"BT","codiceCatastale":"L328","cap":"76125","coordinate":{"x":41.275523,"y":16.417578}},{"nome":"Trepuzzi","codice":"075087","regione":"puglia","provincia":"lecce","sigla":"LE","codiceCatastale":"L383","cap":"73019","coordinate":{"x":40.4047136,"y":18.0715755}},{"nome":"Tricase","codice":"075088","regione":"puglia","provincia":"lecce","sigla":"LE","codiceCatastale":"L419","cap":"73039","coordinate":{"x":39.9314034,"y":18.3562723}},{"nome":"Triggiano","codice":"072046","regione":"puglia","provincia":"bari","sigla":"BA","codiceCatastale":"L425","cap":"70019","coordinate":{"x":41.064239,"y":16.923737}},{"nome":"Trinitapoli","codice":"110010","regione":"puglia","provincia":"barletta-andria-trani","sigla":"BT","codiceCatastale":"B915","cap":"76015","coordinate":{"x":41.3582962,"y":16.0882962}},{"nome":"Troia","codice":"071058","regione":"puglia","provincia":"foggia","sigla":"FG","codiceCatastale":"L447","cap":"71029","coordinate":{"x":41.36119,"y":15.308898}},{"nome":"Tuglie","codice":"075089","regione":"puglia","provincia":"lecce","sigla":"LE","codiceCatastale":"L462","cap":"73058","coordinate":{"x":40.0748518,"y":18.0989074}},{"nome":"Turi","codice":"072047","regione":"puglia","provincia":"bari","sigla":"BA","codiceCatastale":"L472","cap":"70010","coordinate":{"x":40.9184629,"y":17.022037}},{"nome":"Ugento","codice":"075090","regione":"puglia","provincia":"lecce","sigla":"LE","codiceCatastale":"L484","cap":"73059","coordinate":{"x":39.9273518,"y":18.1582962}},{"nome":"Uggiano la Chiesa","codice":"075091","regione":"puglia","provincia":"lecce","sigla":"LE","codiceCatastale":"L485","cap":"73020","coordinate":{"x":40.1028333,"y":18.4501666}},{"nome":"Valenzano","codice":"072048","regione":"puglia","provincia":"bari","sigla":"BA","codiceCatastale":"L571","cap":"70010","coordinate":{"x":41.044554,"y":16.8843989}},{"nome":"Veglie","codice":"075092","regione":"puglia","provincia":"lecce","sigla":"LE","codiceCatastale":"L711","cap":"73010","coordinate":{"x":40.3362831,"y":17.9661074}},{"nome":"Vernole","codice":"075093","regione":"puglia","provincia":"lecce","sigla":"LE","codiceCatastale":"L776","cap":"73029","coordinate":{"x":40.2906481,"y":18.3043888}},{"nome":"Vico del Gargano","codice":"071059","regione":"puglia","provincia":"foggia","sigla":"FG","codiceCatastale":"L842","cap":"71018","coordinate":{"x":41.895093,"y":15.958209}},{"nome":"Vieste","codice":"071060","regione":"puglia","provincia":"foggia","sigla":"FG","codiceCatastale":"L858","cap":"71019","coordinate":{"x":41.881712,"y":16.1729922}},{"nome":"Villa Castelli","codice":"074020","regione":"puglia","provincia":"brindisi","sigla":"BR","codiceCatastale":"L920","cap":"72029","coordinate":{"x":40.5856481,"y":17.4754814}},{"nome":"Volturara Appula","codice":"071061","regione":"puglia","provincia":"foggia","sigla":"FG","codiceCatastale":"M131","cap":"71030","coordinate":{"x":41.497037,"y":15.0531296}},{"nome":"Volturino","codice":"071062","regione":"puglia","provincia":"foggia","sigla":"FG","codiceCatastale":"M132","cap":"71030","coordinate":{"x":41.4782962,"y":15.1251666}},{"nome":"Zapponeta","codice":"071064","regione":"puglia","provincia":"foggia","sigla":"FG","codiceCatastale":"M267","cap":"71030","coordinate":{"x":41.4581481,"y":15.9579814}},{"nome":"Zollino","codice":"075094","regione":"puglia","provincia":"lecce","sigla":"LE","codiceCatastale":"M187","cap":"73010","coordinate":{"x":40.2075,"y":18.249537}},{"nome":"Nardò","codice":"075052","regione":"puglia","provincia":"lecce","sigla":"LE","codiceCatastale":"F842","cap":"73048","coordinate":{"x":"40.17594334","y":"18.0311969"}},{"nome":"Patù","codice":"075060","regione":"puglia","provincia":"lecce","sigla":"LE","codiceCatastale":"G378","cap":"73053","coordinate":{"x":"39.83964829","y":"18.33873558"}},{"nome":"Seclì","codice":"075074","regione":"puglia","provincia":"lecce","sigla":"LE","codiceCatastale":"I559","cap":"73050","coordinate":{"x":"40.13156773","y":"18.1049571"}},{"nome":"Presicce-Acquarica","codice":"075098","regione":"puglia","provincia":"lecce","sigla":"LE","codiceCatastale":"M428","cap":"73054","coordinate":{"x":"39.90097666","y":"18.26346868"}}]