[{"nome":"Abbadia San Salvatore","codice":"052001","regione":"toscana","provincia":"siena","codiceCatastale":"A006","cap":"53021","coordinate":{"lat":42.8831296,"lng":11.6706481}},{"nome":"Agliana","codice":"047002","regione":"toscana","provincia":"pistoia","codiceCatastale":"A071","cap":"51031","coordinate":{"lat":43.9075,"lng":11.0073703}},{"nome":"Altopascio","codice":"046001","regione":"toscana","provincia":"lucca","codiceCatastale":"A241","cap":"55011","coordinate":{"lat":43.814484,"lng":10.674472}},{"nome":"Anghiari","codice":"051001","regione":"toscana","provincia":"arezzo","codiceCatastale":"A291","cap":"52031","coordinate":{"lat":43.5418888,"lng":12.0606481}},{"nome":"Arcidosso","codice":"053001","regione":"toscana","provincia":"grosseto","codiceCatastale":"A369","cap":"58031","coordinate":{"lat":42.872677,"lng":11.5378432}},{"nome":"Arezzo","codice":"051002","regione":"toscana","provincia":"arezzo","codiceCatastale":"A390","cap":"52100","coordinate":{"lat":43.4712011,"lng":11.8630617}},{"nome":"Asciano","codice":"052002","regione":"toscana","provincia":"siena","codiceCatastale":"A461","cap":"53041","coordinate":{"lat":43.233379,"lng":11.56151}},{"nome":"Aulla","codice":"045001","regione":"toscana","provincia":"massa-carrara","codiceCatastale":"A496","cap":"54011","coordinate":{"lat":44.2055326,"lng":9.9698068}},{"nome":"Badia Tedalda","codice":"051003","regione":"toscana","provincia":"arezzo","codiceCatastale":"A541","cap":"52032","coordinate":{"lat":43.7089577,"lng":12.1864914}},{"nome":"Bagni di Lucca","codice":"046002","regione":"toscana","provincia":"lucca","codiceCatastale":"A560","cap":"55022","coordinate":{"lat":44.011949,"lng":10.5907796}},{"nome":"Bagno a Ripoli","codice":"048001","regione":"toscana","provincia":"firenze","codiceCatastale":"A564","cap":"50012","coordinate":{"lat":43.7536638,"lng":11.3226104}},{"nome":"Bagnone","codice":"045002","regione":"toscana","provincia":"massa-carrara","codiceCatastale":"A576","cap":"54021","coordinate":{"lat":44.3153196,"lng":9.9956531}},{"nome":"Barberino di Mugello","codice":"048002","regione":"toscana","provincia":"firenze","codiceCatastale":"A632","cap":"50031","coordinate":{"lat":44.001045,"lng":11.238543}},{"nome":"Barga","codice":"046003","regione":"toscana","provincia":"lucca","codiceCatastale":"A657","cap":"55051","coordinate":{"lat":44.0753333,"lng":10.4818888}},{"nome":"Bibbiena","codice":"051004","regione":"toscana","provincia":"arezzo","codiceCatastale":"A851","cap":"52011","coordinate":{"lat":43.6975,"lng":11.814537}},{"nome":"Bibbona","codice":"049001","regione":"toscana","provincia":"livorno","codiceCatastale":"A852","cap":"57020","coordinate":{"lat":43.2694489,"lng":10.5952101}},{"nome":"Bientina","codice":"050001","regione":"toscana","provincia":"pisa","codiceCatastale":"A864","cap":"56031","coordinate":{"lat":43.7099866,"lng":10.6197221}},{"nome":"Borgo a Mozzano","codice":"046004","regione":"toscana","provincia":"lucca","codiceCatastale":"B007","cap":"55023","coordinate":{"lat":43.9800185,"lng":10.5467222}},{"nome":"Borgo San Lorenzo","codice":"048004","regione":"toscana","provincia":"firenze","codiceCatastale":"B036","cap":"50032","coordinate":{"lat":43.9564259,"lng":11.384537}},{"nome":"Bucine","codice":"051005","regione":"toscana","provincia":"arezzo","codiceCatastale":"B243","cap":"52021","coordinate":{"lat":43.4775185,"lng":11.6159629}},{"nome":"Buggiano","codice":"047003","regione":"toscana","provincia":"pistoia","codiceCatastale":"B251","cap":"51011","coordinate":{"lat":43.8764013,"lng":10.7345354}},{"nome":"Buonconvento","codice":"052003","regione":"toscana","provincia":"siena","codiceCatastale":"B269","cap":"53022","coordinate":{"lat":43.1347037,"lng":11.4845555}},{"nome":"Buti","codice":"050002","regione":"toscana","provincia":"pisa","codiceCatastale":"B303","cap":"56032","coordinate":{"lat":43.726964,"lng":10.588882}},{"nome":"Calci","codice":"050003","regione":"toscana","provincia":"pisa","codiceCatastale":"B390","cap":"56011","coordinate":{"lat":43.7265439,"lng":10.515977}},{"nome":"Calcinaia","codice":"050004","regione":"toscana","provincia":"pisa","codiceCatastale":"B392","cap":"56012","coordinate":{"lat":43.683083,"lng":10.617305}},{"nome":"Calenzano","codice":"048005","regione":"toscana","provincia":"firenze","codiceCatastale":"B406","cap":"50041","coordinate":{"lat":43.8570555,"lng":11.1637592}},{"nome":"Camaiore","codice":"046005","regione":"toscana","provincia":"lucca","codiceCatastale":"B455","cap":"55041","coordinate":{"lat":43.9382162,"lng":10.3040819}},{"nome":"Campagnatico","codice":"053002","regione":"toscana","provincia":"grosseto","codiceCatastale":"B497","cap":"58042","coordinate":{"lat":42.8838153,"lng":11.2735283}},{"nome":"Campi Bisenzio","codice":"048006","regione":"toscana","provincia":"firenze","codiceCatastale":"B507","cap":"50013","coordinate":{"lat":43.8256481,"lng":11.1334444}},{"nome":"Campiglia Marittima","codice":"049002","regione":"toscana","provincia":"livorno","codiceCatastale":"B509","cap":"57021","coordinate":{"lat":43.060321,"lng":10.6144677}},{"nome":"Campo nell'Elba","codice":"049003","regione":"toscana","provincia":"livorno","codiceCatastale":"B553","cap":"57034","coordinate":{"lat":42.7489397,"lng":10.2343727}},{"nome":"Camporgiano","codice":"046006","regione":"toscana","provincia":"lucca","codiceCatastale":"B557","cap":"55031","coordinate":{"lat":44.1592696,"lng":10.3333732}},{"nome":"Cantagallo","codice":"100001","regione":"toscana","provincia":"prato","codiceCatastale":"B626","cap":"59025","coordinate":{"lat":44.0219504,"lng":11.0800925}},{"nome":"Capalbio","codice":"053003","regione":"toscana","provincia":"grosseto","codiceCatastale":"B646","cap":"58011","coordinate":{"lat":42.4542235,"lng":11.4215347}},{"nome":"Capannoli","codice":"050005","regione":"toscana","provincia":"pisa","codiceCatastale":"B647","cap":"56033","coordinate":{"lat":43.5905529,"lng":10.6706662}},{"nome":"Capannori","codice":"046007","regione":"toscana","provincia":"lucca","codiceCatastale":"B648","cap":"55012","coordinate":{"lat":43.842662,"lng":10.569406}},{"nome":"Capoliveri","codice":"049004","regione":"toscana","provincia":"livorno","codiceCatastale":"B669","cap":"57031","coordinate":{"lat":42.742873,"lng":10.378997}},{"nome":"Capolona","codice":"051006","regione":"toscana","provincia":"arezzo","codiceCatastale":"B670","cap":"52010","coordinate":{"lat":43.569866,"lng":11.866892}},{"nome":"Capraia e Limite","codice":"048008","regione":"toscana","provincia":"firenze","codiceCatastale":"B684","cap":"50050","coordinate":{"lat":43.7452534,"lng":10.9844628}},{"nome":"Capraia Isola","codice":"049005","regione":"toscana","provincia":"livorno","codiceCatastale":"B685","cap":"57032","coordinate":{"lat":43.050583,"lng":9.8429944}},{"nome":"Caprese Michelangelo","codice":"051007","regione":"toscana","provincia":"arezzo","codiceCatastale":"B693","cap":"52033","coordinate":{"lat":43.6409629,"lng":11.9859629}},{"nome":"Careggine","codice":"046008","regione":"toscana","provincia":"lucca","codiceCatastale":"B760","cap":"55030","coordinate":{"lat":44.1209444,"lng":10.3264074}},{"nome":"Carmignano","codice":"100002","regione":"toscana","provincia":"prato","codiceCatastale":"B794","cap":"59015","coordinate":{"lat":43.8123518,"lng":11.016574}},{"nome":"Carrara","codice":"045003","regione":"toscana","provincia":"massa-carrara","codiceCatastale":"B832","cap":"54033","coordinate":{"lat":44.079337,"lng":10.101236}},{"nome":"Casale Marittimo","codice":"050006","regione":"toscana","provincia":"pisa","codiceCatastale":"B878","cap":"56040","coordinate":{"lat":43.2977012,"lng":10.6158225}},{"nome":"Cascina","codice":"050008","regione":"toscana","provincia":"pisa","codiceCatastale":"B950","cap":"56021","coordinate":{"lat":43.676627,"lng":10.546802}},{"nome":"Casola in Lunigiana","codice":"045004","regione":"toscana","provincia":"massa-carrara","codiceCatastale":"B979","cap":"54014","coordinate":{"lat":44.2014074,"lng":10.1778148}},{"nome":"Casole d'Elsa","codice":"052004","regione":"toscana","provincia":"siena","codiceCatastale":"B984","cap":"53031","coordinate":{"lat":43.3407853,"lng":11.0438161}},{"nome":"Castagneto Carducci","codice":"049006","regione":"toscana","provincia":"livorno","codiceCatastale":"C044","cap":"57022","coordinate":{"lat":43.1597248,"lng":10.610966}},{"nome":"Castel del Piano","codice":"053004","regione":"toscana","provincia":"grosseto","codiceCatastale":"C085","cap":"58033","coordinate":{"lat":42.8911111,"lng":11.539537}},{"nome":"Castel Focognano","codice":"051008","regione":"toscana","provincia":"arezzo","codiceCatastale":"C102","cap":"52016","coordinate":{"lat":43.653711,"lng":11.7888798}},{"nome":"Castelfiorentino","codice":"048010","regione":"toscana","provincia":"firenze","codiceCatastale":"C101","cap":"50051","coordinate":{"lat":43.610994,"lng":10.969047}},{"nome":"Castelfranco di Sotto","codice":"050009","regione":"toscana","provincia":"pisa","codiceCatastale":"C113","cap":"56022","coordinate":{"lat":43.698988,"lng":10.742423}},{"nome":"Castell'Azzara","codice":"053005","regione":"toscana","provincia":"grosseto","codiceCatastale":"C147","cap":"58034","coordinate":{"lat":42.772846,"lng":11.698326}},{"nome":"Castellina in Chianti","codice":"052005","regione":"toscana","provincia":"siena","codiceCatastale":"C172","cap":"53011","coordinate":{"lat":43.4714322,"lng":11.285394}},{"nome":"Castellina Marittima","codice":"050010","regione":"toscana","provincia":"pisa","codiceCatastale":"C174","cap":"56040","coordinate":{"lat":43.4126615,"lng":10.5765108}},{"nome":"Castelnuovo Berardenga","codice":"052006","regione":"toscana","provincia":"siena","codiceCatastale":"C227","cap":"53019","coordinate":{"lat":43.3473518,"lng":11.5043888}},{"nome":"Castelnuovo di Garfagnana","codice":"046009","regione":"toscana","provincia":"lucca","codiceCatastale":"C236","cap":"55032","coordinate":{"lat":44.109253,"lng":10.411184}},{"nome":"Castelnuovo di Val di Cecina","codice":"050011","regione":"toscana","provincia":"pisa","codiceCatastale":"C244","cap":"56041","coordinate":{"lat":43.2120555,"lng":10.9028148}},{"nome":"Castiglion Fibocchi","codice":"051011","regione":"toscana","provincia":"arezzo","codiceCatastale":"C318","cap":"52029","coordinate":{"lat":43.5273964,"lng":11.7595306}},{"nome":"Castiglion Fiorentino","codice":"051012","regione":"toscana","provincia":"arezzo","codiceCatastale":"C319","cap":"52043","coordinate":{"lat":43.342325,"lng":11.916067}},{"nome":"Castiglione d'Orcia","codice":"052007","regione":"toscana","provincia":"siena","codiceCatastale":"C313","cap":"53023","coordinate":{"lat":43.0081185,"lng":11.615604}},{"nome":"Castiglione della Pescaia","codice":"053006","regione":"toscana","provincia":"grosseto","codiceCatastale":"C310","cap":"58043","coordinate":{"lat":42.7658642,"lng":10.8823578}},{"nome":"Castiglione di Garfagnana","codice":"046010","regione":"toscana","provincia":"lucca","codiceCatastale":"C303","cap":"55033","coordinate":{"lat":44.1492689,"lng":10.4110921}},{"nome":"Cavriglia","codice":"051013","regione":"toscana","provincia":"arezzo","codiceCatastale":"C407","cap":"52022","coordinate":{"lat":43.5212592,"lng":11.4879814}},{"nome":"Cecina","codice":"049007","regione":"toscana","provincia":"livorno","codiceCatastale":"C415","cap":"57023","coordinate":{"lat":43.310402,"lng":10.517785}},{"nome":"Cerreto Guidi","codice":"048011","regione":"toscana","provincia":"firenze","codiceCatastale":"C529","cap":"50050","coordinate":{"lat":43.7598248,"lng":10.8801659}},{"nome":"Certaldo","codice":"048012","regione":"toscana","provincia":"firenze","codiceCatastale":"C540","cap":"50052","coordinate":{"lat":43.547391,"lng":11.038561}},{"nome":"Cetona","codice":"052008","regione":"toscana","provincia":"siena","codiceCatastale":"C587","cap":"53040","coordinate":{"lat":42.965316,"lng":11.900409}},{"nome":"Chianciano Terme","codice":"052009","regione":"toscana","provincia":"siena","codiceCatastale":"C608","cap":"53042","coordinate":{"lat":43.0450185,"lng":11.8134444}},{"nome":"Chianni","codice":"050012","regione":"toscana","provincia":"pisa","codiceCatastale":"C609","cap":"56034","coordinate":{"lat":43.486038,"lng":10.642304}},{"nome":"Chiesina Uzzanese","codice":"047022","regione":"toscana","provincia":"pistoia","codiceCatastale":"C631","cap":"51013","coordinate":{"lat":43.8390271,"lng":10.7194804}},{"nome":"Chitignano","codice":"051014","regione":"toscana","provincia":"arezzo","codiceCatastale":"C648","cap":"52010","coordinate":{"lat":43.6634629,"lng":11.8823518}},{"nome":"Chiusdino","codice":"052010","regione":"toscana","provincia":"siena","codiceCatastale":"C661","cap":"53012","coordinate":{"lat":43.1543425,"lng":11.0801146}},{"nome":"Chiusi","codice":"052011","regione":"toscana","provincia":"siena","codiceCatastale":"C662","cap":"53043","coordinate":{"lat":43.017037,"lng":11.9484444}},{"nome":"Chiusi della Verna","codice":"051015","regione":"toscana","provincia":"arezzo","codiceCatastale":"C663","cap":"52010","coordinate":{"lat":43.6984444,"lng":11.9361111}},{"nome":"Cinigiano","codice":"053007","regione":"toscana","provincia":"grosseto","codiceCatastale":"C705","cap":"58044","coordinate":{"lat":42.8906762,"lng":11.3930021}},{"nome":"Civitella in Val di Chiana","codice":"051016","regione":"toscana","provincia":"arezzo","codiceCatastale":"C774","cap":"52041","coordinate":{"lat":43.4181237,"lng":11.7243339}},{"nome":"Civitella Paganico","codice":"053008","regione":"toscana","provincia":"grosseto","codiceCatastale":"C782","cap":"58045","coordinate":{"lat":42.9949096,"lng":11.28154}},{"nome":"Colle di Val d'Elsa","codice":"052012","regione":"toscana","provincia":"siena","codiceCatastale":"C847","cap":"53034","coordinate":{"lat":43.4162777,"lng":11.1325185}},{"nome":"Collesalvetti","codice":"049008","regione":"toscana","provincia":"livorno","codiceCatastale":"C869","cap":"57014","coordinate":{"lat":43.5898518,"lng":10.4759629}},{"nome":"Comano","codice":"045005","regione":"toscana","provincia":"massa-carrara","codiceCatastale":"C914","cap":"54015","coordinate":{"lat":44.2943888,"lng":10.1322037}},{"nome":"Coreglia Antelminelli","codice":"046011","regione":"toscana","provincia":"lucca","codiceCatastale":"C996","cap":"55025","coordinate":{"lat":44.0647037,"lng":10.526574}},{"nome":"Cortona","codice":"051017","regione":"toscana","provincia":"arezzo","codiceCatastale":"D077","cap":"52044","coordinate":{"lat":43.2740814,"lng":11.9877538}},{"nome":"Dicomano","codice":"048013","regione":"toscana","provincia":"firenze","codiceCatastale":"D299","cap":"50062","coordinate":{"lat":43.8920555,"lng":11.5222037}},{"nome":"Empoli","codice":"048014","regione":"toscana","provincia":"firenze","codiceCatastale":"D403","cap":"50053","coordinate":{"lat":43.7186111,"lng":10.9425185}},{"nome":"Fauglia","codice":"050014","regione":"toscana","provincia":"pisa","codiceCatastale":"D510","cap":"56043","coordinate":{"lat":43.570469,"lng":10.513954}},{"nome":"Fiesole","codice":"048015","regione":"toscana","provincia":"firenze","codiceCatastale":"D575","cap":"50014","coordinate":{"lat":43.8069331,"lng":11.2927658}},{"nome":"Filattiera","codice":"045006","regione":"toscana","provincia":"massa-carrara","codiceCatastale":"D590","cap":"54023","coordinate":{"lat":44.3311111,"lng":9.9342407}},{"nome":"Firenze","codice":"048017","regione":"toscana","provincia":"firenze","codiceCatastale":"D612","cap":"50121","coordinate":{"lat":43.7687324,"lng":11.2569013}},{"nome":"Firenzuola","codice":"048018","regione":"toscana","provincia":"firenze","codiceCatastale":"D613","cap":"50033","coordinate":{"lat":44.1206516,"lng":11.3802761}},{"nome":"Fivizzano","codice":"045007","regione":"toscana","provincia":"massa-carrara","codiceCatastale":"D629","cap":"54013","coordinate":{"lat":44.2393888,"lng":10.127037}},{"nome":"Foiano della Chiana","codice":"051018","regione":"toscana","provincia":"arezzo","codiceCatastale":"D649","cap":"52045","coordinate":{"lat":43.250456,"lng":11.818152}},{"nome":"Follonica","codice":"053009","regione":"toscana","provincia":"grosseto","codiceCatastale":"D656","cap":"58022","coordinate":{"lat":42.918916,"lng":10.761376}},{"nome":"Forte dei Marmi","codice":"046013","regione":"toscana","provincia":"lucca","codiceCatastale":"D730","cap":"55042","coordinate":{"lat":43.9659629,"lng":10.1734444}},{"nome":"Fosciandora","codice":"046014","regione":"toscana","provincia":"lucca","codiceCatastale":"D734","cap":"55020","coordinate":{"lat":44.1159432,"lng":10.4595427}},{"nome":"Fosdinovo","codice":"045008","regione":"toscana","provincia":"massa-carrara","codiceCatastale":"D735","cap":"54035","coordinate":{"lat":44.1332732,"lng":10.0176036}},{"nome":"Fucecchio","codice":"048019","regione":"toscana","provincia":"firenze","codiceCatastale":"D815","cap":"50054","coordinate":{"lat":43.7289259,"lng":10.8112777}},{"nome":"Gaiole in Chianti","codice":"052013","regione":"toscana","provincia":"siena","codiceCatastale":"D858","cap":"53013","coordinate":{"lat":43.469303,"lng":11.4333039}},{"nome":"Gallicano","codice":"046015","regione":"toscana","provincia":"lucca","codiceCatastale":"D874","cap":"55027","coordinate":{"lat":44.060834,"lng":10.440026}},{"nome":"Gambassi Terme","codice":"048020","regione":"toscana","provincia":"firenze","codiceCatastale":"D895","cap":"50050","coordinate":{"lat":43.540104,"lng":10.954871}},{"nome":"Gavorrano","codice":"053010","regione":"toscana","provincia":"grosseto","codiceCatastale":"D948","cap":"58023","coordinate":{"lat":42.9253333,"lng":10.9103333}},{"nome":"Greve in Chianti","codice":"048021","regione":"toscana","provincia":"firenze","codiceCatastale":"E169","cap":"50022","coordinate":{"lat":43.5850969,"lng":11.3153622}},{"nome":"Grosseto","codice":"053011","regione":"toscana","provincia":"grosseto","codiceCatastale":"E202","cap":"58100","coordinate":{"lat":42.7628597,"lng":11.1127828}},{"nome":"Guardistallo","codice":"050015","regione":"toscana","provincia":"pisa","codiceCatastale":"E250","cap":"56040","coordinate":{"lat":43.3137592,"lng":10.6337777}},{"nome":"Impruneta","codice":"048022","regione":"toscana","provincia":"firenze","codiceCatastale":"E291","cap":"50023","coordinate":{"lat":43.685975,"lng":11.254211}},{"nome":"Isola del Giglio","codice":"053012","regione":"toscana","provincia":"grosseto","codiceCatastale":"E348","cap":"58012","coordinate":{"lat":42.3656142,"lng":10.9015253}},{"nome":"Lajatico","codice":"050016","regione":"toscana","provincia":"pisa","codiceCatastale":"E413","cap":"56030","coordinate":{"lat":43.476239,"lng":10.729047}},{"nome":"Lamporecchio","codice":"047005","regione":"toscana","provincia":"pistoia","codiceCatastale":"E432","cap":"51035","coordinate":{"lat":43.8098703,"lng":10.8897037}},{"nome":"Larciano","codice":"047006","regione":"toscana","provincia":"pistoia","codiceCatastale":"E451","cap":"51036","coordinate":{"lat":43.8338586,"lng":10.8896919}},{"nome":"Lastra a Signa","codice":"048024","regione":"toscana","provincia":"firenze","codiceCatastale":"E466","cap":"50055","coordinate":{"lat":43.769793,"lng":11.105177}},{"nome":"Licciana Nardi","codice":"045009","regione":"toscana","provincia":"massa-carrara","codiceCatastale":"E574","cap":"54016","coordinate":{"lat":44.2646187,"lng":10.035774}},{"nome":"Livorno","codice":"049009","regione":"toscana","provincia":"livorno","codiceCatastale":"E625","cap":"57121","coordinate":{"lat":43.551876,"lng":10.3080108}},{"nome":"Londa","codice":"048025","regione":"toscana","provincia":"firenze","codiceCatastale":"E668","cap":"50060","coordinate":{"lat":43.8618723,"lng":11.5701216}},{"nome":"Loro Ciuffenna","codice":"051020","regione":"toscana","provincia":"arezzo","codiceCatastale":"E693","cap":"52024","coordinate":{"lat":43.5926435,"lng":11.6328913}},{"nome":"Lucca","codice":"046017","regione":"toscana","provincia":"lucca","codiceCatastale":"E715","cap":"55100","coordinate":{"lat":43.8430139,"lng":10.507994}},{"nome":"Lucignano","codice":"051021","regione":"toscana","provincia":"arezzo","codiceCatastale":"E718","cap":"52046","coordinate":{"lat":43.2746981,"lng":11.7459853}},{"nome":"Magliano in Toscana","codice":"053013","regione":"toscana","provincia":"grosseto","codiceCatastale":"E810","cap":"58051","coordinate":{"lat":42.599074,"lng":11.2934629}},{"nome":"Manciano","codice":"053014","regione":"toscana","provincia":"grosseto","codiceCatastale":"E875","cap":"58014","coordinate":{"lat":42.5888023,"lng":11.5173102}},{"nome":"Marciana","codice":"049010","regione":"toscana","provincia":"livorno","codiceCatastale":"E930","cap":"57030","coordinate":{"lat":42.793128,"lng":10.1686095}},{"nome":"Marciana Marina","codice":"049011","regione":"toscana","provincia":"livorno","codiceCatastale":"E931","cap":"57033","coordinate":{"lat":42.8037592,"lng":10.1973518}},{"nome":"Marciano della Chiana","codice":"051022","regione":"toscana","provincia":"arezzo","codiceCatastale":"E933","cap":"52047","coordinate":{"lat":43.3059444,"lng":11.7875185}},{"nome":"Marliana","codice":"047007","regione":"toscana","provincia":"pistoia","codiceCatastale":"E960","cap":"51010","coordinate":{"lat":43.9337158,"lng":10.7694476}},{"nome":"Marradi","codice":"048026","regione":"toscana","provincia":"firenze","codiceCatastale":"E971","cap":"50034","coordinate":{"lat":44.0756481,"lng":11.6131296}},{"nome":"Massa","codice":"045010","regione":"toscana","provincia":"massa-carrara","codiceCatastale":"F023","cap":"54100","coordinate":{"lat":44.0386917,"lng":10.1441887}},{"nome":"Massa e Cozzile","codice":"047008","regione":"toscana","provincia":"pistoia","codiceCatastale":"F025","cap":"51010","coordinate":{"lat":43.909386,"lng":10.744135}},{"nome":"Massa Marittima","codice":"053015","regione":"toscana","provincia":"grosseto","codiceCatastale":"F032","cap":"58024","coordinate":{"lat":43.05,"lng":10.8939259}},{"nome":"Massarosa","codice":"046018","regione":"toscana","provincia":"lucca","codiceCatastale":"F035","cap":"55054","coordinate":{"lat":43.8687777,"lng":10.3407962}},{"nome":"Minucciano","codice":"046019","regione":"toscana","provincia":"lucca","codiceCatastale":"F225","cap":"55034","coordinate":{"lat":44.1714074,"lng":10.2087777}},{"nome":"Molazzana","codice":"046020","regione":"toscana","provincia":"lucca","codiceCatastale":"F283","cap":"55020","coordinate":{"lat":44.0728333,"lng":10.4189259}},{"nome":"Monsummano Terme","codice":"047009","regione":"toscana","provincia":"pistoia","codiceCatastale":"F384","cap":"51015","coordinate":{"lat":43.8714259,"lng":10.8134629}},{"nome":"Montaione","codice":"048027","regione":"toscana","provincia":"firenze","codiceCatastale":"F398","cap":"50050","coordinate":{"lat":43.5536111,"lng":10.9117222}},{"nome":"Montalcino","codice":"052037","regione":"toscana","provincia":"siena","codiceCatastale":"M378","cap":"53024","coordinate":{"lat":43.0605903,"lng":11.4889829}},{"nome":"Montale","codice":"047010","regione":"toscana","provincia":"pistoia","codiceCatastale":"F410","cap":"51037","coordinate":{"lat":43.936574,"lng":11.0181296}},{"nome":"Monte Argentario","codice":"053016","regione":"toscana","provincia":"grosseto","codiceCatastale":"F437","cap":"58019","coordinate":{"lat":42.4356673,"lng":11.1206568}},{"nome":"Monte San Savino","codice":"051025","regione":"toscana","provincia":"arezzo","codiceCatastale":"F628","cap":"52048","coordinate":{"lat":43.329742,"lng":11.7313103}},{"nome":"Montecarlo","codice":"046021","regione":"toscana","provincia":"lucca","codiceCatastale":"F452","cap":"55015","coordinate":{"lat":43.8523703,"lng":10.6693888}},{"nome":"Montecatini Val di Cecina","codice":"050019","regione":"toscana","provincia":"pisa","codiceCatastale":"F458","cap":"56040","coordinate":{"lat":43.392473,"lng":10.749653}},{"nome":"Montelupo Fiorentino","codice":"048028","regione":"toscana","provincia":"firenze","codiceCatastale":"F551","cap":"50056","coordinate":{"lat":43.7339315,"lng":11.0213697}},{"nome":"Montemignaio","codice":"051023","regione":"toscana","provincia":"arezzo","codiceCatastale":"F565","cap":"52010","coordinate":{"lat":43.7409629,"lng":11.6198518}},{"nome":"Montemurlo","codice":"100003","regione":"toscana","provincia":"prato","codiceCatastale":"F572","cap":"59013","coordinate":{"lat":43.925668,"lng":11.040384}},{"nome":"Montepulciano","codice":"052015","regione":"toscana","provincia":"siena","codiceCatastale":"F592","cap":"53045","coordinate":{"lat":43.092926,"lng":11.782389}},{"nome":"Monterchi","codice":"051024","regione":"toscana","provincia":"arezzo","codiceCatastale":"F594","cap":"52035","coordinate":{"lat":43.4893888,"lng":12.1122037}},{"nome":"Monteriggioni","codice":"052016","regione":"toscana","provincia":"siena","codiceCatastale":"F598","cap":"53035","coordinate":{"lat":43.3896642,"lng":11.2244584}},{"nome":"Monteroni d'Arbia","codice":"052017","regione":"toscana","provincia":"siena","codiceCatastale":"F605","cap":"53014","coordinate":{"lat":43.2303148,"lng":11.4220555}},{"nome":"Monterotondo Marittimo","codice":"053027","regione":"toscana","provincia":"grosseto","codiceCatastale":"F612","cap":"58025","coordinate":{"lat":43.1466284,"lng":10.855959}},{"nome":"Montescudaio","codice":"050020","regione":"toscana","provincia":"pisa","codiceCatastale":"F640","cap":"56040","coordinate":{"lat":43.327037,"lng":10.627037}},{"nome":"Montespertoli","codice":"048030","regione":"toscana","provincia":"firenze","codiceCatastale":"F648","cap":"50025","coordinate":{"lat":43.642935,"lng":11.07658}},{"nome":"Montevarchi","codice":"051026","regione":"toscana","provincia":"arezzo","codiceCatastale":"F656","cap":"52025","coordinate":{"lat":43.5287701,"lng":11.5700069}},{"nome":"Monteverdi Marittimo","codice":"050021","regione":"toscana","provincia":"pisa","codiceCatastale":"F661","cap":"56040","coordinate":{"lat":43.1784242,"lng":10.7156392}},{"nome":"Monticiano","codice":"052018","regione":"toscana","provincia":"siena","codiceCatastale":"F676","cap":"53015","coordinate":{"lat":43.1406257,"lng":11.1799937}},{"nome":"Montieri","codice":"053017","regione":"toscana","provincia":"grosseto","codiceCatastale":"F677","cap":"58026","coordinate":{"lat":43.1311555,"lng":11.0166408}},{"nome":"Montignoso","codice":"045011","regione":"toscana","provincia":"massa-carrara","codiceCatastale":"F679","cap":"54038","coordinate":{"lat":44.016089,"lng":10.170191}},{"nome":"Mulazzo","codice":"045012","regione":"toscana","provincia":"massa-carrara","codiceCatastale":"F802","cap":"54026","coordinate":{"lat":44.3148394,"lng":9.8883558}},{"nome":"Murlo","codice":"052019","regione":"toscana","provincia":"siena","codiceCatastale":"F815","cap":"53016","coordinate":{"lat":43.168716,"lng":11.3910389}},{"nome":"Orbetello","codice":"053018","regione":"toscana","provincia":"grosseto","codiceCatastale":"G088","cap":"58015","coordinate":{"lat":42.4422682,"lng":11.2206616}},{"nome":"Orciano Pisano","codice":"050023","regione":"toscana","provincia":"pisa","codiceCatastale":"G090","cap":"56040","coordinate":{"lat":43.4954857,"lng":10.5130156}},{"nome":"Ortignano Raggiolo","codice":"051027","regione":"toscana","provincia":"arezzo","codiceCatastale":"G139","cap":"52010","coordinate":{"lat":43.6809444,"lng":11.7498518}},{"nome":"Palaia","codice":"050024","regione":"toscana","provincia":"pisa","codiceCatastale":"G254","cap":"56036","coordinate":{"lat":43.6051815,"lng":10.7743454}},{"nome":"Palazzuolo sul Senio","codice":"048031","regione":"toscana","provincia":"firenze","codiceCatastale":"G270","cap":"50035","coordinate":{"lat":44.1134723,"lng":11.5480254}},{"nome":"Peccioli","codice":"050025","regione":"toscana","provincia":"pisa","codiceCatastale":"G395","cap":"56037","coordinate":{"lat":43.546615,"lng":10.719196}},{"nome":"Pelago","codice":"048032","regione":"toscana","provincia":"firenze","codiceCatastale":"G420","cap":"50060","coordinate":{"lat":43.7721781,"lng":11.5040349}},{"nome":"Pescaglia","codice":"046022","regione":"toscana","provincia":"lucca","codiceCatastale":"G480","cap":"55064","coordinate":{"lat":43.9673703,"lng":10.4122037}},{"nome":"Pescia","codice":"047012","regione":"toscana","provincia":"pistoia","codiceCatastale":"G491","cap":"51017","coordinate":{"lat":43.8981481,"lng":10.6914074}},{"nome":"Piancastagnaio","codice":"052020","regione":"toscana","provincia":"siena","codiceCatastale":"G547","cap":"53025","coordinate":{"lat":42.8517407,"lng":11.6859444}},{"nome":"Piazza al Serchio","codice":"046023","regione":"toscana","provincia":"lucca","codiceCatastale":"G582","cap":"55035","coordinate":{"lat":44.1844018,"lng":10.2978229}},{"nome":"Pienza","codice":"052021","regione":"toscana","provincia":"siena","codiceCatastale":"G602","cap":"53026","coordinate":{"lat":43.0789259,"lng":11.6789074}},{"nome":"Pietrasanta","codice":"046024","regione":"toscana","provincia":"lucca","codiceCatastale":"G628","cap":"55045","coordinate":{"lat":43.9566592,"lng":10.2266416}},{"nome":"Pieve a Nievole","codice":"047013","regione":"toscana","provincia":"pistoia","codiceCatastale":"G636","cap":"51018","coordinate":{"lat":43.8728333,"lng":10.8025}},{"nome":"Pieve Fosciana","codice":"046025","regione":"toscana","provincia":"lucca","codiceCatastale":"G648","cap":"55036","coordinate":{"lat":44.1319737,"lng":10.4104628}},{"nome":"Pieve Santo Stefano","codice":"051030","regione":"toscana","provincia":"arezzo","codiceCatastale":"G653","cap":"52036","coordinate":{"lat":43.671143,"lng":12.040796}},{"nome":"Piombino","codice":"049012","regione":"toscana","provincia":"livorno","codiceCatastale":"G687","cap":"57025","coordinate":{"lat":42.925851,"lng":10.525432}},{"nome":"Pisa","codice":"050026","regione":"toscana","provincia":"pisa","codiceCatastale":"G702","cap":"56121","coordinate":{"lat":43.716135,"lng":10.3966024}},{"nome":"Pistoia","codice":"047014","regione":"toscana","provincia":"pistoia","codiceCatastale":"G713","cap":"51100","coordinate":{"lat":43.9321551,"lng":10.9185234}},{"nome":"Pitigliano","codice":"053019","regione":"toscana","provincia":"grosseto","codiceCatastale":"G716","cap":"58017","coordinate":{"lat":42.6359629,"lng":11.674537}},{"nome":"Podenzana","codice":"045013","regione":"toscana","provincia":"massa-carrara","codiceCatastale":"G746","cap":"54010","coordinate":{"lat":44.2073703,"lng":9.9431481}},{"nome":"Poggibonsi","codice":"052022","regione":"toscana","provincia":"siena","codiceCatastale":"G752","cap":"53036","coordinate":{"lat":43.4734444,"lng":11.1467407}},{"nome":"Poggio a Caiano","codice":"100004","regione":"toscana","provincia":"prato","codiceCatastale":"G754","cap":"59016","coordinate":{"lat":43.8147037,"lng":11.0517222}},{"nome":"Pomarance","codice":"050027","regione":"toscana","provincia":"pisa","codiceCatastale":"G804","cap":"56045","coordinate":{"lat":43.3000185,"lng":10.8739259}},{"nome":"Ponsacco","codice":"050028","regione":"toscana","provincia":"pisa","codiceCatastale":"G822","cap":"56038","coordinate":{"lat":43.6248518,"lng":10.6301666}},{"nome":"Pontassieve","codice":"048033","regione":"toscana","provincia":"firenze","codiceCatastale":"G825","cap":"50065","coordinate":{"lat":43.774638,"lng":11.440445}},{"nome":"Ponte Buggianese","codice":"047016","regione":"toscana","provincia":"pistoia","codiceCatastale":"G833","cap":"51019","coordinate":{"lat":43.8439259,"lng":10.7487777}},{"nome":"Pontedera","codice":"050029","regione":"toscana","provincia":"pisa","codiceCatastale":"G843","cap":"56025","coordinate":{"lat":43.6626666,"lng":10.6328333}},{"nome":"Pontremoli","codice":"045014","regione":"toscana","provincia":"massa-carrara","codiceCatastale":"G870","cap":"54027","coordinate":{"lat":44.3755565,"lng":9.8783017}},{"nome":"Poppi","codice":"051031","regione":"toscana","provincia":"arezzo","codiceCatastale":"G879","cap":"52014","coordinate":{"lat":43.7327705,"lng":11.7640259}},{"nome":"Porcari","codice":"046026","regione":"toscana","provincia":"lucca","codiceCatastale":"G882","cap":"55016","coordinate":{"lat":43.8451666,"lng":10.6175185}},{"nome":"Porto Azzurro","codice":"049013","regione":"toscana","provincia":"livorno","codiceCatastale":"E680","cap":"57036","coordinate":{"lat":42.7679814,"lng":10.3967222}},{"nome":"Portoferraio","codice":"049014","regione":"toscana","provincia":"livorno","codiceCatastale":"G912","cap":"57037","coordinate":{"lat":42.8125113,"lng":10.3156225}},{"nome":"Prato","codice":"100005","regione":"toscana","provincia":"prato","codiceCatastale":"G999","cap":"59100","coordinate":{"lat":43.8796987,"lng":11.0963121}},{"nome":"Quarrata","codice":"047017","regione":"toscana","provincia":"pistoia","codiceCatastale":"H109","cap":"51039","coordinate":{"lat":43.8509629,"lng":10.9817222}},{"nome":"Radda in Chianti","codice":"052023","regione":"toscana","provincia":"siena","codiceCatastale":"H153","cap":"53017","coordinate":{"lat":43.4864945,"lng":11.3732326}},{"nome":"Radicofani","codice":"052024","regione":"toscana","provincia":"siena","codiceCatastale":"H156","cap":"53040","coordinate":{"lat":42.896574,"lng":11.7711111}},{"nome":"Radicondoli","codice":"052025","regione":"toscana","provincia":"siena","codiceCatastale":"H157","cap":"53030","coordinate":{"lat":43.261491,"lng":11.0448017}},{"nome":"Rapolano Terme","codice":"052026","regione":"toscana","provincia":"siena","codiceCatastale":"H185","cap":"53040","coordinate":{"lat":43.285569,"lng":11.604801}},{"nome":"Reggello","codice":"048035","regione":"toscana","provincia":"firenze","codiceCatastale":"H222","cap":"50066","coordinate":{"lat":43.6822078,"lng":11.5309341}},{"nome":"Rignano sull'Arno","codice":"048036","regione":"toscana","provincia":"firenze","codiceCatastale":"H286","cap":"50067","coordinate":{"lat":43.722037,"lng":11.4525185}},{"nome":"Riparbella","codice":"050030","regione":"toscana","provincia":"pisa","codiceCatastale":"H319","cap":"56046","coordinate":{"lat":43.3657962,"lng":10.6003148}},{"nome":"Roccalbegna","codice":"053020","regione":"toscana","provincia":"grosseto","codiceCatastale":"H417","cap":"58053","coordinate":{"lat":42.7858201,"lng":11.5078745}},{"nome":"Roccastrada","codice":"053021","regione":"toscana","provincia":"grosseto","codiceCatastale":"H449","cap":"58036","coordinate":{"lat":43.0104718,"lng":11.1683094}},{"nome":"Rosignano Marittimo","codice":"049017","regione":"toscana","provincia":"livorno","codiceCatastale":"H570","cap":"57016","coordinate":{"lat":43.405624,"lng":10.473952}},{"nome":"Rufina","codice":"048037","regione":"toscana","provincia":"firenze","codiceCatastale":"H635","cap":"50068","coordinate":{"lat":43.8253333,"lng":11.4861111}},{"nome":"Sambuca Pistoiese","codice":"047018","regione":"toscana","provincia":"pistoia","codiceCatastale":"H744","cap":"51020","coordinate":{"lat":44.1053148,"lng":11.0006296}},{"nome":"San Casciano dei Bagni","codice":"052027","regione":"toscana","provincia":"siena","codiceCatastale":"H790","cap":"53040","coordinate":{"lat":42.871562,"lng":11.8752113}},{"nome":"San Casciano in Val di Pesa","codice":"048038","regione":"toscana","provincia":"firenze","codiceCatastale":"H791","cap":"50026","coordinate":{"lat":43.66,"lng":11.1906481}},{"nome":"San Gimignano","codice":"052028","regione":"toscana","provincia":"siena","codiceCatastale":"H875","cap":"53037","coordinate":{"lat":43.4703333,"lng":11.0437592}},{"nome":"San Giovanni Valdarno","codice":"051033","regione":"toscana","provincia":"arezzo","codiceCatastale":"H901","cap":"52027","coordinate":{"lat":43.5645555,"lng":11.5328148}},{"nome":"San Giuliano Terme","codice":"050031","regione":"toscana","provincia":"pisa","codiceCatastale":"A562","cap":"56017","coordinate":{"lat":43.762515,"lng":10.440353}},{"nome":"San Godenzo","codice":"048039","regione":"toscana","provincia":"firenze","codiceCatastale":"H937","cap":"50060","coordinate":{"lat":43.9260883,"lng":11.6180187}},{"nome":"San Miniato","codice":"050032","regione":"toscana","provincia":"pisa","codiceCatastale":"I046","cap":"56028","coordinate":{"lat":43.679363,"lng":10.85133}},{"nome":"San Quirico d'Orcia","codice":"052030","regione":"toscana","provincia":"siena","codiceCatastale":"I135","cap":"53027","coordinate":{"lat":43.0576666,"lng":11.6059629}},{"nome":"San Romano in Garfagnana","codice":"046027","regione":"toscana","provincia":"lucca","codiceCatastale":"I142","cap":"55038","coordinate":{"lat":44.1703436,"lng":10.3473931}},{"nome":"San Vincenzo","codice":"049018","regione":"toscana","provincia":"livorno","codiceCatastale":"I390","cap":"57027","coordinate":{"lat":43.0939259,"lng":10.5418888}},{"nome":"Sansepolcro","codice":"051034","regione":"toscana","provincia":"arezzo","codiceCatastale":"I155","cap":"52037","coordinate":{"lat":43.5756296,"lng":12.144074}},{"nome":"Santa Fiora","codice":"053022","regione":"toscana","provincia":"grosseto","codiceCatastale":"I187","cap":"58037","coordinate":{"lat":42.8319541,"lng":11.5851816}},{"nome":"Santa Luce","codice":"050034","regione":"toscana","provincia":"pisa","codiceCatastale":"I217","cap":"56040","coordinate":{"lat":43.4721969,"lng":10.564734}},{"nome":"Santa Maria a Monte","codice":"050035","regione":"toscana","provincia":"pisa","codiceCatastale":"I232","cap":"56020","coordinate":{"lat":43.7009444,"lng":10.69}},{"nome":"Sarteano","codice":"052031","regione":"toscana","provincia":"siena","codiceCatastale":"I445","cap":"53047","coordinate":{"lat":42.989227,"lng":11.866929}},{"nome":"Sassetta","codice":"049019","regione":"toscana","provincia":"livorno","codiceCatastale":"I454","cap":"57020","coordinate":{"lat":43.1291462,"lng":10.6432402}},{"nome":"Scandicci","codice":"048041","regione":"toscana","provincia":"firenze","codiceCatastale":"B962","cap":"50018","coordinate":{"lat":43.753486,"lng":11.18916}},{"nome":"Scansano","codice":"053023","regione":"toscana","provincia":"grosseto","codiceCatastale":"I504","cap":"58054","coordinate":{"lat":42.6887071,"lng":11.334761}},{"nome":"Scarlino","codice":"053024","regione":"toscana","provincia":"grosseto","codiceCatastale":"I510","cap":"58020","coordinate":{"lat":42.9090207,"lng":10.850567}},{"nome":"Seggiano","codice":"053025","regione":"toscana","provincia":"grosseto","codiceCatastale":"I571","cap":"58038","coordinate":{"lat":42.9284906,"lng":11.5604867}},{"nome":"Semproniano","codice":"053028","regione":"toscana","provincia":"grosseto","codiceCatastale":"I601","cap":"58055","coordinate":{"lat":42.729914,"lng":11.540671}},{"nome":"Seravezza","codice":"046028","regione":"toscana","provincia":"lucca","codiceCatastale":"I622","cap":"55047","coordinate":{"lat":43.9945216,"lng":10.2274851}},{"nome":"Serravalle Pistoiese","codice":"047020","regione":"toscana","provincia":"pistoia","codiceCatastale":"I660","cap":"51034","coordinate":{"lat":43.9061464,"lng":10.8343093}},{"nome":"Sestino","codice":"051035","regione":"toscana","provincia":"arezzo","codiceCatastale":"I681","cap":"52038","coordinate":{"lat":43.7106296,"lng":12.2989259}},{"nome":"Sesto Fiorentino","codice":"048043","regione":"toscana","provincia":"firenze","codiceCatastale":"I684","cap":"50019","coordinate":{"lat":43.8356481,"lng":11.1962592}},{"nome":"Siena","codice":"052032","regione":"toscana","provincia":"siena","codiceCatastale":"I726","cap":"53100","coordinate":{"lat":43.3186614,"lng":11.3305135}},{"nome":"Signa","codice":"048044","regione":"toscana","provincia":"firenze","codiceCatastale":"I728","cap":"50058","coordinate":{"lat":43.7813712,"lng":11.0970101}},{"nome":"Sinalunga","codice":"052033","regione":"toscana","provincia":"siena","codiceCatastale":"A468","cap":"53048","coordinate":{"lat":43.214915,"lng":11.743505}},{"nome":"Sorano","codice":"053026","regione":"toscana","provincia":"grosseto","codiceCatastale":"I841","cap":"58010","coordinate":{"lat":42.6825789,"lng":11.713699}},{"nome":"Sovicille","codice":"052034","regione":"toscana","provincia":"siena","codiceCatastale":"I877","cap":"53018","coordinate":{"lat":43.2792251,"lng":11.2277212}},{"nome":"Stazzema","codice":"046030","regione":"toscana","provincia":"lucca","codiceCatastale":"I942","cap":"55040","coordinate":{"lat":43.9928812,"lng":10.3111963}},{"nome":"Subbiano","codice":"051037","regione":"toscana","provincia":"arezzo","codiceCatastale":"I991","cap":"52010","coordinate":{"lat":43.575577,"lng":11.871327}},{"nome":"Suvereto","codice":"049020","regione":"toscana","provincia":"livorno","codiceCatastale":"L019","cap":"57028","coordinate":{"lat":43.0782962,"lng":10.6792407}},{"nome":"Talla","codice":"051038","regione":"toscana","provincia":"arezzo","codiceCatastale":"L038","cap":"52010","coordinate":{"lat":43.6028148,"lng":11.7881296}},{"nome":"Terranuova Bracciolini","codice":"051039","regione":"toscana","provincia":"arezzo","codiceCatastale":"L123","cap":"52028","coordinate":{"lat":43.5533553,"lng":11.5898485}},{"nome":"Terricciola","codice":"050036","regione":"toscana","provincia":"pisa","codiceCatastale":"L138","cap":"56030","coordinate":{"lat":43.523921,"lng":10.676411}},{"nome":"Torrita di Siena","codice":"052035","regione":"toscana","provincia":"siena","codiceCatastale":"L303","cap":"53049","coordinate":{"lat":43.1712592,"lng":11.7804814}},{"nome":"Trequanda","codice":"052036","regione":"toscana","provincia":"siena","codiceCatastale":"L384","cap":"53020","coordinate":{"lat":43.1887592,"lng":11.6686111}},{"nome":"Tresana","codice":"045015","regione":"toscana","provincia":"massa-carrara","codiceCatastale":"L386","cap":"54012","coordinate":{"lat":44.2553333,"lng":9.9139074}},{"nome":"Uzzano","codice":"047021","regione":"toscana","provincia":"pistoia","codiceCatastale":"L522","cap":"51010","coordinate":{"lat":43.8822542,"lng":10.7104263}},{"nome":"Vagli Sotto","codice":"046031","regione":"toscana","provincia":"lucca","codiceCatastale":"L533","cap":"55030","coordinate":{"lat":44.1095921,"lng":10.2891549}},{"nome":"Vaglia","codice":"048046","regione":"toscana","provincia":"firenze","codiceCatastale":"L529","cap":"50036","coordinate":{"lat":43.9114259,"lng":11.2801666}},{"nome":"Vaiano","codice":"100006","regione":"toscana","provincia":"prato","codiceCatastale":"L537","cap":"59021","coordinate":{"lat":43.9691679,"lng":11.1234113}},{"nome":"Vecchiano","codice":"050037","regione":"toscana","provincia":"pisa","codiceCatastale":"L702","cap":"56019","coordinate":{"lat":43.780988,"lng":10.383387}},{"nome":"Vernio","codice":"100007","regione":"toscana","provincia":"prato","codiceCatastale":"L775","cap":"59024","coordinate":{"lat":44.045044,"lng":11.151041}},{"nome":"Viareggio","codice":"046033","regione":"toscana","provincia":"lucca","codiceCatastale":"L833","cap":"55049","coordinate":{"lat":43.874537,"lng":10.2568888}},{"nome":"Vicchio","codice":"048049","regione":"toscana","provincia":"firenze","codiceCatastale":"L838","cap":"50039","coordinate":{"lat":43.932619,"lng":11.4671869}},{"nome":"Vicopisano","codice":"050038","regione":"toscana","provincia":"pisa","codiceCatastale":"L850","cap":"56010","coordinate":{"lat":43.6871451,"lng":10.582597}},{"nome":"Villa Basilica","codice":"046034","regione":"toscana","provincia":"lucca","codiceCatastale":"L913","cap":"55019","coordinate":{"lat":43.9258262,"lng":10.6445029}},{"nome":"Villa Collemandina","codice":"046035","regione":"toscana","provincia":"lucca","codiceCatastale":"L926","cap":"55030","coordinate":{"lat":44.159537,"lng":10.3987777}},{"nome":"Villafranca in Lunigiana","codice":"045016","regione":"toscana","provincia":"massa-carrara","codiceCatastale":"L946","cap":"54028","coordinate":{"lat":44.2959629,"lng":9.95}},{"nome":"Vinci","codice":"048050","regione":"toscana","provincia":"firenze","codiceCatastale":"M059","cap":"50059","coordinate":{"lat":43.7798518,"lng":10.9234444}},{"nome":"Volterra","codice":"050039","regione":"toscana","provincia":"pisa","codiceCatastale":"M126","cap":"56048","coordinate":{"lat":43.4014259,"lng":10.8611111}},{"nome":"Zeri","codice":"045017","regione":"toscana","provincia":"massa-carrara","codiceCatastale":"M169","cap":"54029","coordinate":{"lat":44.341733,"lng":9.7591059}},{"nome":"Abetone Cutigliano","codice":"047023","regione":"toscana","provincia":"pistoia","codiceCatastale":"M376","cap":"51024","coordinate":{"lat":44.1004,"lng":10.7564}},{"nome":"Casciana Terme Lari","codice":"050040","regione":"toscana","provincia":"pisa","codiceCatastale":"M327","cap":"56035","coordinate":{"lat":43.5663,"lng":10.5935}},{"nome":"Castel San Niccolò","codice":"051010","regione":"toscana","provincia":"arezzo","codiceCatastale":"C263","cap":"52018","coordinate":{"lat":43.74104367,"lng":11.70459128}},{"nome":"Castelfranco Piandiscò","codice":"051040","regione":"toscana","provincia":"arezzo","codiceCatastale":"M322","cap":"52026","coordinate":{"lat":43.622,"lng":11.5583}},{"nome":"Crespina Lorenzana","codice":"050041","regione":"toscana","provincia":"pisa","codiceCatastale":"M328","cap":"56042","coordinate":{"lat":43.572,"lng":10.561}},{"nome":"Fabbriche di Vergemoli","codice":"046036","regione":"toscana","provincia":"lucca","codiceCatastale":"M319","cap":"55021","coordinate":{"lat":43.9973,"lng":10.4275}},{"nome":"Figline e Incisa Valdarno","codice":"048052","regione":"toscana","provincia":"firenze","codiceCatastale":"M321","cap":"50063","coordinate":{"lat":43.6291,"lng":11.4449}},{"nome":"Montecatini-Terme","codice":"047011","regione":"toscana","provincia":"pistoia","codiceCatastale":"A561","cap":"51016","coordinate":{"lat":43.88409638,"lng":10.77278426}},{"nome":"Montopoli in Val d'Arno","codice":"050022","regione":"toscana","provincia":"pisa","codiceCatastale":"F686","cap":"56020","coordinate":{"lat":43.66858781,"lng":10.76042631}},{"nome":"Pratovecchio Stia","codice":"051041","regione":"toscana","provincia":"arezzo","codiceCatastale":"M329","cap":"52015","coordinate":{"lat":43.7982,"lng":11.7084}},{"nome":"San Marcello Piteglio","codice":"047024","regione":"toscana","provincia":"pistoia","codiceCatastale":"M377","cap":"51028","coordinate":{"lat":44.0574,"lng":10.7929}},{"nome":"Santa Croce sull'Arno","codice":"050033","regione":"toscana","provincia":"pisa","codiceCatastale":"I177","cap":"56029","coordinate":{"lat":43.71143945,"lng":10.77839086}},{"nome":"Scarperia e San Piero","codice":"048053","regione":"toscana","provincia":"firenze","codiceCatastale":"M326","cap":"50038","coordinate":{"lat":43.996,"lng":11.356}},{"nome":"Sillano Giuncugnano","codice":"046037","regione":"toscana","provincia":"lucca","codiceCatastale":"M347","cap":"55039","coordinate":{"lat":44.225,"lng":10.3024}},{"nome":"Barberino Tavarnelle","codice":"048054","regione":"toscana","provincia":"firenze","codiceCatastale":"M408","cap":"50028","coordinate":{"lat":43.54173193,"lng":11.1711665}},{"nome":"Laterina Pergine Valdarno","codice":"051042","regione":"toscana","provincia":"arezzo","codiceCatastale":"M392","cap":"52019","coordinate":{"lat":43.50769221,"lng":11.70929387}},{"nome":"Rio","codice":"049021","regione":"toscana","provincia":"livorno","codiceCatastale":"M391","cap":"57038","coordinate":{"lat":42.81458647,"lng":10.42518064}}]