[{"nome":"Ala","codice":"022001","regione":"trentino alto adige","provincia":"trento","sigla":"TN","codiceCatastale":"A116","cap":"38061","coordinate":{"lat":45.7577534,"lng":11.0002563}},{"nome":"Albiano","codice":"022002","regione":"trentino alto adige","provincia":"trento","sigla":"TN","codiceCatastale":"A158","cap":"38041","coordinate":{"lat":46.1459629,"lng":11.194537}},{"nome":"Aldeno","codice":"022003","regione":"trentino alto adige","provincia":"trento","sigla":"TN","codiceCatastale":"A178","cap":"38060","coordinate":{"lat":45.979074,"lng":11.0945555}},{"nome":"Aldino","codice":"021001","regione":"trentino alto adige","provincia":"bolzano","sigla":"BZ","codiceCatastale":"A179","cap":"39040","coordinate":{"lat":46.3670565,"lng":11.3539265}},{"nome":"Andalo","codice":"022005","regione":"trentino alto adige","provincia":"trento","sigla":"TN","codiceCatastale":"A274","cap":"38010","coordinate":{"lat":46.1661111,"lng":11.0051666}},{"nome":"Andriano","codice":"021002","regione":"trentino alto adige","provincia":"bolzano","sigla":"BZ","codiceCatastale":"A286","cap":"39010","coordinate":{"lat":46.5188794,"lng":11.2332777}},{"nome":"Anterivo","codice":"021003","regione":"trentino alto adige","provincia":"bolzano","sigla":"BZ","codiceCatastale":"A306","cap":"39040","coordinate":{"lat":46.277783,"lng":11.3673416}},{"nome":"Appiano sulla strada del vino","codice":"021004","regione":"trentino alto adige","provincia":"bolzano","sigla":"BZ","codiceCatastale":"A332","cap":"39057","coordinate":{"lat":46.4431279,"lng":11.2600254}},{"nome":"Arco","codice":"022006","regione":"trentino alto adige","provincia":"trento","sigla":"TN","codiceCatastale":"A372","cap":"38062","coordinate":{"lat":45.9178263,"lng":10.8868655}},{"nome":"Avelengo","codice":"021005","regione":"trentino alto adige","provincia":"bolzano","sigla":"BZ","codiceCatastale":"A507","cap":"39010","coordinate":{"lat":46.645999,"lng":11.2248461}},{"nome":"Avio","codice":"022007","regione":"trentino alto adige","provincia":"trento","sigla":"TN","codiceCatastale":"A520","cap":"38063","coordinate":{"lat":45.7348703,"lng":10.9382962}},{"nome":"Badia","codice":"021006","regione":"trentino alto adige","provincia":"bolzano","sigla":"BZ","codiceCatastale":"A537","cap":"39036","coordinate":{"lat":46.6110964,"lng":11.8945367}},{"nome":"Barbiano","codice":"021007","regione":"trentino alto adige","provincia":"bolzano","sigla":"BZ","codiceCatastale":"A635","cap":"39040","coordinate":{"lat":46.6031216,"lng":11.5203189}},{"nome":"Bedollo","codice":"022011","regione":"trentino alto adige","provincia":"trento","sigla":"TN","codiceCatastale":"A730","cap":"38043","coordinate":{"lat":46.1700694,"lng":11.3017353}},{"nome":"Besenello","codice":"022013","regione":"trentino alto adige","provincia":"trento","sigla":"TN","codiceCatastale":"A821","cap":"38060","coordinate":{"lat":45.9440401,"lng":11.1081688}},{"nome":"Bieno","codice":"022015","regione":"trentino alto adige","provincia":"trento","sigla":"TN","codiceCatastale":"A863","cap":"38050","coordinate":{"lat":46.0825185,"lng":11.5572037}},{"nome":"Bleggio Superiore","codice":"022017","regione":"trentino alto adige","provincia":"trento","sigla":"TN","codiceCatastale":"A902","cap":"38071","coordinate":{"lat":46.0252355,"lng":10.837429}},{"nome":"Bocenago","codice":"022018","regione":"trentino alto adige","provincia":"trento","sigla":"TN","codiceCatastale":"A916","cap":"38080","coordinate":{"lat":46.12,"lng":10.7600185}},{"nome":"Bolzano","codice":"021008","regione":"trentino alto adige","provincia":"bolzano","sigla":"BZ","codiceCatastale":"A952","cap":"39100","coordinate":{"lat":46.4951665,"lng":11.3541034}},{"nome":"Bondone","codice":"022021","regione":"trentino alto adige","provincia":"trento","sigla":"TN","codiceCatastale":"A968","cap":"38080","coordinate":{"lat":45.8057585,"lng":10.5512783}},{"nome":"Borgo Valsugana","codice":"022022","regione":"trentino alto adige","provincia":"trento","sigla":"TN","codiceCatastale":"B006","cap":"38051","coordinate":{"lat":46.0523518,"lng":11.4554814}},{"nome":"Braies","codice":"021009","regione":"trentino alto adige","provincia":"bolzano","sigla":"BZ","codiceCatastale":"B116","cap":"39030","coordinate":{"lat":46.7177959,"lng":12.1134198}},{"nome":"Brennero","codice":"021010","regione":"trentino alto adige","provincia":"bolzano","sigla":"BZ","codiceCatastale":"B145","cap":"39041","coordinate":{"lat":47.0032191,"lng":11.5052116}},{"nome":"Brentonico","codice":"022025","regione":"trentino alto adige","provincia":"trento","sigla":"TN","codiceCatastale":"B153","cap":"38060","coordinate":{"lat":45.82,"lng":10.9562777}},{"nome":"Bresimo","codice":"022026","regione":"trentino alto adige","provincia":"trento","sigla":"TN","codiceCatastale":"B158","cap":"38020","coordinate":{"lat":46.4108131,"lng":10.9683714}},{"nome":"Bressanone","codice":"021011","regione":"trentino alto adige","provincia":"bolzano","sigla":"BZ","codiceCatastale":"B160","cap":"39042","coordinate":{"lat":46.712605,"lng":11.657745}},{"nome":"Brez","codice":"022027","regione":"trentino alto adige","provincia":"trento","sigla":"TN","codiceCatastale":"B165","cap":"38021","coordinate":{"lat":46.4318888,"lng":11.1076666}},{"nome":"Bronzolo","codice":"021012","regione":"trentino alto adige","provincia":"bolzano","sigla":"BZ","codiceCatastale":"B203","cap":"39051","coordinate":{"lat":46.4032962,"lng":11.3206481}},{"nome":"Brunico","codice":"021013","regione":"trentino alto adige","provincia":"bolzano","sigla":"BZ","codiceCatastale":"B220","cap":"39031","coordinate":{"lat":46.7976004,"lng":11.9367814}},{"nome":"Caderzone Terme","codice":"022029","regione":"trentino alto adige","provincia":"trento","sigla":"TN","codiceCatastale":"B335","cap":"38080","coordinate":{"lat":46.130839,"lng":10.759735}},{"nome":"Caines","codice":"021014","regione":"trentino alto adige","provincia":"bolzano","sigla":"BZ","codiceCatastale":"B364","cap":"39010","coordinate":{"lat":46.6995183,"lng":11.1725146}},{"nome":"Calceranica al Lago","codice":"022032","regione":"trentino alto adige","provincia":"trento","sigla":"TN","codiceCatastale":"B389","cap":"38050","coordinate":{"lat":46.0056481,"lng":11.2448703}},{"nome":"Caldaro sulla strada del vino","codice":"021015","regione":"trentino alto adige","provincia":"bolzano","sigla":"BZ","codiceCatastale":"B397","cap":"39052","coordinate":{"lat":46.3947429,"lng":11.2543808}},{"nome":"Caldes","codice":"022033","regione":"trentino alto adige","provincia":"trento","sigla":"TN","codiceCatastale":"B400","cap":"38022","coordinate":{"lat":46.3651147,"lng":10.9424433}},{"nome":"Caldonazzo","codice":"022034","regione":"trentino alto adige","provincia":"trento","sigla":"TN","codiceCatastale":"B404","cap":"38052","coordinate":{"lat":45.9959444,"lng":11.2657962}},{"nome":"Calliano","codice":"022035","regione":"trentino alto adige","provincia":"trento","sigla":"TN","codiceCatastale":"B419","cap":"38060","coordinate":{"lat":45.9342461,"lng":11.0943211}},{"nome":"Calliano","codice":"022035","regione":"trentino alto adige","provincia":"trento","sigla":"TN","codiceCatastale":"B419","cap":"38060","coordinate":{"lat":45.9342461,"lng":11.0943211}},{"nome":"Campitello di Fassa","codice":"022036","regione":"trentino alto adige","provincia":"trento","sigla":"TN","codiceCatastale":"B514","cap":"38031","coordinate":{"lat":46.4773703,"lng":11.7431481}},{"nome":"Campo di Trens","codice":"021016","regione":"trentino alto adige","provincia":"bolzano","sigla":"BZ","codiceCatastale":"B529","cap":"39040","coordinate":{"lat":46.8715623,"lng":11.4841965}},{"nome":"Campo Tures","codice":"021017","regione":"trentino alto adige","provincia":"bolzano","sigla":"BZ","codiceCatastale":"B570","cap":"39032","coordinate":{"lat":46.91507,"lng":11.95255}},{"nome":"Campodenno","codice":"022037","regione":"trentino alto adige","provincia":"trento","sigla":"TN","codiceCatastale":"B525","cap":"38010","coordinate":{"lat":46.2589259,"lng":11.0342222}},{"nome":"Canal San Bovo","codice":"022038","regione":"trentino alto adige","provincia":"trento","sigla":"TN","codiceCatastale":"B577","cap":"38050","coordinate":{"lat":46.1560359,"lng":11.7335158}},{"nome":"Canazei","codice":"022039","regione":"trentino alto adige","provincia":"trento","sigla":"TN","codiceCatastale":"B579","cap":"38032","coordinate":{"lat":46.4767349,"lng":11.7724583}},{"nome":"Capriana","codice":"022040","regione":"trentino alto adige","provincia":"trento","sigla":"TN","codiceCatastale":"B697","cap":"38030","coordinate":{"lat":46.2625039,"lng":11.3387427}},{"nome":"Carano","codice":"022041","regione":"trentino alto adige","provincia":"trento","sigla":"TN","codiceCatastale":"B723","cap":"38033","coordinate":{"lat":46.2925185,"lng":11.4409629}},{"nome":"Carisolo","codice":"022042","regione":"trentino alto adige","provincia":"trento","sigla":"TN","codiceCatastale":"B783","cap":"38080","coordinate":{"lat":46.1698703,"lng":10.7600185}},{"nome":"Carzano","codice":"022043","regione":"trentino alto adige","provincia":"trento","sigla":"TN","codiceCatastale":"B856","cap":"38050","coordinate":{"lat":46.070741,"lng":11.492748}},{"nome":"Castel Condino","codice":"022045","regione":"trentino alto adige","provincia":"trento","sigla":"TN","codiceCatastale":"C183","cap":"38082","coordinate":{"lat":45.916149,"lng":10.6025931}},{"nome":"Castelbello-Ciardes","codice":"021018","regione":"trentino alto adige","provincia":"bolzano","sigla":"BZ","codiceCatastale":"C062","cap":"39020","coordinate":{"lat":46.6283615,"lng":10.9010845}},{"nome":"Castelfondo","codice":"022046","regione":"trentino alto adige","provincia":"trento","sigla":"TN","codiceCatastale":"C103","cap":"38020","coordinate":{"lat":46.456628,"lng":11.118391}},{"nome":"Castello Tesino","codice":"022048","regione":"trentino alto adige","provincia":"trento","sigla":"TN","codiceCatastale":"C194","cap":"38053","coordinate":{"lat":46.0645555,"lng":11.6334444}},{"nome":"Castello-Molina di Fiemme","codice":"022047","regione":"trentino alto adige","provincia":"trento","sigla":"TN","codiceCatastale":"C189","cap":"38030","coordinate":{"lat":46.281883,"lng":11.435125}},{"nome":"Castelnuovo","codice":"022049","regione":"trentino alto adige","provincia":"trento","sigla":"TN","codiceCatastale":"C216","cap":"38050","coordinate":{"lat":46.0526797,"lng":11.491668}},{"nome":"Castelrotto","codice":"021019","regione":"trentino alto adige","provincia":"bolzano","sigla":"BZ","codiceCatastale":"C254","cap":"39040","coordinate":{"lat":46.5675,"lng":11.562037}},{"nome":"Cavalese","codice":"022050","regione":"trentino alto adige","provincia":"trento","sigla":"TN","codiceCatastale":"C372","cap":"38033","coordinate":{"lat":46.2901777,"lng":11.4605315}},{"nome":"Cavareno","codice":"022051","regione":"trentino alto adige","provincia":"trento","sigla":"TN","codiceCatastale":"C380","cap":"38011","coordinate":{"lat":46.4093888,"lng":11.1392407}},{"nome":"Cavedago","codice":"022052","regione":"trentino alto adige","provincia":"trento","sigla":"TN","codiceCatastale":"C392","cap":"38010","coordinate":{"lat":46.1862777,"lng":11.0325}},{"nome":"Cavedine","codice":"022053","regione":"trentino alto adige","provincia":"trento","sigla":"TN","codiceCatastale":"C393","cap":"38073","coordinate":{"lat":45.9962777,"lng":10.9747037}},{"nome":"Cavizzana","codice":"022054","regione":"trentino alto adige","provincia":"trento","sigla":"TN","codiceCatastale":"C400","cap":"38022","coordinate":{"lat":46.3681798,"lng":10.9585956}},{"nome":"Cermes","codice":"021020","regione":"trentino alto adige","provincia":"bolzano","sigla":"BZ","codiceCatastale":"A022","cap":"39010","coordinate":{"lat":46.6356481,"lng":11.1476666}},{"nome":"Chienes","codice":"021021","regione":"trentino alto adige","provincia":"bolzano","sigla":"BZ","codiceCatastale":"C625","cap":"39030","coordinate":{"lat":46.807528,"lng":11.837551}},{"nome":"Chiusa","codice":"021022","regione":"trentino alto adige","provincia":"bolzano","sigla":"BZ","codiceCatastale":"C652","cap":"39043","coordinate":{"lat":46.639629,"lng":11.564815}},{"nome":"Cimone","codice":"022058","regione":"trentino alto adige","provincia":"trento","sigla":"TN","codiceCatastale":"C700","cap":"38060","coordinate":{"lat":45.9803333,"lng":11.0706481}},{"nome":"Cinte Tesino","codice":"022059","regione":"trentino alto adige","provincia":"trento","sigla":"TN","codiceCatastale":"C712","cap":"38050","coordinate":{"lat":46.0586111,"lng":11.6143888}},{"nome":"Cis","codice":"022060","regione":"trentino alto adige","provincia":"trento","sigla":"TN","codiceCatastale":"C727","cap":"38020","coordinate":{"lat":46.3997754,"lng":11.0044543}},{"nome":"Civezzano","codice":"022061","regione":"trentino alto adige","provincia":"trento","sigla":"TN","codiceCatastale":"C756","cap":"38045","coordinate":{"lat":46.091415,"lng":11.184616}},{"nome":"Cles","codice":"022062","regione":"trentino alto adige","provincia":"trento","sigla":"TN","codiceCatastale":"C794","cap":"38023","coordinate":{"lat":46.3661111,"lng":11.034074}},{"nome":"Cloz","codice":"022063","regione":"trentino alto adige","provincia":"trento","sigla":"TN","codiceCatastale":"C797","cap":"38020","coordinate":{"lat":46.4198518,"lng":11.0879814}},{"nome":"Commezzadura","codice":"022064","regione":"trentino alto adige","provincia":"trento","sigla":"TN","codiceCatastale":"C931","cap":"38020","coordinate":{"lat":46.3226174,"lng":10.8406654}},{"nome":"Cornedo all'Isarco","codice":"021023","regione":"trentino alto adige","provincia":"bolzano","sigla":"BZ","codiceCatastale":"B799","cap":"39053","coordinate":{"lat":46.4938266,"lng":11.3932545}},{"nome":"Cortaccia sulla strada del vino","codice":"021024","regione":"trentino alto adige","provincia":"bolzano","sigla":"BZ","codiceCatastale":"D048","cap":"39040","coordinate":{"lat":46.3762076,"lng":11.2521805}},{"nome":"Cortina sulla strada del vino","codice":"021025","regione":"trentino alto adige","provincia":"bolzano","sigla":"BZ","codiceCatastale":"D075","cap":"39040","coordinate":{"lat":46.2702944,"lng":11.2232203}},{"nome":"Corvara in Badia","codice":"021026","regione":"trentino alto adige","provincia":"bolzano","sigla":"BZ","codiceCatastale":"D079","cap":"39033","coordinate":{"lat":46.5520147,"lng":11.8741541}},{"nome":"Croviana","codice":"022068","regione":"trentino alto adige","provincia":"trento","sigla":"TN","codiceCatastale":"D188","cap":"38027","coordinate":{"lat":46.3462777,"lng":10.904537}},{"nome":"Curon Venosta","codice":"021027","regione":"trentino alto adige","provincia":"bolzano","sigla":"BZ","codiceCatastale":"D222","cap":"39027","coordinate":{"lat":46.8084204,"lng":10.542165}},{"nome":"Daiano","codice":"022070","regione":"trentino alto adige","provincia":"trento","sigla":"TN","codiceCatastale":"D243","cap":"38030","coordinate":{"lat":46.3025,"lng":11.4501666}},{"nome":"Dambel","codice":"022071","regione":"trentino alto adige","provincia":"trento","sigla":"TN","codiceCatastale":"D246","cap":"38010","coordinate":{"lat":46.4051961,"lng":11.0939437}},{"nome":"Denno","codice":"022074","regione":"trentino alto adige","provincia":"trento","sigla":"TN","codiceCatastale":"D273","cap":"38010","coordinate":{"lat":46.2736385,"lng":11.0487804}},{"nome":"Dobbiaco","codice":"021028","regione":"trentino alto adige","provincia":"bolzano","sigla":"BZ","codiceCatastale":"D311","cap":"39034","coordinate":{"lat":46.735451,"lng":12.222497}},{"nome":"Drena","codice":"022078","regione":"trentino alto adige","provincia":"trento","sigla":"TN","codiceCatastale":"D365","cap":"38074","coordinate":{"lat":45.9700441,"lng":10.9438481}},{"nome":"Dro","codice":"022079","regione":"trentino alto adige","provincia":"trento","sigla":"TN","codiceCatastale":"D371","cap":"38074","coordinate":{"lat":45.9623686,"lng":10.9123754}},{"nome":"Egna","codice":"021029","regione":"trentino alto adige","provincia":"bolzano","sigla":"BZ","codiceCatastale":"D392","cap":"39044","coordinate":{"lat":46.3135507,"lng":11.2728204}},{"nome":"Faedo","codice":"022080","regione":"trentino alto adige","provincia":"trento","sigla":"TN","codiceCatastale":"D457","cap":"38010","coordinate":{"lat":46.192279,"lng":11.1618842}},{"nome":"Fai della Paganella","codice":"022081","regione":"trentino alto adige","provincia":"trento","sigla":"TN","codiceCatastale":"D468","cap":"38010","coordinate":{"lat":46.1753351,"lng":11.0685397}},{"nome":"Falzes","codice":"021030","regione":"trentino alto adige","provincia":"bolzano","sigla":"BZ","codiceCatastale":"D484","cap":"39030","coordinate":{"lat":46.8153148,"lng":11.8848703}},{"nome":"Fierozzo","codice":"022085","regione":"trentino alto adige","provincia":"trento","sigla":"TN","codiceCatastale":"D573","cap":"38050","coordinate":{"lat":46.1123703,"lng":11.319537}},{"nome":"Folgaria","codice":"022087","regione":"trentino alto adige","provincia":"trento","sigla":"TN","codiceCatastale":"D651","cap":"38064","coordinate":{"lat":45.9162777,"lng":11.1717222}},{"nome":"Fondo","codice":"022088","regione":"trentino alto adige","provincia":"trento","sigla":"TN","codiceCatastale":"D663","cap":"38013","coordinate":{"lat":46.4392407,"lng":11.1386111}},{"nome":"Fornace","codice":"022089","regione":"trentino alto adige","provincia":"trento","sigla":"TN","codiceCatastale":"D714","cap":"38040","coordinate":{"lat":46.118029,"lng":11.2075165}},{"nome":"Fortezza","codice":"021032","regione":"trentino alto adige","provincia":"bolzano","sigla":"BZ","codiceCatastale":"D731","cap":"39045","coordinate":{"lat":46.7884208,"lng":11.6106574}},{"nome":"Frassilongo","codice":"022090","regione":"trentino alto adige","provincia":"trento","sigla":"TN","codiceCatastale":"D775","cap":"38050","coordinate":{"lat":46.0909629,"lng":11.2982962}},{"nome":"Funes","codice":"021033","regione":"trentino alto adige","provincia":"bolzano","sigla":"BZ","codiceCatastale":"D821","cap":"39040","coordinate":{"lat":46.6403946,"lng":11.6865436}},{"nome":"Gais","codice":"021034","regione":"trentino alto adige","provincia":"bolzano","sigla":"BZ","codiceCatastale":"D860","cap":"39030","coordinate":{"lat":46.831521,"lng":11.9457007}},{"nome":"Gargazzone","codice":"021035","regione":"trentino alto adige","provincia":"bolzano","sigla":"BZ","codiceCatastale":"D923","cap":"39010","coordinate":{"lat":46.5857962,"lng":11.2047037}},{"nome":"Garniga Terme","codice":"022091","regione":"trentino alto adige","provincia":"trento","sigla":"TN","codiceCatastale":"D928","cap":"38060","coordinate":{"lat":46.004074,"lng":11.0884444}},{"nome":"Giovo","codice":"022092","regione":"trentino alto adige","provincia":"trento","sigla":"TN","codiceCatastale":"E048","cap":"38030","coordinate":{"lat":46.1567523,"lng":11.1531353}},{"nome":"Giustino","codice":"022093","regione":"trentino alto adige","provincia":"trento","sigla":"TN","codiceCatastale":"E065","cap":"38086","coordinate":{"lat":46.148985,"lng":10.76874}},{"nome":"Glorenza","codice":"021036","regione":"trentino alto adige","provincia":"bolzano","sigla":"BZ","codiceCatastale":"E069","cap":"39020","coordinate":{"lat":46.670966,"lng":10.5544169}},{"nome":"Grigno","codice":"022095","regione":"trentino alto adige","provincia":"trento","sigla":"TN","codiceCatastale":"E178","cap":"38055","coordinate":{"lat":46.0164259,"lng":11.6381209}},{"nome":"Imer","codice":"022097","regione":"trentino alto adige","provincia":"trento","sigla":"TN","codiceCatastale":"E288","cap":"38050","coordinate":{"lat":46.150374,"lng":11.794326}},{"nome":"Isera","codice":"022098","regione":"trentino alto adige","provincia":"trento","sigla":"TN","codiceCatastale":"E334","cap":"38060","coordinate":{"lat":45.8886111,"lng":11.0103333}},{"nome":"La Valle","codice":"021117","regione":"trentino alto adige","provincia":"bolzano","sigla":"BZ","codiceCatastale":"E491","cap":"39030","coordinate":{"lat":46.6569971,"lng":11.9253532}},{"nome":"Laces","codice":"021037","regione":"trentino alto adige","provincia":"bolzano","sigla":"BZ","codiceCatastale":"E398","cap":"39021","coordinate":{"lat":46.6178148,"lng":10.8575185}},{"nome":"Lagundo","codice":"021038","regione":"trentino alto adige","provincia":"bolzano","sigla":"BZ","codiceCatastale":"E412","cap":"39022","coordinate":{"lat":46.6821907,"lng":11.1268038}},{"nome":"Laion","codice":"021039","regione":"trentino alto adige","provincia":"bolzano","sigla":"BZ","codiceCatastale":"E420","cap":"39040","coordinate":{"lat":46.6096625,"lng":11.5668514}},{"nome":"Laives","codice":"021040","regione":"trentino alto adige","provincia":"bolzano","sigla":"BZ","codiceCatastale":"E421","cap":"39055","coordinate":{"lat":46.4268502,"lng":11.3377286}},{"nome":"Lana","codice":"021041","regione":"trentino alto adige","provincia":"bolzano","sigla":"BZ","codiceCatastale":"E434","cap":"39011","coordinate":{"lat":46.6134629,"lng":11.1570555}},{"nome":"Lasa","codice":"021042","regione":"trentino alto adige","provincia":"bolzano","sigla":"BZ","codiceCatastale":"E457","cap":"39023","coordinate":{"lat":46.6172712,"lng":10.6988206}},{"nome":"Lauregno","codice":"021043","regione":"trentino alto adige","provincia":"bolzano","sigla":"BZ","codiceCatastale":"E481","cap":"39040","coordinate":{"lat":46.4553333,"lng":11.0628148}},{"nome":"Lavarone","codice":"022102","regione":"trentino alto adige","provincia":"trento","sigla":"TN","codiceCatastale":"E492","cap":"38046","coordinate":{"lat":45.9379179,"lng":11.275742}},{"nome":"Lavis","codice":"022103","regione":"trentino alto adige","provincia":"trento","sigla":"TN","codiceCatastale":"E500","cap":"38015","coordinate":{"lat":46.1404814,"lng":11.1139074}},{"nome":"Levico Terme","codice":"022104","regione":"trentino alto adige","provincia":"trento","sigla":"TN","codiceCatastale":"E565","cap":"38056","coordinate":{"lat":46.011112,"lng":11.3026129}},{"nome":"Lona-Lases","codice":"022108","regione":"trentino alto adige","provincia":"trento","sigla":"TN","codiceCatastale":"E664","cap":"38040","coordinate":{"lat":46.1451666,"lng":11.2206296}},{"nome":"Luserna","codice":"022109","regione":"trentino alto adige","provincia":"trento","sigla":"TN","codiceCatastale":"E757","cap":"38040","coordinate":{"lat":45.9236111,"lng":11.3239074}},{"nome":"Luson","codice":"021044","regione":"trentino alto adige","provincia":"bolzano","sigla":"BZ","codiceCatastale":"E764","cap":"39040","coordinate":{"lat":46.7381309,"lng":11.6878765}},{"nome":"Malles Venosta","codice":"021046","regione":"trentino alto adige","provincia":"bolzano","sigla":"BZ","codiceCatastale":"E862","cap":"39024","coordinate":{"lat":46.6853333,"lng":10.5498703}},{"nome":"Malosco","codice":"022111","regione":"trentino alto adige","provincia":"trento","sigla":"TN","codiceCatastale":"E866","cap":"38013","coordinate":{"lat":46.437037,"lng":11.1473518}},{"nome":"Marebbe","codice":"021047","regione":"trentino alto adige","provincia":"bolzano","sigla":"BZ","codiceCatastale":"E938","cap":"39030","coordinate":{"lat":46.699033,"lng":11.9342604}},{"nome":"Marlengo","codice":"021048","regione":"trentino alto adige","provincia":"bolzano","sigla":"BZ","codiceCatastale":"E959","cap":"39020","coordinate":{"lat":46.6564259,"lng":11.1439074}},{"nome":"Martello","codice":"021049","regione":"trentino alto adige","provincia":"bolzano","sigla":"BZ","codiceCatastale":"E981","cap":"39020","coordinate":{"lat":46.5658761,"lng":10.7824609}},{"nome":"Massimeno","codice":"022112","regione":"trentino alto adige","provincia":"trento","sigla":"TN","codiceCatastale":"F045","cap":"38086","coordinate":{"lat":46.1422213,"lng":10.7734308}},{"nome":"Mazzin","codice":"022113","regione":"trentino alto adige","provincia":"trento","sigla":"TN","codiceCatastale":"F068","cap":"38030","coordinate":{"lat":46.4584656,"lng":11.7010789}},{"nome":"Meltina","codice":"021050","regione":"trentino alto adige","provincia":"bolzano","sigla":"BZ","codiceCatastale":"F118","cap":"39010","coordinate":{"lat":46.6078505,"lng":11.2676028}},{"nome":"Merano","codice":"021051","regione":"trentino alto adige","provincia":"bolzano","sigla":"BZ","codiceCatastale":"F132","cap":"39012","coordinate":{"lat":46.6691035,"lng":11.1639856}},{"nome":"Mezzana","codice":"022114","regione":"trentino alto adige","provincia":"trento","sigla":"TN","codiceCatastale":"F168","cap":"38020","coordinate":{"lat":46.3176666,"lng":10.8012777}},{"nome":"Mezzano","codice":"022115","regione":"trentino alto adige","provincia":"trento","sigla":"TN","codiceCatastale":"F176","cap":"38050","coordinate":{"lat":46.1556296,"lng":11.809074}},{"nome":"Mezzocorona","codice":"022116","regione":"trentino alto adige","provincia":"trento","sigla":"TN","codiceCatastale":"F183","cap":"38016","coordinate":{"lat":46.2143888,"lng":11.1198703}},{"nome":"Mezzolombardo","codice":"022117","regione":"trentino alto adige","provincia":"trento","sigla":"TN","codiceCatastale":"F187","cap":"38017","coordinate":{"lat":46.2100185,"lng":11.0978148}},{"nome":"Moena","codice":"022118","regione":"trentino alto adige","provincia":"trento","sigla":"TN","codiceCatastale":"F263","cap":"38035","coordinate":{"lat":46.3782519,"lng":11.6633985}},{"nome":"Molveno","codice":"022120","regione":"trentino alto adige","provincia":"trento","sigla":"TN","codiceCatastale":"F307","cap":"38018","coordinate":{"lat":46.1431481,"lng":10.9648518}},{"nome":"Monguelfo-Tesido","codice":"021052","regione":"trentino alto adige","provincia":"bolzano","sigla":"BZ","codiceCatastale":"F371","cap":"39035","coordinate":{"lat":46.766576,"lng":12.115394}},{"nome":"Montagna","codice":"021053","regione":"trentino alto adige","provincia":"bolzano","sigla":"BZ","codiceCatastale":"F392","cap":"39040","coordinate":{"lat":46.3314231,"lng":11.3019502}},{"nome":"Mori","codice":"022123","regione":"trentino alto adige","provincia":"trento","sigla":"TN","codiceCatastale":"F728","cap":"38065","coordinate":{"lat":45.852814,"lng":10.976181}},{"nome":"Moso in Passiria","codice":"021054","regione":"trentino alto adige","provincia":"bolzano","sigla":"BZ","codiceCatastale":"F766","cap":"39013","coordinate":{"lat":46.8326339,"lng":11.1664255}},{"nome":"Nago-Torbole","codice":"022124","regione":"trentino alto adige","provincia":"trento","sigla":"TN","codiceCatastale":"F835","cap":"38069","coordinate":{"lat":45.8739259,"lng":10.8745555}},{"nome":"Nalles","codice":"021055","regione":"trentino alto adige","provincia":"bolzano","sigla":"BZ","codiceCatastale":"F836","cap":"39010","coordinate":{"lat":46.543761,"lng":11.207699}},{"nome":"Naturno","codice":"021056","regione":"trentino alto adige","provincia":"bolzano","sigla":"BZ","codiceCatastale":"F849","cap":"39025","coordinate":{"lat":46.65406,"lng":11.00783}},{"nome":"Naz-Sciaves","codice":"021057","regione":"trentino alto adige","provincia":"bolzano","sigla":"BZ","codiceCatastale":"F856","cap":"39040","coordinate":{"lat":46.7698703,"lng":11.6667407}},{"nome":"Nogaredo","codice":"022127","regione":"trentino alto adige","provincia":"trento","sigla":"TN","codiceCatastale":"F920","cap":"38060","coordinate":{"lat":45.9136983,"lng":11.0243907}},{"nome":"Nomi","codice":"022128","regione":"trentino alto adige","provincia":"trento","sigla":"TN","codiceCatastale":"F929","cap":"38060","coordinate":{"lat":45.929537,"lng":11.0729814}},{"nome":"Nova Levante","codice":"021058","regione":"trentino alto adige","provincia":"bolzano","sigla":"BZ","codiceCatastale":"F949","cap":"39056","coordinate":{"lat":46.465549,"lng":11.52311}},{"nome":"Nova Ponente","codice":"021059","regione":"trentino alto adige","provincia":"bolzano","sigla":"BZ","codiceCatastale":"F950","cap":"39050","coordinate":{"lat":46.4139259,"lng":11.431574}},{"nome":"Novaledo","codice":"022129","regione":"trentino alto adige","provincia":"trento","sigla":"TN","codiceCatastale":"F947","cap":"38050","coordinate":{"lat":46.0229814,"lng":11.3668888}},{"nome":"Ora","codice":"021060","regione":"trentino alto adige","provincia":"bolzano","sigla":"BZ","codiceCatastale":"G083","cap":"39040","coordinate":{"lat":46.3457666,"lng":11.2963371}},{"nome":"Ortisei","codice":"021061","regione":"trentino alto adige","provincia":"bolzano","sigla":"BZ","codiceCatastale":"G140","cap":"39046","coordinate":{"lat":46.576,"lng":11.66855}},{"nome":"Ospedaletto","codice":"022130","regione":"trentino alto adige","provincia":"trento","sigla":"TN","codiceCatastale":"G168","cap":"38050","coordinate":{"lat":46.044537,"lng":11.5537777}},{"nome":"Ossana","codice":"022131","regione":"trentino alto adige","provincia":"trento","sigla":"TN","codiceCatastale":"G173","cap":"38026","coordinate":{"lat":46.3075185,"lng":10.7387777}},{"nome":"Parcines","codice":"021062","regione":"trentino alto adige","provincia":"bolzano","sigla":"BZ","codiceCatastale":"G328","cap":"39020","coordinate":{"lat":46.6851666,"lng":11.0745555}},{"nome":"Peio","codice":"022136","regione":"trentino alto adige","provincia":"trento","sigla":"TN","codiceCatastale":"G419","cap":"38024","coordinate":{"lat":46.362791,"lng":10.6734039}},{"nome":"Pellizzano","codice":"022137","regione":"trentino alto adige","provincia":"trento","sigla":"TN","codiceCatastale":"G428","cap":"38020","coordinate":{"lat":46.3109629,"lng":10.7609444}},{"nome":"Pelugo","codice":"022138","regione":"trentino alto adige","provincia":"trento","sigla":"TN","codiceCatastale":"G429","cap":"38079","coordinate":{"lat":46.0889245,"lng":10.7237619}},{"nome":"Perca","codice":"021063","regione":"trentino alto adige","provincia":"bolzano","sigla":"BZ","codiceCatastale":"G443","cap":"39030","coordinate":{"lat":46.7944891,"lng":11.9826886}},{"nome":"Pergine Valsugana","codice":"022139","regione":"trentino alto adige","provincia":"trento","sigla":"TN","codiceCatastale":"G452","cap":"38057","coordinate":{"lat":46.061699,"lng":11.2371232}},{"nome":"Pieve Tesino","codice":"022142","regione":"trentino alto adige","provincia":"trento","sigla":"TN","codiceCatastale":"G656","cap":"38050","coordinate":{"lat":46.0692407,"lng":11.6114259}},{"nome":"Pinzolo","codice":"022143","regione":"trentino alto adige","provincia":"trento","sigla":"TN","codiceCatastale":"G681","cap":"38086","coordinate":{"lat":46.1600258,"lng":10.7654211}},{"nome":"Plaus","codice":"021064","regione":"trentino alto adige","provincia":"bolzano","sigla":"BZ","codiceCatastale":"G299","cap":"39025","coordinate":{"lat":46.656218,"lng":11.041532}},{"nome":"Pomarolo","codice":"022144","regione":"trentino alto adige","provincia":"trento","sigla":"TN","codiceCatastale":"G808","cap":"38060","coordinate":{"lat":45.929074,"lng":11.0442407}},{"nome":"Ponte Gardena","codice":"021065","regione":"trentino alto adige","provincia":"bolzano","sigla":"BZ","codiceCatastale":"G830","cap":"39040","coordinate":{"lat":46.5981481,"lng":11.5320555}},{"nome":"Postal","codice":"021066","regione":"trentino alto adige","provincia":"bolzano","sigla":"BZ","codiceCatastale":"G936","cap":"39014","coordinate":{"lat":46.6058996,"lng":11.1942178}},{"nome":"Prato allo Stelvio","codice":"021067","regione":"trentino alto adige","provincia":"bolzano","sigla":"BZ","codiceCatastale":"H004","cap":"39026","coordinate":{"lat":46.618957,"lng":10.5926753}},{"nome":"Predazzo","codice":"022147","regione":"trentino alto adige","provincia":"trento","sigla":"TN","codiceCatastale":"H018","cap":"38037","coordinate":{"lat":46.3098703,"lng":11.6007962}},{"nome":"Predoi","codice":"021068","regione":"trentino alto adige","provincia":"bolzano","sigla":"BZ","codiceCatastale":"H019","cap":"39030","coordinate":{"lat":47.052921,"lng":12.12013}},{"nome":"Proves","codice":"021069","regione":"trentino alto adige","provincia":"bolzano","sigla":"BZ","codiceCatastale":"H081","cap":"39040","coordinate":{"lat":46.4760514,"lng":11.0191665}},{"nome":"Rabbi","codice":"022150","regione":"trentino alto adige","provincia":"trento","sigla":"TN","codiceCatastale":"H146","cap":"38020","coordinate":{"lat":46.4012654,"lng":10.8466648}},{"nome":"Racines","codice":"021070","regione":"trentino alto adige","provincia":"bolzano","sigla":"BZ","codiceCatastale":"H152","cap":"39040","coordinate":{"lat":46.8670554,"lng":11.2850171}},{"nome":"Renon","codice":"021072","regione":"trentino alto adige","provincia":"bolzano","sigla":"BZ","codiceCatastale":"H236","cap":"39054","coordinate":{"lat":46.5425185,"lng":11.4584629}},{"nome":"Rifiano","codice":"021073","regione":"trentino alto adige","provincia":"bolzano","sigla":"BZ","codiceCatastale":"H284","cap":"39010","coordinate":{"lat":46.7047037,"lng":11.1828333}},{"nome":"Rio di Pusteria","codice":"021074","regione":"trentino alto adige","provincia":"bolzano","sigla":"BZ","codiceCatastale":"H299","cap":"39037","coordinate":{"lat":46.7987592,"lng":11.6692407}},{"nome":"Riva del Garda","codice":"022153","regione":"trentino alto adige","provincia":"trento","sigla":"TN","codiceCatastale":"H330","cap":"38066","coordinate":{"lat":45.888062,"lng":10.844509}},{"nome":"Rodengo","codice":"021075","regione":"trentino alto adige","provincia":"bolzano","sigla":"BZ","codiceCatastale":"H475","cap":"39037","coordinate":{"lat":45.6012367,"lng":10.1082967}},{"nome":"Romallo","codice":"022154","regione":"trentino alto adige","provincia":"trento","sigla":"TN","codiceCatastale":"H506","cap":"38028","coordinate":{"lat":46.3981296,"lng":11.0673703}},{"nome":"Romeno","codice":"022155","regione":"trentino alto adige","provincia":"trento","sigla":"TN","codiceCatastale":"H517","cap":"38010","coordinate":{"lat":46.3957962,"lng":11.119537}},{"nome":"Roncegno Terme","codice":"022156","regione":"trentino alto adige","provincia":"trento","sigla":"TN","codiceCatastale":"H528","cap":"38050","coordinate":{"lat":46.0508647,"lng":11.4096985}},{"nome":"Ronchi Valsugana","codice":"022157","regione":"trentino alto adige","provincia":"trento","sigla":"TN","codiceCatastale":"H532","cap":"38050","coordinate":{"lat":46.0693888,"lng":11.4362592}},{"nome":"Ronzo-Chienis","codice":"022135","regione":"trentino alto adige","provincia":"trento","sigla":"TN","codiceCatastale":"M303","cap":"38060","coordinate":{"lat":45.8906481,"lng":10.9512777}},{"nome":"Ronzone","codice":"022159","regione":"trentino alto adige","provincia":"trento","sigla":"TN","codiceCatastale":"H552","cap":"38010","coordinate":{"lat":46.4236111,"lng":11.1514259}},{"nome":"Rovereto","codice":"022161","regione":"trentino alto adige","provincia":"trento","sigla":"TN","codiceCatastale":"H612","cap":"38068","coordinate":{"lat":45.8906481,"lng":11.0398703}},{"nome":"Rumo","codice":"022163","regione":"trentino alto adige","provincia":"trento","sigla":"TN","codiceCatastale":"H639","cap":"38020","coordinate":{"lat":46.4418918,"lng":11.0186244}},{"nome":"Sagron Mis","codice":"022164","regione":"trentino alto adige","provincia":"trento","sigla":"TN","codiceCatastale":"H666","cap":"38050","coordinate":{"lat":46.1947389,"lng":11.9428105}},{"nome":"Salorno","codice":"021076","regione":"trentino alto adige","provincia":"bolzano","sigla":"BZ","codiceCatastale":"H719","cap":"39040","coordinate":{"lat":46.2401666,"lng":11.2131296}},{"nome":"San Candido","codice":"021077","regione":"trentino alto adige","provincia":"bolzano","sigla":"BZ","codiceCatastale":"H786","cap":"39038","coordinate":{"lat":46.7339074,"lng":12.2800185}},{"nome":"San Genesio Atesino","codice":"021079","regione":"trentino alto adige","provincia":"bolzano","sigla":"BZ","codiceCatastale":"H858","cap":"39050","coordinate":{"lat":46.5367222,"lng":11.3306296}},{"nome":"San Leonardo in Passiria","codice":"021080","regione":"trentino alto adige","provincia":"bolzano","sigla":"BZ","codiceCatastale":"H952","cap":"39015","coordinate":{"lat":46.8137592,"lng":11.2468888}},{"nome":"San Lorenzo di Sebato","codice":"021081","regione":"trentino alto adige","provincia":"bolzano","sigla":"BZ","codiceCatastale":"H956","cap":"39030","coordinate":{"lat":46.7832344,"lng":11.9024463}},{"nome":"San Martino in Badia","codice":"021082","regione":"trentino alto adige","provincia":"bolzano","sigla":"BZ","codiceCatastale":"H988","cap":"39030","coordinate":{"lat":46.6825185,"lng":11.8992407}},{"nome":"San Martino in Passiria","codice":"021083","regione":"trentino alto adige","provincia":"bolzano","sigla":"BZ","codiceCatastale":"H989","cap":"39010","coordinate":{"lat":46.7848518,"lng":11.2284629}},{"nome":"San Michele all'Adige","codice":"022167","regione":"trentino alto adige","provincia":"trento","sigla":"TN","codiceCatastale":"I042","cap":"38010","coordinate":{"lat":46.1939259,"lng":11.1347037}},{"nome":"San Pancrazio","codice":"021084","regione":"trentino alto adige","provincia":"bolzano","sigla":"BZ","codiceCatastale":"I065","cap":"39010","coordinate":{"lat":46.5861437,"lng":11.0865725}},{"nome":"Sant'Orsola Terme","codice":"022168","regione":"trentino alto adige","provincia":"trento","sigla":"TN","codiceCatastale":"I354","cap":"38050","coordinate":{"lat":46.1098703,"lng":11.3034444}},{"nome":"Santa Cristina Valgardena","codice":"021085","regione":"trentino alto adige","provincia":"bolzano","sigla":"BZ","codiceCatastale":"I173","cap":"39047","coordinate":{"lat":46.5589285,"lng":11.7283024}},{"nome":"Sanzeno","codice":"022169","regione":"trentino alto adige","provincia":"trento","sigla":"TN","codiceCatastale":"I411","cap":"38010","coordinate":{"lat":46.3678333,"lng":11.0776666}},{"nome":"Sarentino","codice":"021086","regione":"trentino alto adige","provincia":"bolzano","sigla":"BZ","codiceCatastale":"I431","cap":"39058","coordinate":{"lat":46.642655,"lng":11.3580047}},{"nome":"Sarnonico","codice":"022170","regione":"trentino alto adige","provincia":"trento","sigla":"TN","codiceCatastale":"I439","cap":"38011","coordinate":{"lat":46.4215699,"lng":11.1428435}},{"nome":"Scena","codice":"021087","regione":"trentino alto adige","provincia":"bolzano","sigla":"BZ","codiceCatastale":"I519","cap":"39017","coordinate":{"lat":46.6911111,"lng":11.1873518}},{"nome":"Scurelle","codice":"022171","regione":"trentino alto adige","provincia":"trento","sigla":"TN","codiceCatastale":"I554","cap":"38050","coordinate":{"lat":46.0654814,"lng":11.5067222}},{"nome":"Segonzano","codice":"022172","regione":"trentino alto adige","provincia":"trento","sigla":"TN","codiceCatastale":"I576","cap":"38047","coordinate":{"lat":46.1876492,"lng":11.2573874}},{"nome":"Selva dei Molini","codice":"021088","regione":"trentino alto adige","provincia":"bolzano","sigla":"BZ","codiceCatastale":"I593","cap":"39030","coordinate":{"lat":46.8998795,"lng":11.8451885}},{"nome":"Selva di Val Gardena","codice":"021089","regione":"trentino alto adige","provincia":"bolzano","sigla":"BZ","codiceCatastale":"I591","cap":"39048","coordinate":{"lat":46.5564914,"lng":11.754755}},{"nome":"Senale-San Felice","codice":"021118","regione":"trentino alto adige","provincia":"bolzano","sigla":"BZ","codiceCatastale":"I603","cap":"39010","coordinate":{"lat":46.4918545,"lng":11.1330852}},{"nome":"Senales","codice":"021091","regione":"trentino alto adige","provincia":"bolzano","sigla":"BZ","codiceCatastale":"I604","cap":"39020","coordinate":{"lat":46.7136806,"lng":10.8874002}},{"nome":"Sesto","codice":"021092","regione":"trentino alto adige","provincia":"bolzano","sigla":"BZ","codiceCatastale":"I687","cap":"39030","coordinate":{"lat":46.7026647,"lng":12.3503168}},{"nome":"Sfruz","codice":"022173","regione":"trentino alto adige","provincia":"trento","sigla":"TN","codiceCatastale":"I714","cap":"38010","coordinate":{"lat":46.3406481,"lng":11.1248518}},{"nome":"Silandro","codice":"021093","regione":"trentino alto adige","provincia":"bolzano","sigla":"BZ","codiceCatastale":"I729","cap":"39028","coordinate":{"lat":46.6293888,"lng":10.7723703}},{"nome":"Sluderno","codice":"021094","regione":"trentino alto adige","provincia":"bolzano","sigla":"BZ","codiceCatastale":"I771","cap":"39020","coordinate":{"lat":46.6644866,"lng":10.5854671}},{"nome":"Sover","codice":"022177","regione":"trentino alto adige","provincia":"trento","sigla":"TN","codiceCatastale":"I871","cap":"38048","coordinate":{"lat":46.2228165,"lng":11.3155663}},{"nome":"Spiazzo","codice":"022179","regione":"trentino alto adige","provincia":"trento","sigla":"TN","codiceCatastale":"I899","cap":"38088","coordinate":{"lat":46.10314,"lng":10.736538}},{"nome":"Spormaggiore","codice":"022180","regione":"trentino alto adige","provincia":"trento","sigla":"TN","codiceCatastale":"I924","cap":"38010","coordinate":{"lat":46.2195158,"lng":11.0498041}},{"nome":"Sporminore","codice":"022181","regione":"trentino alto adige","provincia":"trento","sigla":"TN","codiceCatastale":"I925","cap":"38010","coordinate":{"lat":46.2378362,"lng":11.0312489}},{"nome":"Stelvio","codice":"021095","regione":"trentino alto adige","provincia":"bolzano","sigla":"BZ","codiceCatastale":"I948","cap":"39029","coordinate":{"lat":46.5983986,"lng":10.5472142}},{"nome":"Stenico","codice":"022182","regione":"trentino alto adige","provincia":"trento","sigla":"TN","codiceCatastale":"I949","cap":"38070","coordinate":{"lat":46.0511536,"lng":10.854534}},{"nome":"Storo","codice":"022183","regione":"trentino alto adige","provincia":"trento","sigla":"TN","codiceCatastale":"I964","cap":"38089","coordinate":{"lat":45.8509444,"lng":10.5773703}},{"nome":"Strembo","codice":"022184","regione":"trentino alto adige","provincia":"trento","sigla":"TN","codiceCatastale":"I975","cap":"38080","coordinate":{"lat":46.1212592,"lng":10.7520555}},{"nome":"Telve","codice":"022188","regione":"trentino alto adige","provincia":"trento","sigla":"TN","codiceCatastale":"L089","cap":"38050","coordinate":{"lat":46.0714887,"lng":11.4812656}},{"nome":"Telve di Sopra","codice":"022189","regione":"trentino alto adige","provincia":"trento","sigla":"TN","codiceCatastale":"L090","cap":"38050","coordinate":{"lat":46.0723703,"lng":11.4728148}},{"nome":"Tenna","codice":"022190","regione":"trentino alto adige","provincia":"trento","sigla":"TN","codiceCatastale":"L096","cap":"38050","coordinate":{"lat":46.0167407,"lng":11.2653148}},{"nome":"Tenno","codice":"022191","regione":"trentino alto adige","provincia":"trento","sigla":"TN","codiceCatastale":"L097","cap":"38060","coordinate":{"lat":45.9203206,"lng":10.832539}},{"nome":"Terento","codice":"021096","regione":"trentino alto adige","provincia":"bolzano","sigla":"BZ","codiceCatastale":"L106","cap":"39030","coordinate":{"lat":46.8314074,"lng":11.7811111}},{"nome":"Terlano","codice":"021097","regione":"trentino alto adige","provincia":"bolzano","sigla":"BZ","codiceCatastale":"L108","cap":"39018","coordinate":{"lat":46.5288317,"lng":11.249642}},{"nome":"Termeno sulla strada del vino","codice":"021098","regione":"trentino alto adige","provincia":"bolzano","sigla":"BZ","codiceCatastale":"L111","cap":"39040","coordinate":{"lat":46.3426433,"lng":11.2430463}},{"nome":"Terragnolo","codice":"022193","regione":"trentino alto adige","provincia":"trento","sigla":"TN","codiceCatastale":"L121","cap":"38060","coordinate":{"lat":45.8788086,"lng":11.1546265}},{"nome":"Terzolas","codice":"022195","regione":"trentino alto adige","provincia":"trento","sigla":"TN","codiceCatastale":"L145","cap":"38027","coordinate":{"lat":46.362037,"lng":10.9270555}},{"nome":"Tesero","codice":"022196","regione":"trentino alto adige","provincia":"trento","sigla":"TN","codiceCatastale":"L147","cap":"38038","coordinate":{"lat":46.2914259,"lng":11.5131481}},{"nome":"Tesimo","codice":"021099","regione":"trentino alto adige","provincia":"bolzano","sigla":"BZ","codiceCatastale":"L149","cap":"39010","coordinate":{"lat":46.5630429,"lng":11.1714454}},{"nome":"Tione di Trento","codice":"022199","regione":"trentino alto adige","provincia":"trento","sigla":"TN","codiceCatastale":"L174","cap":"38079","coordinate":{"lat":46.0370555,"lng":10.7275185}},{"nome":"Tires","codice":"021100","regione":"trentino alto adige","provincia":"bolzano","sigla":"BZ","codiceCatastale":"L176","cap":"39050","coordinate":{"lat":46.4694631,"lng":11.5254524}},{"nome":"Tirolo","codice":"021101","regione":"trentino alto adige","provincia":"bolzano","sigla":"BZ","codiceCatastale":"L178","cap":"39019","coordinate":{"lat":46.6828628,"lng":11.1616655}},{"nome":"Ton","codice":"022200","regione":"trentino alto adige","provincia":"trento","sigla":"TN","codiceCatastale":"L200","cap":"38010","coordinate":{"lat":46.2650188,"lng":11.0866785}},{"nome":"Torcegno","codice":"022202","regione":"trentino alto adige","provincia":"trento","sigla":"TN","codiceCatastale":"L211","cap":"38050","coordinate":{"lat":46.0753347,"lng":11.450957}},{"nome":"Trambileno","codice":"022203","regione":"trentino alto adige","provincia":"trento","sigla":"TN","codiceCatastale":"L322","cap":"38068","coordinate":{"lat":45.8698676,"lng":11.0745543}},{"nome":"Trento","codice":"022205","regione":"trentino alto adige","provincia":"trento","sigla":"TN","codiceCatastale":"L378","cap":"38121","coordinate":{"lat":46.0702531,"lng":11.1216386}},{"nome":"Trodena nel parco naturale","codice":"021102","regione":"trentino alto adige","provincia":"bolzano","sigla":"BZ","codiceCatastale":"L444","cap":"39040","coordinate":{"lat":46.326542,"lng":11.34922}},{"nome":"Tubre","codice":"021103","regione":"trentino alto adige","provincia":"bolzano","sigla":"BZ","codiceCatastale":"L455","cap":"39020","coordinate":{"lat":46.6454481,"lng":10.4639903}},{"nome":"Ultimo","codice":"021104","regione":"trentino alto adige","provincia":"bolzano","sigla":"BZ","codiceCatastale":"L490","cap":"39016","coordinate":{"lat":46.5481909,"lng":11.0037147}},{"nome":"Vadena","codice":"021105","regione":"trentino alto adige","provincia":"bolzano","sigla":"BZ","codiceCatastale":"L527","cap":"39051","coordinate":{"lat":46.414537,"lng":11.3061111}},{"nome":"Val di Vizze","codice":"021107","regione":"trentino alto adige","provincia":"bolzano","sigla":"BZ","codiceCatastale":"L564","cap":"39049","coordinate":{"lat":46.8997999,"lng":11.4603215}},{"nome":"Valdaora","codice":"021106","regione":"trentino alto adige","provincia":"bolzano","sigla":"BZ","codiceCatastale":"L552","cap":"39030","coordinate":{"lat":46.7615688,"lng":12.0308862}},{"nome":"Valfloriana","codice":"022209","regione":"trentino alto adige","provincia":"trento","sigla":"TN","codiceCatastale":"L575","cap":"38040","coordinate":{"lat":46.2506296,"lng":11.3442407}},{"nome":"Vallarsa","codice":"022210","regione":"trentino alto adige","provincia":"trento","sigla":"TN","codiceCatastale":"L588","cap":"38060","coordinate":{"lat":45.7825989,"lng":11.1172517}},{"nome":"Valle Aurina","codice":"021108","regione":"trentino alto adige","provincia":"bolzano","sigla":"BZ","codiceCatastale":"L595","cap":"39030","coordinate":{"lat":46.9970633,"lng":11.9804563}},{"nome":"Valle di Casies","codice":"021109","regione":"trentino alto adige","provincia":"bolzano","sigla":"BZ","codiceCatastale":"L601","cap":"39030","coordinate":{"lat":46.7684733,"lng":12.1805875}},{"nome":"Vandoies","codice":"021110","regione":"trentino alto adige","provincia":"bolzano","sigla":"BZ","codiceCatastale":"L660","cap":"39030","coordinate":{"lat":46.8173749,"lng":11.7232496}},{"nome":"Varena","codice":"022211","regione":"trentino alto adige","provincia":"trento","sigla":"TN","codiceCatastale":"L678","cap":"38030","coordinate":{"lat":46.3076666,"lng":11.4593888}},{"nome":"Varna","codice":"021111","regione":"trentino alto adige","provincia":"bolzano","sigla":"BZ","codiceCatastale":"L687","cap":"39040","coordinate":{"lat":46.7389404,"lng":11.6397428}},{"nome":"Velturno","codice":"021116","regione":"trentino alto adige","provincia":"bolzano","sigla":"BZ","codiceCatastale":"L724","cap":"39040","coordinate":{"lat":46.6686958,"lng":11.5964144}},{"nome":"Vermiglio","codice":"022213","regione":"trentino alto adige","provincia":"trento","sigla":"TN","codiceCatastale":"L769","cap":"38029","coordinate":{"lat":46.298463,"lng":10.692773}},{"nome":"Vignola-Falesina","codice":"022216","regione":"trentino alto adige","provincia":"trento","sigla":"TN","codiceCatastale":"L886","cap":"38057","coordinate":{"lat":46.0462403,"lng":11.2765692}},{"nome":"Villa Lagarina","codice":"022222","regione":"trentino alto adige","provincia":"trento","sigla":"TN","codiceCatastale":"L957","cap":"38060","coordinate":{"lat":45.9172037,"lng":11.0317407}},{"nome":"Villabassa","codice":"021113","regione":"trentino alto adige","provincia":"bolzano","sigla":"BZ","codiceCatastale":"L915","cap":"39039","coordinate":{"lat":46.738072,"lng":12.172723}},{"nome":"Villandro","codice":"021114","regione":"trentino alto adige","provincia":"bolzano","sigla":"BZ","codiceCatastale":"L971","cap":"39040","coordinate":{"lat":46.6313707,"lng":11.5393386}},{"nome":"Vipiteno","codice":"021115","regione":"trentino alto adige","provincia":"bolzano","sigla":"BZ","codiceCatastale":"M067","cap":"39049","coordinate":{"lat":46.8991873,"lng":11.4311707}},{"nome":"Volano","codice":"022224","regione":"trentino alto adige","provincia":"trento","sigla":"TN","codiceCatastale":"M113","cap":"38060","coordinate":{"lat":45.9185267,"lng":11.0633421}},{"nome":"Ziano di Fiemme","codice":"022226","regione":"trentino alto adige","provincia":"trento","sigla":"TN","codiceCatastale":"M173","cap":"38030","coordinate":{"lat":46.2875185,"lng":11.567037}},{"nome":"Altavalle","codice":"022235","regione":"trentino alto adige","provincia":"trento","sigla":"TN","codiceCatastale":"M349","cap":"38092","coordinate":{"lat":"46.1822","lng":"11.2383"}},{"nome":"Altopiano della Vigolana","codice":"022236","regione":"trentino alto adige","provincia":"trento","sigla":"TN","codiceCatastale":"M350","cap":"38049","coordinate":{"lat":"46.0065","lng":"11.1997"}},{"nome":"Amblar-Don","codice":"022237","regione":"trentino alto adige","provincia":"trento","sigla":"TN","codiceCatastale":"M351","cap":"38011","coordinate":{"lat":"46.3902","lng":"11.1375"}},{"nome":"Baselga di Pinè","codice":"022009","regione":"trentino alto adige","provincia":"trento","sigla":"TN","codiceCatastale":"A694","cap":"38042","coordinate":{"lat":"46.12998915","lng":"11.2445269"}},{"nome":"Borgo Chiese","codice":"022238","regione":"trentino alto adige","provincia":"trento","sigla":"TN","codiceCatastale":"M352","cap":"38083","coordinate":{"lat":"45.8906","lng":"10.6013"}},{"nome":"Borgo Lares","codice":"022239","regione":"trentino alto adige","provincia":"trento","sigla":"TN","codiceCatastale":"M353","cap":"38079","coordinate":{"lat":"46.0352","lng":"10.7521"}},{"nome":"Cagnò","codice":"022030","regione":"trentino alto adige","provincia":"trento","sigla":"TN","codiceCatastale":"B360","cap":"38028","coordinate":{"lat":"46.39464733","lng":"11.04211957"}},{"nome":"Castel Ivano","codice":"022240","regione":"trentino alto adige","provincia":"trento","sigla":"TN","codiceCatastale":"M354","cap":"38059","coordinate":{"lat":"46.0683","lng":"11.5211"}},{"nome":"Cembra Lisignago","codice":"022241","regione":"trentino alto adige","provincia":"trento","sigla":"TN","codiceCatastale":"M355","cap":"38034","coordinate":{"lat":"46.1746","lng":"11.2218"}},{"nome":"Comano Terme","codice":"022228","regione":"trentino alto adige","provincia":"trento","sigla":"TN","codiceCatastale":"M314","cap":"38077","coordinate":{"lat":"46.03166101","lng":"10.8688522"}},{"nome":"Contà","codice":"022242","regione":"trentino alto adige","provincia":"trento","sigla":"TN","codiceCatastale":"M356","cap":"38093","coordinate":{"lat":"46.3108","lng":"11.0241"}},{"nome":"Dimaro Folgarida","codice":"022233","regione":"trentino alto adige","provincia":"trento","sigla":"TN","codiceCatastale":"M366","cap":"38025","coordinate":{"lat":"46.3271","lng":"10.8718"}},{"nome":"Fiavè","codice":"022083","regione":"trentino alto adige","provincia":"trento","sigla":"TN","codiceCatastale":"D565","cap":"38075","coordinate":{"lat":"46.0048069","lng":"10.84202477"}},{"nome":"Fiè allo Sciliar","codice":"021031","regione":"trentino alto adige","provincia":"bolzano","sigla":"BZ","codiceCatastale":"D571","cap":"39050","coordinate":{"lat":"46.51753578","lng":"11.50139797"}},{"nome":"Ledro","codice":"022229","regione":"trentino alto adige","provincia":"trento","sigla":"TN","codiceCatastale":"M313","cap":"38067","coordinate":{"lat":"45.88870857","lng":"10.73311322"}},{"nome":"Madruzzo","codice":"022243","regione":"trentino alto adige","provincia":"trento","sigla":"TN","codiceCatastale":"M357","cap":"38076","coordinate":{"lat":"46.026","lng":"10.9841"}},{"nome":"Magrè sulla strada del vino","codice":"021045","regione":"trentino alto adige","provincia":"bolzano","sigla":"BZ","codiceCatastale":"E829","cap":"39040","coordinate":{"lat":"46.28686737","lng":"11.20897141"}},{"nome":"Malé","codice":"022110","regione":"trentino alto adige","provincia":"trento","sigla":"TN","codiceCatastale":"E850","cap":"38027","coordinate":{"lat":"46.35269834","lng":"10.91248259"}},{"nome":"Palù del Fersina","codice":"022133","regione":"trentino alto adige","provincia":"trento","sigla":"TN","codiceCatastale":"G296","cap":"38050","coordinate":{"lat":"46.1299084","lng":"11.3521341"}},{"nome":"Panchià","codice":"022134","regione":"trentino alto adige","provincia":"trento","sigla":"TN","codiceCatastale":"G305","cap":"38030","coordinate":{"lat":"46.28567937","lng":"11.5422322"}},{"nome":"Pieve di Bono-Prezzo","codice":"022234","regione":"trentino alto adige","provincia":"trento","sigla":"TN","codiceCatastale":"M365","cap":"38085","coordinate":{"lat":"45.9431","lng":"10.6413"}},{"nome":"Madonna di Campiglio","codice":"022143","regione":"trentino alto adige","provincia":"trento","sigla":"TN","codiceCatastale":"G681","cap":"38086","coordinate":{"lat":"46.16001113","lng":"10.76660594"}},{"nome":"Porte di Rendena","codice":"022244","regione":"trentino alto adige","provincia":"trento","sigla":"TN","codiceCatastale":"M358","cap":"38094","coordinate":{"lat":"46.0626","lng":"10.7121"}},{"nome":"Predaia","codice":"022230","regione":"trentino alto adige","provincia":"trento","sigla":"TN","codiceCatastale":"M344","cap":"38012","coordinate":{"lat":"46.3234","lng":"11.0731"}},{"nome":"Primiero San Martino di Castrozza","codice":"022245","regione":"trentino alto adige","provincia":"trento","sigla":"TN","codiceCatastale":"M359","cap":"38054","coordinate":{"lat":"46.1771","lng":"11.8298"}},{"nome":"Rasun-Anterselva","codice":"021071","regione":"trentino alto adige","provincia":"bolzano","sigla":"BZ","codiceCatastale":"H189","cap":"39030","coordinate":{"lat":"46.78077135","lng":"12.0493348"}},{"nome":"Revò","codice":"022152","regione":"trentino alto adige","provincia":"trento","sigla":"TN","codiceCatastale":"H254","cap":"38028","coordinate":{"lat":"46.39103316","lng":"11.05782178"}},{"nome":"Roverè della Luna","codice":"022160","regione":"trentino alto adige","provincia":"trento","sigla":"TN","codiceCatastale":"H607","cap":"38030","coordinate":{"lat":"46.24998794","lng":"11.16960836"}},{"nome":"Ruffrè-Mendola","codice":"022162","regione":"trentino alto adige","provincia":"trento","sigla":"TN","codiceCatastale":"H634","cap":"38010","coordinate":{"lat":"46.41450529","lng":"11.17746883"}},{"nome":"San Lorenzo Dorsino","codice":"022231","regione":"trentino alto adige","provincia":"trento","sigla":"TN","codiceCatastale":"M345","cap":"38078","coordinate":{"lat":"46.0775","lng":"10.9095"}},{"nome":"Sella Giudicarie","codice":"022246","regione":"trentino alto adige","provincia":"trento","sigla":"TN","codiceCatastale":"M360","cap":"38087","coordinate":{"lat":"45.9836","lng":"10.6692"}},{"nome":"Soraga di Fassa","codice":"022176","regione":"trentino alto adige","provincia":"trento","sigla":"TN","codiceCatastale":"I839","cap":"38030","coordinate":{"lat":"46.39603664","lng":"11.66881239"}},{"nome":"Tre Ville","codice":"022247","regione":"trentino alto adige","provincia":"trento","sigla":"TN","codiceCatastale":"M361","cap":"38095","coordinate":{"lat":"46.0545","lng":"10.7783"}},{"nome":"Valdaone","codice":"022232","regione":"trentino alto adige","provincia":"trento","sigla":"TN","codiceCatastale":"M343","cap":"38091","coordinate":{"lat":"45.9481","lng":"10.6221"}},{"nome":"Vallelaghi","codice":"022248","regione":"trentino alto adige","provincia":"trento","sigla":"TN","codiceCatastale":"M362","cap":"38096","coordinate":{"lat":"46.08","lng":"11.0005"}},{"nome":"Verano","codice":"021112","regione":"trentino alto adige","provincia":"bolzano","sigla":"BZ","codiceCatastale":"L745","cap":"39010","coordinate":{"lat":"46.60511072","lng":"11.22574181"}},{"nome":"Ville d'Anaunia","codice":"022249","regione":"trentino alto adige","provincia":"trento","sigla":"TN","codiceCatastale":"M363","cap":"38019","coordinate":{"lat":"46.3298","lng":"11.024"}},{"nome":"San Giovanni di Fassa","codice":"022250","regione":"trentino alto adige","provincia":"trento","sigla":"TN","codiceCatastale":"M390","cap":"38036","coordinate":{"lat":"46.43070096","lng":"11.68654422"}},{"nome":"Terre d'Adige","codice":"022251","regione":"trentino alto adige","provincia":"trento","sigla":"TN","codiceCatastale":"M407","cap":"38097","coordinate":{"lat":"46.15125132","lng":"11.09603972"}}]