[{"nome":"Acquasparta","codice":"055001","regione":"umbria","provincia":"terni","sigla":"TR","codiceCatastale":"A045","cap":"05021","coordinate":{"lat":42.6912777,"lng":12.5411111}},{"nome":"Allerona","codice":"055002","regione":"umbria","provincia":"terni","sigla":"TR","codiceCatastale":"A207","cap":"05011","coordinate":{"lat":42.8131123,"lng":11.9740526}},{"nome":"Alviano","codice":"055003","regione":"umbria","provincia":"terni","sigla":"TR","codiceCatastale":"A242","cap":"05020","coordinate":{"lat":42.588467,"lng":12.2956939}},{"nome":"Amelia","codice":"055004","regione":"umbria","provincia":"terni","sigla":"TR","codiceCatastale":"A262","cap":"05022","coordinate":{"lat":42.5571739,"lng":12.413401}},{"nome":"Arrone","codice":"055005","regione":"umbria","provincia":"terni","sigla":"TR","codiceCatastale":"A439","cap":"05031","coordinate":{"lat":42.583712,"lng":12.767753}},{"nome":"Assisi","codice":"054001","regione":"umbria","provincia":"perugia","sigla":"PG","codiceCatastale":"A475","cap":"06081","coordinate":{"lat":43.0701666,"lng":12.6175185}},{"nome":"Attigliano","codice":"055006","regione":"umbria","provincia":"terni","sigla":"TR","codiceCatastale":"A490","cap":"05012","coordinate":{"lat":42.5167531,"lng":12.2927461}},{"nome":"Avigliano Umbro","codice":"055033","regione":"umbria","provincia":"terni","sigla":"TR","codiceCatastale":"M258","cap":"05020","coordinate":{"lat":42.651456,"lng":12.427541}},{"nome":"Baschi","codice":"055007","regione":"umbria","provincia":"terni","sigla":"TR","codiceCatastale":"A691","cap":"05023","coordinate":{"lat":42.6739259,"lng":12.2189074}},{"nome":"Bastia Umbra","codice":"054002","regione":"umbria","provincia":"perugia","sigla":"PG","codiceCatastale":"A710","cap":"06083","coordinate":{"lat":43.067956,"lng":12.55145}},{"nome":"Bettona","codice":"054003","regione":"umbria","provincia":"perugia","sigla":"PG","codiceCatastale":"A832","cap":"06084","coordinate":{"lat":43.0136814,"lng":12.4854169}},{"nome":"Bevagna","codice":"054004","regione":"umbria","provincia":"perugia","sigla":"PG","codiceCatastale":"A835","cap":"06031","coordinate":{"lat":42.9348703,"lng":12.6093888}},{"nome":"Calvi dell'Umbria","codice":"055008","regione":"umbria","provincia":"terni","sigla":"TR","codiceCatastale":"B446","cap":"05032","coordinate":{"lat":42.4042407,"lng":12.5687592}},{"nome":"Campello sul Clitunno","codice":"054005","regione":"umbria","provincia":"perugia","sigla":"PG","codiceCatastale":"B504","cap":"06042","coordinate":{"lat":42.820357,"lng":12.776778}},{"nome":"Cannara","codice":"054006","regione":"umbria","provincia":"perugia","sigla":"PG","codiceCatastale":"B609","cap":"06033","coordinate":{"lat":42.9944289,"lng":12.582873}},{"nome":"Cascia","codice":"054007","regione":"umbria","provincia":"perugia","sigla":"PG","codiceCatastale":"B948","cap":"06043","coordinate":{"lat":42.717632,"lng":13.015555}},{"nome":"Castel Giorgio","codice":"055009","regione":"umbria","provincia":"terni","sigla":"TR","codiceCatastale":"C117","cap":"05013","coordinate":{"lat":42.706574,"lng":11.9773518}},{"nome":"Castel Ritaldi","codice":"054008","regione":"umbria","provincia":"perugia","sigla":"PG","codiceCatastale":"C252","cap":"06044","coordinate":{"lat":42.822821,"lng":12.672582}},{"nome":"Castel Viscardo","codice":"055010","regione":"umbria","provincia":"terni","sigla":"TR","codiceCatastale":"C289","cap":"05014","coordinate":{"lat":42.7545555,"lng":11.9995555}},{"nome":"Castiglione del Lago","codice":"054009","regione":"umbria","provincia":"perugia","sigla":"PG","codiceCatastale":"C309","cap":"06061","coordinate":{"lat":43.1281296,"lng":12.0462592}},{"nome":"Cerreto di Spoleto","codice":"054010","regione":"umbria","provincia":"perugia","sigla":"PG","codiceCatastale":"C527","cap":"06041","coordinate":{"lat":42.820779,"lng":12.917443}},{"nome":"Citerna","codice":"054011","regione":"umbria","provincia":"perugia","sigla":"PG","codiceCatastale":"C742","cap":"06010","coordinate":{"lat":43.498368,"lng":12.115954}},{"nome":"Collazzone","codice":"054014","regione":"umbria","provincia":"perugia","sigla":"PG","codiceCatastale":"C845","cap":"06050","coordinate":{"lat":42.9012383,"lng":12.4349556}},{"nome":"Corciano","codice":"054015","regione":"umbria","provincia":"perugia","sigla":"PG","codiceCatastale":"C990","cap":"06073","coordinate":{"lat":43.128433,"lng":12.2862705}},{"nome":"Costacciaro","codice":"054016","regione":"umbria","provincia":"perugia","sigla":"PG","codiceCatastale":"D108","cap":"06021","coordinate":{"lat":43.3617222,"lng":12.7131296}},{"nome":"Deruta","codice":"054017","regione":"umbria","provincia":"perugia","sigla":"PG","codiceCatastale":"D279","cap":"06053","coordinate":{"lat":42.9814074,"lng":12.4161111}},{"nome":"Fabro","codice":"055011","regione":"umbria","provincia":"terni","sigla":"TR","codiceCatastale":"D454","cap":"05015","coordinate":{"lat":42.8722931,"lng":12.0150586}},{"nome":"Ferentillo","codice":"055012","regione":"umbria","provincia":"terni","sigla":"TR","codiceCatastale":"D538","cap":"05034","coordinate":{"lat":42.620554,"lng":12.787093}},{"nome":"Ficulle","codice":"055013","regione":"umbria","provincia":"terni","sigla":"TR","codiceCatastale":"D570","cap":"05016","coordinate":{"lat":42.8336204,"lng":12.0671556}},{"nome":"Foligno","codice":"054018","regione":"umbria","provincia":"perugia","sigla":"PG","codiceCatastale":"D653","cap":"06034","coordinate":{"lat":42.945,"lng":12.702037}},{"nome":"Fossato di Vico","codice":"054019","regione":"umbria","provincia":"perugia","sigla":"PG","codiceCatastale":"D745","cap":"06022","coordinate":{"lat":43.2968792,"lng":12.7596975}},{"nome":"Fratta Todina","codice":"054020","regione":"umbria","provincia":"perugia","sigla":"PG","codiceCatastale":"D787","cap":"06054","coordinate":{"lat":42.8578302,"lng":12.3646793}},{"nome":"Giano dell'Umbria","codice":"054021","regione":"umbria","provincia":"perugia","sigla":"PG","codiceCatastale":"E012","cap":"06030","coordinate":{"lat":42.833523,"lng":12.5778269}},{"nome":"Giove","codice":"055014","regione":"umbria","provincia":"terni","sigla":"TR","codiceCatastale":"E045","cap":"05024","coordinate":{"lat":42.5103148,"lng":12.3317407}},{"nome":"Gualdo Cattaneo","codice":"054022","regione":"umbria","provincia":"perugia","sigla":"PG","codiceCatastale":"E229","cap":"06035","coordinate":{"lat":42.910007,"lng":12.555714}},{"nome":"Gualdo Tadino","codice":"054023","regione":"umbria","provincia":"perugia","sigla":"PG","codiceCatastale":"E230","cap":"06023","coordinate":{"lat":43.230266,"lng":12.786088}},{"nome":"Guardea","codice":"055015","regione":"umbria","provincia":"terni","sigla":"TR","codiceCatastale":"E241","cap":"05025","coordinate":{"lat":42.622934,"lng":12.298235}},{"nome":"Gubbio","codice":"054024","regione":"umbria","provincia":"perugia","sigla":"PG","codiceCatastale":"E256","cap":"06024","coordinate":{"lat":43.3554814,"lng":12.5734444}},{"nome":"Lisciano Niccone","codice":"054025","regione":"umbria","provincia":"perugia","sigla":"PG","codiceCatastale":"E613","cap":"06060","coordinate":{"lat":43.2477075,"lng":12.1450425}},{"nome":"Lugnano in Teverina","codice":"055016","regione":"umbria","provincia":"terni","sigla":"TR","codiceCatastale":"E729","cap":"05020","coordinate":{"lat":42.571894,"lng":12.330488}},{"nome":"Magione","codice":"054026","regione":"umbria","provincia":"perugia","sigla":"PG","codiceCatastale":"E805","cap":"06063","coordinate":{"lat":43.1450185,"lng":12.2078148}},{"nome":"Marsciano","codice":"054027","regione":"umbria","provincia":"perugia","sigla":"PG","codiceCatastale":"E975","cap":"06055","coordinate":{"lat":42.9104277,"lng":12.3369648}},{"nome":"Massa Martana","codice":"054028","regione":"umbria","provincia":"perugia","sigla":"PG","codiceCatastale":"F024","cap":"06056","coordinate":{"lat":42.775564,"lng":12.524077}},{"nome":"Monte Castello di Vibio","codice":"054029","regione":"umbria","provincia":"perugia","sigla":"PG","codiceCatastale":"F456","cap":"06057","coordinate":{"lat":42.8412592,"lng":12.3525}},{"nome":"Monte Santa Maria Tiberina","codice":"054032","regione":"umbria","provincia":"perugia","sigla":"PG","codiceCatastale":"F629","cap":"06010","coordinate":{"lat":43.4370555,"lng":12.1632962}},{"nome":"Montecastrilli","codice":"055017","regione":"umbria","provincia":"terni","sigla":"TR","codiceCatastale":"F457","cap":"05026","coordinate":{"lat":42.6534444,"lng":12.489537}},{"nome":"Montecchio","codice":"055018","regione":"umbria","provincia":"terni","sigla":"TR","codiceCatastale":"F462","cap":"05020","coordinate":{"lat":42.6639623,"lng":12.2880803}},{"nome":"Montefalco","codice":"054030","regione":"umbria","provincia":"perugia","sigla":"PG","codiceCatastale":"F492","cap":"06036","coordinate":{"lat":42.893653,"lng":12.650057}},{"nome":"Montefranco","codice":"055019","regione":"umbria","provincia":"terni","sigla":"TR","codiceCatastale":"F510","cap":"05030","coordinate":{"lat":42.597643,"lng":12.7658729}},{"nome":"Montegabbione","codice":"055020","regione":"umbria","provincia":"terni","sigla":"TR","codiceCatastale":"F513","cap":"05010","coordinate":{"lat":42.9225185,"lng":12.0931481}},{"nome":"Monteleone d'Orvieto","codice":"055021","regione":"umbria","provincia":"terni","sigla":"TR","codiceCatastale":"F543","cap":"05017","coordinate":{"lat":42.9244529,"lng":12.0579442}},{"nome":"Monteleone di Spoleto","codice":"054031","regione":"umbria","provincia":"perugia","sigla":"PG","codiceCatastale":"F540","cap":"06045","coordinate":{"lat":42.6518807,"lng":12.9532902}},{"nome":"Montone","codice":"054033","regione":"umbria","provincia":"perugia","sigla":"PG","codiceCatastale":"F685","cap":"06014","coordinate":{"lat":43.3623703,"lng":12.3273518}},{"nome":"Narni","codice":"055022","regione":"umbria","provincia":"terni","sigla":"TR","codiceCatastale":"F844","cap":"05035","coordinate":{"lat":42.516486,"lng":12.526623}},{"nome":"Nocera Umbra","codice":"054034","regione":"umbria","provincia":"perugia","sigla":"PG","codiceCatastale":"F911","cap":"06025","coordinate":{"lat":43.113898,"lng":12.788436}},{"nome":"Norcia","codice":"054035","regione":"umbria","provincia":"perugia","sigla":"PG","codiceCatastale":"F935","cap":"06046","coordinate":{"lat":42.7942407,"lng":13.0964259}},{"nome":"Orvieto","codice":"055023","regione":"umbria","provincia":"terni","sigla":"TR","codiceCatastale":"G148","cap":"05018","coordinate":{"lat":42.7164699,"lng":12.1115691}},{"nome":"Otricoli","codice":"055024","regione":"umbria","provincia":"terni","sigla":"TR","codiceCatastale":"G189","cap":"05030","coordinate":{"lat":42.4225,"lng":12.4782962}},{"nome":"Paciano","codice":"054036","regione":"umbria","provincia":"perugia","sigla":"PG","codiceCatastale":"G212","cap":"06060","coordinate":{"lat":43.023234,"lng":12.069361}},{"nome":"Panicale","codice":"054037","regione":"umbria","provincia":"perugia","sigla":"PG","codiceCatastale":"G308","cap":"06064","coordinate":{"lat":43.0294279,"lng":12.1000627}},{"nome":"Parrano","codice":"055025","regione":"umbria","provincia":"terni","sigla":"TR","codiceCatastale":"G344","cap":"05010","coordinate":{"lat":42.8673703,"lng":12.1112592}},{"nome":"Passignano sul Trasimeno","codice":"054038","regione":"umbria","provincia":"perugia","sigla":"PG","codiceCatastale":"G359","cap":"06065","coordinate":{"lat":43.1951666,"lng":12.1303333}},{"nome":"Penna in Teverina","codice":"055026","regione":"umbria","provincia":"terni","sigla":"TR","codiceCatastale":"G432","cap":"05028","coordinate":{"lat":42.4931296,"lng":12.3586111}},{"nome":"Perugia","codice":"054039","regione":"umbria","provincia":"perugia","sigla":"PG","codiceCatastale":"G478","cap":"06121","coordinate":{"lat":43.1107009,"lng":12.389172}},{"nome":"Piegaro","codice":"054040","regione":"umbria","provincia":"perugia","sigla":"PG","codiceCatastale":"G601","cap":"06066","coordinate":{"lat":42.970225,"lng":12.085975}},{"nome":"Pietralunga","codice":"054041","regione":"umbria","provincia":"perugia","sigla":"PG","codiceCatastale":"G618","cap":"06026","coordinate":{"lat":43.4378333,"lng":12.4322037}},{"nome":"Poggiodomo","codice":"054042","regione":"umbria","provincia":"perugia","sigla":"PG","codiceCatastale":"G758","cap":"06040","coordinate":{"lat":42.7116614,"lng":12.9328931}},{"nome":"Polino","codice":"055027","regione":"umbria","provincia":"terni","sigla":"TR","codiceCatastale":"G790","cap":"05030","coordinate":{"lat":42.585167,"lng":12.8428377}},{"nome":"Porano","codice":"055028","regione":"umbria","provincia":"terni","sigla":"TR","codiceCatastale":"G881","cap":"05010","coordinate":{"lat":42.6841186,"lng":12.099051}},{"nome":"Preci","codice":"054043","regione":"umbria","provincia":"perugia","sigla":"PG","codiceCatastale":"H015","cap":"06047","coordinate":{"lat":42.8811571,"lng":13.0383874}},{"nome":"San Gemini","codice":"055029","regione":"umbria","provincia":"terni","sigla":"TR","codiceCatastale":"H857","cap":"05029","coordinate":{"lat":42.61,"lng":12.544074}},{"nome":"San Giustino","codice":"054044","regione":"umbria","provincia":"perugia","sigla":"PG","codiceCatastale":"H935","cap":"06016","coordinate":{"lat":43.5504814,"lng":12.174537}},{"nome":"San Venanzo","codice":"055030","regione":"umbria","provincia":"terni","sigla":"TR","codiceCatastale":"I381","cap":"05010","coordinate":{"lat":42.8703564,"lng":12.270073}},{"nome":"Sant'Anatolia di Narco","codice":"054045","regione":"umbria","provincia":"perugia","sigla":"PG","codiceCatastale":"I263","cap":"06040","coordinate":{"lat":42.7334016,"lng":12.8356356}},{"nome":"Scheggia e Pascelupo","codice":"054046","regione":"umbria","provincia":"perugia","sigla":"PG","codiceCatastale":"I522","cap":"06027","coordinate":{"lat":43.404558,"lng":12.6676085}},{"nome":"Scheggino","codice":"054047","regione":"umbria","provincia":"perugia","sigla":"PG","codiceCatastale":"I523","cap":"06040","coordinate":{"lat":42.7130329,"lng":12.8315542}},{"nome":"Sellano","codice":"054048","regione":"umbria","provincia":"perugia","sigla":"PG","codiceCatastale":"I585","cap":"06030","coordinate":{"lat":42.88938,"lng":12.9275843}},{"nome":"Sigillo","codice":"054049","regione":"umbria","provincia":"perugia","sigla":"PG","codiceCatastale":"I727","cap":"06028","coordinate":{"lat":43.3312605,"lng":12.7422022}},{"nome":"Spello","codice":"054050","regione":"umbria","provincia":"perugia","sigla":"PG","codiceCatastale":"I888","cap":"06038","coordinate":{"lat":42.989815,"lng":12.671938}},{"nome":"Spoleto","codice":"054051","regione":"umbria","provincia":"perugia","sigla":"PG","codiceCatastale":"I921","cap":"06049","coordinate":{"lat":42.7453344,"lng":12.7384305}},{"nome":"Stroncone","codice":"055031","regione":"umbria","provincia":"terni","sigla":"TR","codiceCatastale":"I981","cap":"05039","coordinate":{"lat":42.5032184,"lng":12.6603199}},{"nome":"Terni","codice":"055032","regione":"umbria","provincia":"terni","sigla":"TR","codiceCatastale":"L117","cap":"05100","coordinate":{"lat":42.5602192,"lng":12.6467812}},{"nome":"Todi","codice":"054052","regione":"umbria","provincia":"perugia","sigla":"PG","codiceCatastale":"L188","cap":"06059","coordinate":{"lat":42.7802296,"lng":12.4084527}},{"nome":"Torgiano","codice":"054053","regione":"umbria","provincia":"perugia","sigla":"PG","codiceCatastale":"L216","cap":"06089","coordinate":{"lat":43.026211,"lng":12.436501}},{"nome":"Trevi","codice":"054054","regione":"umbria","provincia":"perugia","sigla":"PG","codiceCatastale":"L397","cap":"06039","coordinate":{"lat":42.8767222,"lng":12.7451666}},{"nome":"Tuoro sul Trasimeno","codice":"054055","regione":"umbria","provincia":"perugia","sigla":"PG","codiceCatastale":"L466","cap":"06069","coordinate":{"lat":43.208623,"lng":12.071825}},{"nome":"Umbertide","codice":"054056","regione":"umbria","provincia":"perugia","sigla":"PG","codiceCatastale":"D786","cap":"06019","coordinate":{"lat":43.306574,"lng":12.3375}},{"nome":"Valfabbrica","codice":"054057","regione":"umbria","provincia":"perugia","sigla":"PG","codiceCatastale":"L573","cap":"06029","coordinate":{"lat":43.159571,"lng":12.601404}},{"nome":"Vallo di Nera","codice":"054058","regione":"umbria","provincia":"perugia","sigla":"PG","codiceCatastale":"L627","cap":"06040","coordinate":{"lat":42.7556296,"lng":12.865}},{"nome":"Valtopina","codice":"054059","regione":"umbria","provincia":"perugia","sigla":"PG","codiceCatastale":"L653","cap":"06030","coordinate":{"lat":43.0578333,"lng":12.754074}},{"nome":"Città della Pieve","codice":"054012","regione":"umbria","provincia":"perugia","sigla":"PG","codiceCatastale":"C744","cap":"06062","coordinate":{"lat":"42.95281727","lng":"12.0050632"}},{"nome":"Città di Castello","codice":"054013","regione":"umbria","provincia":"perugia","sigla":"PG","codiceCatastale":"C745","cap":"06012","coordinate":{"lat":"43.45737865","lng":"12.23814701"}}]