[{"nome":"Allein","codice":"007001","regione":"valle d'aosta","provincia":"aosta","sigla":"AO","codiceCatastale":"A205","cap":"11010","coordinate":{"lat":45.8086111,"lng":7.2725}},{"nome":"Aosta","codice":"007003","regione":"valle d'aosta","provincia":"aosta","sigla":"AO","codiceCatastale":"A326","cap":"11100","coordinate":{"lat":45.7356745,"lng":7.3190697}},{"nome":"Arnad","codice":"007004","regione":"valle d'aosta","provincia":"aosta","sigla":"AO","codiceCatastale":"A424","cap":"11020","coordinate":{"lat":45.643363,"lng":7.72295}},{"nome":"Arvier","codice":"007005","regione":"valle d'aosta","provincia":"aosta","sigla":"AO","codiceCatastale":"A452","cap":"11011","coordinate":{"lat":45.7031481,"lng":7.1670555}},{"nome":"Avise","codice":"007006","regione":"valle d'aosta","provincia":"aosta","sigla":"AO","codiceCatastale":"A521","cap":"11010","coordinate":{"lat":45.7099841,"lng":7.140899}},{"nome":"Ayas","codice":"007007","regione":"valle d'aosta","provincia":"aosta","sigla":"AO","codiceCatastale":"A094","cap":"11020","coordinate":{"lat":45.8161148,"lng":7.6903264}},{"nome":"Aymavilles","codice":"007008","regione":"valle d'aosta","provincia":"aosta","sigla":"AO","codiceCatastale":"A108","cap":"11010","coordinate":{"lat":45.7028333,"lng":7.2467222}},{"nome":"Bard","codice":"007009","regione":"valle d'aosta","provincia":"aosta","sigla":"AO","codiceCatastale":"A643","cap":"11020","coordinate":{"lat":45.6089261,"lng":7.7454638}},{"nome":"Bionaz","codice":"007010","regione":"valle d'aosta","provincia":"aosta","sigla":"AO","codiceCatastale":"A877","cap":"11010","coordinate":{"lat":45.8737113,"lng":7.4230877}},{"nome":"Brissogne","codice":"007011","regione":"valle d'aosta","provincia":"aosta","sigla":"AO","codiceCatastale":"B192","cap":"11020","coordinate":{"lat":45.7258046,"lng":7.3922042}},{"nome":"Brusson","codice":"007012","regione":"valle d'aosta","provincia":"aosta","sigla":"AO","codiceCatastale":"B230","cap":"11022","coordinate":{"lat":45.7587592,"lng":7.7307962}},{"nome":"Challand-Saint-Anselme","codice":"007013","regione":"valle d'aosta","provincia":"aosta","sigla":"AO","codiceCatastale":"C593","cap":"11020","coordinate":{"lat":45.7356821,"lng":7.317473}},{"nome":"Challand-Saint-Victor","codice":"007014","regione":"valle d'aosta","provincia":"aosta","sigla":"AO","codiceCatastale":"C594","cap":"11020","coordinate":{"lat":45.7356821,"lng":7.317473}},{"nome":"Chambave","codice":"007015","regione":"valle d'aosta","provincia":"aosta","sigla":"AO","codiceCatastale":"C595","cap":"11023","coordinate":{"lat":45.7445651,"lng":7.5502181}},{"nome":"Chamois","codice":"007016","regione":"valle d'aosta","provincia":"aosta","sigla":"AO","codiceCatastale":"B491","cap":"11020","coordinate":{"lat":45.8384346,"lng":7.6220263}},{"nome":"Champdepraz","codice":"007017","regione":"valle d'aosta","provincia":"aosta","sigla":"AO","codiceCatastale":"C596","cap":"11020","coordinate":{"lat":45.6852834,"lng":7.6564784}},{"nome":"Champorcher","codice":"007018","regione":"valle d'aosta","provincia":"aosta","sigla":"AO","codiceCatastale":"B540","cap":"11020","coordinate":{"lat":45.6242351,"lng":7.620673}},{"nome":"Charvensod","codice":"007019","regione":"valle d'aosta","provincia":"aosta","sigla":"AO","codiceCatastale":"C598","cap":"11020","coordinate":{"lat":45.7356745,"lng":7.3190697}},{"nome":"Cogne","codice":"007021","regione":"valle d'aosta","provincia":"aosta","sigla":"AO","codiceCatastale":"C821","cap":"11012","coordinate":{"lat":45.6082525,"lng":7.3561322}},{"nome":"Courmayeur","codice":"007022","regione":"valle d'aosta","provincia":"aosta","sigla":"AO","codiceCatastale":"D012","cap":"11013","coordinate":{"lat":45.7927065,"lng":6.9717581}},{"nome":"Donnas","codice":"007023","regione":"valle d'aosta","provincia":"aosta","sigla":"AO","codiceCatastale":"D338","cap":"11020","coordinate":{"lat":45.604008,"lng":7.770258}},{"nome":"Doues","codice":"007024","regione":"valle d'aosta","provincia":"aosta","sigla":"AO","codiceCatastale":"D356","cap":"11010","coordinate":{"lat":45.8197042,"lng":7.3075952}},{"nome":"Etroubles","codice":"007026","regione":"valle d'aosta","provincia":"aosta","sigla":"AO","codiceCatastale":"D444","cap":"11014","coordinate":{"lat":45.821574,"lng":7.2304814}},{"nome":"Fontainemore","codice":"007028","regione":"valle d'aosta","provincia":"aosta","sigla":"AO","codiceCatastale":"D666","cap":"11020","coordinate":{"lat":45.6484444,"lng":7.8606296}},{"nome":"Gaby","codice":"007029","regione":"valle d'aosta","provincia":"aosta","sigla":"AO","codiceCatastale":"D839","cap":"11020","coordinate":{"lat":45.7131296,"lng":7.8839074}},{"nome":"Gignod","codice":"007030","regione":"valle d'aosta","provincia":"aosta","sigla":"AO","codiceCatastale":"E029","cap":"11010","coordinate":{"lat":45.7356745,"lng":7.3190697}},{"nome":"Gressan","codice":"007031","regione":"valle d'aosta","provincia":"aosta","sigla":"AO","codiceCatastale":"E165","cap":"11020","coordinate":{"lat":45.7356745,"lng":7.3190697}},{"nome":"Gressoney-Saint-Jean","codice":"007033","regione":"valle d'aosta","provincia":"aosta","sigla":"AO","codiceCatastale":"E168","cap":"11025","coordinate":{"lat":45.6029428,"lng":7.806484}},{"nome":"Introd","codice":"007035","regione":"valle d'aosta","provincia":"aosta","sigla":"AO","codiceCatastale":"E306","cap":"11010","coordinate":{"lat":45.6929201,"lng":7.1821557}},{"nome":"Issime","codice":"007036","regione":"valle d'aosta","provincia":"aosta","sigla":"AO","codiceCatastale":"E369","cap":"11020","coordinate":{"lat":45.68657,"lng":7.8538881}},{"nome":"Issogne","codice":"007037","regione":"valle d'aosta","provincia":"aosta","sigla":"AO","codiceCatastale":"E371","cap":"11020","coordinate":{"lat":45.654741,"lng":7.686416}},{"nome":"La Magdeleine","codice":"007039","regione":"valle d'aosta","provincia":"aosta","sigla":"AO","codiceCatastale":"A308","cap":"11020","coordinate":{"lat":45.8110628,"lng":7.620169}},{"nome":"La Salle","codice":"007040","regione":"valle d'aosta","provincia":"aosta","sigla":"AO","codiceCatastale":"E458","cap":"11015","coordinate":{"lat":45.7473703,"lng":7.0751666}},{"nome":"La Thuile","codice":"007041","regione":"valle d'aosta","provincia":"aosta","sigla":"AO","codiceCatastale":"E470","cap":"11016","coordinate":{"lat":45.7167476,"lng":6.9488072}},{"nome":"Lillianes","codice":"007042","regione":"valle d'aosta","provincia":"aosta","sigla":"AO","codiceCatastale":"E587","cap":"11020","coordinate":{"lat":45.6313819,"lng":7.8422266}},{"nome":"Montjovet","codice":"007043","regione":"valle d'aosta","provincia":"aosta","sigla":"AO","codiceCatastale":"F367","cap":"11020","coordinate":{"lat":45.7064076,"lng":7.6752681}},{"nome":"Morgex","codice":"007044","regione":"valle d'aosta","provincia":"aosta","sigla":"AO","codiceCatastale":"F726","cap":"11017","coordinate":{"lat":45.7579814,"lng":7.0381296}},{"nome":"Nus","codice":"007045","regione":"valle d'aosta","provincia":"aosta","sigla":"AO","codiceCatastale":"F987","cap":"11020","coordinate":{"lat":45.7605581,"lng":7.4490397}},{"nome":"Ollomont","codice":"007046","regione":"valle d'aosta","provincia":"aosta","sigla":"AO","codiceCatastale":"G045","cap":"11010","coordinate":{"lat":45.8502686,"lng":7.3108237}},{"nome":"Oyace","codice":"007047","regione":"valle d'aosta","provincia":"aosta","sigla":"AO","codiceCatastale":"G012","cap":"11010","coordinate":{"lat":45.851805,"lng":7.3833372}},{"nome":"Perloz","codice":"007048","regione":"valle d'aosta","provincia":"aosta","sigla":"AO","codiceCatastale":"G459","cap":"11020","coordinate":{"lat":45.6148553,"lng":7.8083751}},{"nome":"Pollein","codice":"007049","regione":"valle d'aosta","provincia":"aosta","sigla":"AO","codiceCatastale":"G794","cap":"11020","coordinate":{"lat":45.7356745,"lng":7.3190697}},{"nome":"Pont-Saint-Martin","codice":"007052","regione":"valle d'aosta","provincia":"aosta","sigla":"AO","codiceCatastale":"G854","cap":"11026","coordinate":{"lat":45.5274602,"lng":7.200435}},{"nome":"Pontboset","codice":"007050","regione":"valle d'aosta","provincia":"aosta","sigla":"AO","codiceCatastale":"G545","cap":"11020","coordinate":{"lat":45.607641,"lng":7.685627}},{"nome":"Pontey","codice":"007051","regione":"valle d'aosta","provincia":"aosta","sigla":"AO","codiceCatastale":"G860","cap":"11024","coordinate":{"lat":45.7388229,"lng":7.587824}},{"nome":"Quart","codice":"007054","regione":"valle d'aosta","provincia":"aosta","sigla":"AO","codiceCatastale":"H110","cap":"11020","coordinate":{"lat":45.7605581,"lng":7.4490397}},{"nome":"Roisan","codice":"007057","regione":"valle d'aosta","provincia":"aosta","sigla":"AO","codiceCatastale":"H497","cap":"11010","coordinate":{"lat":45.7356745,"lng":7.3190697}},{"nome":"Saint-Christophe","codice":"007058","regione":"valle d'aosta","provincia":"aosta","sigla":"AO","codiceCatastale":"H669","cap":"11020","coordinate":{"lat":45.7356745,"lng":7.3190697}},{"nome":"Saint-Denis","codice":"007059","regione":"valle d'aosta","provincia":"aosta","sigla":"AO","codiceCatastale":"H670","cap":"11023","coordinate":{"lat":45.75411,"lng":7.554817}},{"nome":"Saint-Marcel","codice":"007060","regione":"valle d'aosta","provincia":"aosta","sigla":"AO","codiceCatastale":"H671","cap":"11020","coordinate":{"lat":45.825928,"lng":7.215958}},{"nome":"Saint-Nicolas","codice":"007061","regione":"valle d'aosta","provincia":"aosta","sigla":"AO","codiceCatastale":"H672","cap":"11010","coordinate":{"lat":45.7605581,"lng":7.4490397}},{"nome":"Saint-Oyen","codice":"007062","regione":"valle d'aosta","provincia":"aosta","sigla":"AO","codiceCatastale":"H673","cap":"11014","coordinate":{"lat":45.720323,"lng":7.166519}},{"nome":"Saint-Pierre","codice":"007063","regione":"valle d'aosta","provincia":"aosta","sigla":"AO","codiceCatastale":"H674","cap":"11010","coordinate":{"lat":45.710974,"lng":7.230377}},{"nome":"Saint-Vincent","codice":"007065","regione":"valle d'aosta","provincia":"aosta","sigla":"AO","codiceCatastale":"H676","cap":"11027","coordinate":{"lat":45.751954,"lng":7.646484}},{"nome":"Sarre","codice":"007066","regione":"valle d'aosta","provincia":"aosta","sigla":"AO","codiceCatastale":"I442","cap":"11010","coordinate":{"lat":45.7356745,"lng":7.3190697}},{"nome":"Torgnon","codice":"007067","regione":"valle d'aosta","provincia":"aosta","sigla":"AO","codiceCatastale":"L217","cap":"11020","coordinate":{"lat":45.8036995,"lng":7.5694866}},{"nome":"Valgrisenche","codice":"007068","regione":"valle d'aosta","provincia":"aosta","sigla":"AO","codiceCatastale":"L582","cap":"11010","coordinate":{"lat":45.6307623,"lng":7.0642333}},{"nome":"Valpelline","codice":"007069","regione":"valle d'aosta","provincia":"aosta","sigla":"AO","codiceCatastale":"L643","cap":"11010","coordinate":{"lat":45.8259629,"lng":7.3267407}},{"nome":"Valsavarenche","codice":"007070","regione":"valle d'aosta","provincia":"aosta","sigla":"AO","codiceCatastale":"L647","cap":"11010","coordinate":{"lat":45.5924274,"lng":7.2098437}},{"nome":"Valtournenche","codice":"007071","regione":"valle d'aosta","provincia":"aosta","sigla":"AO","codiceCatastale":"L654","cap":"11028","coordinate":{"lat":45.8767599,"lng":7.623917}},{"nome":"Verrayes","codice":"007072","regione":"valle d'aosta","provincia":"aosta","sigla":"AO","codiceCatastale":"L783","cap":"11020","coordinate":{"lat":45.7642222,"lng":7.5357962}},{"nome":"Villeneuve","codice":"007074","regione":"valle d'aosta","provincia":"aosta","sigla":"AO","codiceCatastale":"L981","cap":"11018","coordinate":{"lat":45.7028333,"lng":7.209074}},{"nome":"Antey-Saint-André","codice":"007002","regione":"valle d'aosta","provincia":"aosta","sigla":"AO","codiceCatastale":"A305","cap":"11020","coordinate":{"lat":45.80495538,"lng":7.59320879}},{"nome":"Châtillon","codice":"007020","regione":"valle d'aosta","provincia":"aosta","sigla":"AO","codiceCatastale":"C294","cap":"11024","coordinate":{"lat":45.7495666,"lng":7.61324866}},{"nome":"Emarèse","codice":"007025","regione":"valle d'aosta","provincia":"aosta","sigla":"AO","codiceCatastale":"D402","cap":"11020","coordinate":{"lat":45.72469931,"lng":7.70044113}},{"nome":"Fénis","codice":"007027","regione":"valle d'aosta","provincia":"aosta","sigla":"AO","codiceCatastale":"D537","cap":"11020","coordinate":{"lat":45.73609933,"lng":7.49429922}},{"nome":"Gressoney-La-Trinité","codice":"007032","regione":"valle d'aosta","provincia":"aosta","sigla":"AO","codiceCatastale":"E167","cap":"11020","coordinate":{"lat":45.82724198,"lng":7.82308558}},{"nome":"Hône","codice":"007034","regione":"valle d'aosta","provincia":"aosta","sigla":"AO","codiceCatastale":"E273","cap":"11020","coordinate":{"lat":45.61185509,"lng":7.73573316}},{"nome":"Jovençan","codice":"007038","regione":"valle d'aosta","provincia":"aosta","sigla":"AO","codiceCatastale":"E391","cap":"11020","coordinate":{"lat":45.7139631,"lng":7.27497757}},{"nome":"Pré-Saint-Didier","codice":"007053","regione":"valle d'aosta","provincia":"aosta","sigla":"AO","codiceCatastale":"H042","cap":"11010","coordinate":{"lat":45.76376415,"lng":6.98635298}},{"nome":"Rhêmes-Notre-Dame","codice":"007055","regione":"valle d'aosta","provincia":"aosta","sigla":"AO","codiceCatastale":"H262","cap":"11010","coordinate":{"lat":45.56970721,"lng":7.1185289}},{"nome":"Rhêmes-Saint-Georges","codice":"007056","regione":"valle d'aosta","provincia":"aosta","sigla":"AO","codiceCatastale":"H263","cap":"11010","coordinate":{"lat":45.65525593,"lng":7.15524759}},{"nome":"Saint-Rhémy-en-Bosses","codice":"007064","regione":"valle d'aosta","provincia":"aosta","sigla":"AO","codiceCatastale":"H675","cap":"11010","coordinate":{"lat":45.8230588,"lng":7.18206384}},{"nome":"Verrès","codice":"007073","regione":"valle d'aosta","provincia":"aosta","sigla":"AO","codiceCatastale":"C282","cap":"11029","coordinate":{"lat":45.66872714,"lng":7.68994077}}]