[{"nome":"Abano Terme","codice":"028001","regione":"veneto","provincia":"padova","sigla":"PD","codiceCatastale":"A001","cap":"35031"},{"nome":"Adria","codice":"029001","regione":"veneto","provincia":"rovigo","sigla":"RO","codiceCatastale":"A059","cap":"45011"},{"nome":"Affi","codice":"023001","regione":"veneto","provincia":"verona","sigla":"VR","codiceCatastale":"A061","cap":"37010"},{"nome":"Agna","codice":"028002","regione":"veneto","provincia":"padova","sigla":"PD","codiceCatastale":"A075","cap":"35021"},{"nome":"Agordo","codice":"025001","regione":"veneto","provincia":"belluno","sigla":"BL","codiceCatastale":"A083","cap":"32021"},{"nome":"Agugliaro","codice":"024001","regione":"veneto","provincia":"vicenza","sigla":"VI","codiceCatastale":"A093","cap":"36020"},{"nome":"Alano di Piave","codice":"025002","regione":"veneto","provincia":"belluno","sigla":"BL","codiceCatastale":"A121","cap":"32031"},{"nome":"Albaredo d'Adige","codice":"023002","regione":"veneto","provincia":"verona","sigla":"VR","codiceCatastale":"A137","cap":"37041"},{"nome":"Albettone","codice":"024002","regione":"veneto","provincia":"vicenza","sigla":"VI","codiceCatastale":"A154","cap":"36020"},{"nome":"Albignasego","codice":"028003","regione":"veneto","provincia":"padova","sigla":"PD","codiceCatastale":"A161","cap":"35020"},{"nome":"Alleghe","codice":"025003","regione":"veneto","provincia":"belluno","sigla":"BL","codiceCatastale":"A206","cap":"32022"},{"nome":"Alonte","codice":"024003","regione":"veneto","provincia":"vicenza","sigla":"VI","codiceCatastale":"A220","cap":"36045"},{"nome":"Alpago","codice":"025072","regione":"veneto","provincia":"belluno","sigla":"BL","codiceCatastale":"M375","cap":"32016"},{"nome":"Altavilla Vicentina","codice":"024004","regione":"veneto","provincia":"vicenza","sigla":"VI","codiceCatastale":"A231","cap":"36077"},{"nome":"Altissimo","codice":"024005","regione":"veneto","provincia":"vicenza","sigla":"VI","codiceCatastale":"A236","cap":"36070"},{"nome":"Altivole","codice":"026001","regione":"veneto","provincia":"treviso","sigla":"TV","codiceCatastale":"A237","cap":"31030"},{"nome":"Angiari","codice":"023003","regione":"veneto","provincia":"verona","sigla":"VR","codiceCatastale":"A292","cap":"37050"},{"nome":"Anguillara Veneta","codice":"028004","regione":"veneto","provincia":"padova","sigla":"PD","codiceCatastale":"A296","cap":"35022"},{"nome":"Annone Veneto","codice":"027001","regione":"veneto","provincia":"venezia","sigla":"VE","codiceCatastale":"A302","cap":"30020"},{"nome":"Arcade","codice":"026002","regione":"veneto","provincia":"treviso","sigla":"TV","codiceCatastale":"A360","cap":"31030"},{"nome":"Arcole","codice":"023004","regione":"veneto","provincia":"verona","sigla":"VR","codiceCatastale":"A374","cap":"37040"},{"nome":"Arcugnano","codice":"024006","regione":"veneto","provincia":"vicenza","sigla":"VI","codiceCatastale":"A377","cap":"36057"},{"nome":"Ariano nel Polesine","codice":"029002","regione":"veneto","provincia":"rovigo","sigla":"RO","codiceCatastale":"A400","cap":"45012"},{"nome":"Arquà Petrarca","codice":"028005","regione":"veneto","provincia":"padova","sigla":"PD","codiceCatastale":"A434","cap":"35032"},{"nome":"Arquà Polesine","codice":"029003","regione":"veneto","provincia":"rovigo","sigla":"RO","codiceCatastale":"A435","cap":"45031"},{"nome":"Arre","codice":"028006","regione":"veneto","provincia":"padova","sigla":"PD","codiceCatastale":"A438","cap":"35020"},{"nome":"Arsiè","codice":"025004","regione":"veneto","provincia":"belluno","sigla":"BL","codiceCatastale":"A443","cap":"32030"},{"nome":"Arsiero","codice":"024007","regione":"veneto","provincia":"vicenza","sigla":"VI","codiceCatastale":"A444","cap":"36011"},{"nome":"Arzergrande","codice":"028007","regione":"veneto","provincia":"padova","sigla":"PD","codiceCatastale":"A458","cap":"35020"},{"nome":"Arzignano","codice":"024008","regione":"veneto","provincia":"vicenza","sigla":"VI","codiceCatastale":"A459","cap":"36071"},{"nome":"Asiago","codice":"024009","regione":"veneto","provincia":"vicenza","sigla":"VI","codiceCatastale":"A465","cap":"36012"},{"nome":"Asigliano Veneto","codice":"024010","regione":"veneto","provincia":"vicenza","sigla":"VI","codiceCatastale":"A467","cap":"36020"},{"nome":"Asolo","codice":"026003","regione":"veneto","provincia":"treviso","sigla":"TV","codiceCatastale":"A471","cap":"31011"},{"nome":"Auronzo di Cadore","codice":"025005","regione":"veneto","provincia":"belluno","sigla":"BL","codiceCatastale":"A501","cap":"32041"},{"nome":"Badia Calavena","codice":"023005","regione":"veneto","provincia":"verona","sigla":"VR","codiceCatastale":"A540","cap":"37030"},{"nome":"Badia Polesine","codice":"029004","regione":"veneto","provincia":"rovigo","sigla":"RO","codiceCatastale":"A539","cap":"45021"},{"nome":"Bagnoli di Sopra","codice":"028008","regione":"veneto","provincia":"padova","sigla":"PD","codiceCatastale":"A568","cap":"35023"},{"nome":"Bagnolo di Po","codice":"029005","regione":"veneto","provincia":"rovigo","sigla":"RO","codiceCatastale":"A574","cap":"45022"},{"nome":"Baone","codice":"028009","regione":"veneto","provincia":"padova","sigla":"PD","codiceCatastale":"A613","cap":"35030"},{"nome":"Barbarano Mossano","codice":"024124","regione":"veneto","provincia":"vicenza","sigla":"VI","codiceCatastale":"M401","cap":"36048"},{"nome":"Barbona","codice":"028010","regione":"veneto","provincia":"padova","sigla":"PD","codiceCatastale":"A637","cap":"35040"},{"nome":"Bardolino","codice":"023006","regione":"veneto","provincia":"verona","sigla":"VR","codiceCatastale":"A650","cap":"37011"},{"nome":"Bassano del Grappa","codice":"024012","regione":"veneto","provincia":"vicenza","sigla":"VI","codiceCatastale":"A703","cap":"36061"},{"nome":"Battaglia Terme","codice":"028011","regione":"veneto","provincia":"padova","sigla":"PD","codiceCatastale":"A714","cap":"35041"},{"nome":"Belfiore","codice":"023007","regione":"veneto","provincia":"verona","sigla":"VR","codiceCatastale":"A737","cap":"37050"},{"nome":"Belluno","codice":"025006","regione":"veneto","provincia":"belluno","sigla":"BL","codiceCatastale":"A757","cap":"32100"},{"nome":"Bergantino","codice":"029006","regione":"veneto","provincia":"rovigo","sigla":"RO","codiceCatastale":"A795","cap":"45032"},{"nome":"Bevilacqua","codice":"023008","regione":"veneto","provincia":"verona","sigla":"VR","codiceCatastale":"A837","cap":"37040"},{"nome":"Boara Pisani","codice":"028012","regione":"veneto","provincia":"padova","sigla":"PD","codiceCatastale":"A906","cap":"35040"},{"nome":"Bolzano Vicentino","codice":"024013","regione":"veneto","provincia":"vicenza","sigla":"VI","codiceCatastale":"A954","cap":"36050"},{"nome":"Bonavigo","codice":"023009","regione":"veneto","provincia":"verona","sigla":"VR","codiceCatastale":"A964","cap":"37040"},{"nome":"Borca di Cadore","codice":"025007","regione":"veneto","provincia":"belluno","sigla":"BL","codiceCatastale":"A982","cap":"32040"},{"nome":"Borgo Valbelluna","codice":"025074","regione":"veneto","provincia":"belluno","sigla":"BL","codiceCatastale":"M421","cap":"32026"},{"nome":"Borgo Veneto","codice":"028107","regione":"veneto","provincia":"padova","sigla":"PD","codiceCatastale":"M402","cap":"35046"},{"nome":"Borgoricco","codice":"028013","regione":"veneto","provincia":"padova","sigla":"PD","codiceCatastale":"B031","cap":"35010"},{"nome":"Borso del Grappa","codice":"026004","regione":"veneto","provincia":"treviso","sigla":"TV","codiceCatastale":"B061","cap":"31030"},{"nome":"Bosaro","codice":"029007","regione":"veneto","provincia":"rovigo","sigla":"RO","codiceCatastale":"B069","cap":"45033"},{"nome":"Boschi Sant'Anna","codice":"023010","regione":"veneto","provincia":"verona","sigla":"VR","codiceCatastale":"B070","cap":"37040"},{"nome":"Bosco Chiesanuova","codice":"023011","regione":"veneto","provincia":"verona","sigla":"VR","codiceCatastale":"B073","cap":"37021"},{"nome":"Bovolenta","codice":"028014","regione":"veneto","provincia":"padova","sigla":"PD","codiceCatastale":"B106","cap":"35024"},{"nome":"Bovolone","codice":"023012","regione":"veneto","provincia":"verona","sigla":"VR","codiceCatastale":"B107","cap":"37051"},{"nome":"Breda di Piave","codice":"026005","regione":"veneto","provincia":"treviso","sigla":"TV","codiceCatastale":"B128","cap":"31030"},{"nome":"Breganze","codice":"024014","regione":"veneto","provincia":"vicenza","sigla":"VI","codiceCatastale":"B132","cap":"36042"},{"nome":"Brendola","codice":"024015","regione":"veneto","provincia":"vicenza","sigla":"VI","codiceCatastale":"B143","cap":"36040"},{"nome":"Brentino Belluno","codice":"023013","regione":"veneto","provincia":"verona","sigla":"VR","codiceCatastale":"B152","cap":"37020"},{"nome":"Brenzone sul Garda","codice":"023014","regione":"veneto","provincia":"verona","sigla":"VR","codiceCatastale":"B154","cap":"37010"},{"nome":"Bressanvido","codice":"024016","regione":"veneto","provincia":"vicenza","sigla":"VI","codiceCatastale":"B161","cap":"36050"},{"nome":"Brogliano","codice":"024017","regione":"veneto","provincia":"vicenza","sigla":"VI","codiceCatastale":"B196","cap":"36070"},{"nome":"Brugine","codice":"028015","regione":"veneto","provincia":"padova","sigla":"PD","codiceCatastale":"B213","cap":"35020"},{"nome":"Bussolengo","codice":"023015","regione":"veneto","provincia":"verona","sigla":"VR","codiceCatastale":"B296","cap":"37012"},{"nome":"Buttapietra","codice":"023016","regione":"veneto","provincia":"verona","sigla":"VR","codiceCatastale":"B304","cap":"37060"},{"nome":"Cadoneghe","codice":"028016","regione":"veneto","provincia":"padova","sigla":"PD","codiceCatastale":"B345","cap":"35010"},{"nome":"Caerano di San Marco","codice":"026006","regione":"veneto","provincia":"treviso","sigla":"TV","codiceCatastale":"B349","cap":"31031"},{"nome":"Calalzo di Cadore","codice":"025008","regione":"veneto","provincia":"belluno","sigla":"BL","codiceCatastale":"B375","cap":"32042"},{"nome":"Caldiero","codice":"023017","regione":"veneto","provincia":"verona","sigla":"VR","codiceCatastale":"B402","cap":"37042"},{"nome":"Caldogno","codice":"024018","regione":"veneto","provincia":"vicenza","sigla":"VI","codiceCatastale":"B403","cap":"36030"},{"nome":"Calto","codice":"029008","regione":"veneto","provincia":"rovigo","sigla":"RO","codiceCatastale":"B432","cap":"45030"},{"nome":"Caltrano","codice":"024019","regione":"veneto","provincia":"vicenza","sigla":"VI","codiceCatastale":"B433","cap":"36030"},{"nome":"Calvene","codice":"024020","regione":"veneto","provincia":"vicenza","sigla":"VI","codiceCatastale":"B441","cap":"36030"},{"nome":"Camisano Vicentino","codice":"024021","regione":"veneto","provincia":"vicenza","sigla":"VI","codiceCatastale":"B485","cap":"36043"},{"nome":"Campagna Lupia","codice":"027002","regione":"veneto","provincia":"venezia","sigla":"VE","codiceCatastale":"B493","cap":"30010"},{"nome":"Campiglia dei Berici","codice":"024022","regione":"veneto","provincia":"vicenza","sigla":"VI","codiceCatastale":"B511","cap":"36020"},{"nome":"Campo San Martino","codice":"028020","regione":"veneto","provincia":"padova","sigla":"PD","codiceCatastale":"B564","cap":"35010"},{"nome":"Campodarsego","codice":"028017","regione":"veneto","provincia":"padova","sigla":"PD","codiceCatastale":"B524","cap":"35011"},{"nome":"Campodoro","codice":"028018","regione":"veneto","provincia":"padova","sigla":"PD","codiceCatastale":"B531","cap":"35010"},{"nome":"Campolongo Maggiore","codice":"027003","regione":"veneto","provincia":"venezia","sigla":"VE","codiceCatastale":"B546","cap":"30010"},{"nome":"Camponogara","codice":"027004","regione":"veneto","provincia":"venezia","sigla":"VE","codiceCatastale":"B554","cap":"30010"},{"nome":"Camposampiero","codice":"028019","regione":"veneto","provincia":"padova","sigla":"PD","codiceCatastale":"B563","cap":"35012"},{"nome":"Canale d'Agordo","codice":"025023","regione":"veneto","provincia":"belluno","sigla":"BL","codiceCatastale":"B574","cap":"32020"},{"nome":"Canaro","codice":"029009","regione":"veneto","provincia":"rovigo","sigla":"RO","codiceCatastale":"B578","cap":"45034"},{"nome":"Canda","codice":"029010","regione":"veneto","provincia":"rovigo","sigla":"RO","codiceCatastale":"B582","cap":"45020"},{"nome":"Candiana","codice":"028021","regione":"veneto","provincia":"padova","sigla":"PD","codiceCatastale":"B589","cap":"35020"},{"nome":"Caorle","codice":"027005","regione":"veneto","provincia":"venezia","sigla":"VE","codiceCatastale":"B642","cap":"30021"},{"nome":"Cappella Maggiore","codice":"026007","regione":"veneto","provincia":"treviso","sigla":"TV","codiceCatastale":"B678","cap":"31012"},{"nome":"Caprino Veronese","codice":"023018","regione":"veneto","provincia":"verona","sigla":"VR","codiceCatastale":"B709","cap":"37013"},{"nome":"Carbonera","codice":"026008","regione":"veneto","provincia":"treviso","sigla":"TV","codiceCatastale":"B744","cap":"31030"},{"nome":"Carceri","codice":"028022","regione":"veneto","provincia":"padova","sigla":"PD","codiceCatastale":"B749","cap":"35040"},{"nome":"Carmignano di Brenta","codice":"028023","regione":"veneto","provincia":"padova","sigla":"PD","codiceCatastale":"B795","cap":"35010"},{"nome":"Carrè","codice":"024024","regione":"veneto","provincia":"vicenza","sigla":"VI","codiceCatastale":"B835","cap":"36010"},{"nome":"Cartigliano","codice":"024025","regione":"veneto","provincia":"vicenza","sigla":"VI","codiceCatastale":"B844","cap":"36050"},{"nome":"Cartura","codice":"028026","regione":"veneto","provincia":"padova","sigla":"PD","codiceCatastale":"B848","cap":"35025"},{"nome":"Casale di Scodosia","codice":"028027","regione":"veneto","provincia":"padova","sigla":"PD","codiceCatastale":"B877","cap":"35040"},{"nome":"Casale sul Sile","codice":"026009","regione":"veneto","provincia":"treviso","sigla":"TV","codiceCatastale":"B879","cap":"31032"},{"nome":"Casaleone","codice":"023019","regione":"veneto","provincia":"verona","sigla":"VR","codiceCatastale":"B886","cap":"37052"},{"nome":"Casalserugo","codice":"028028","regione":"veneto","provincia":"padova","sigla":"PD","codiceCatastale":"B912","cap":"35020"},{"nome":"Casier","codice":"026010","regione":"veneto","provincia":"treviso","sigla":"TV","codiceCatastale":"B965","cap":"31030"},{"nome":"Cassola","codice":"024026","regione":"veneto","provincia":"vicenza","sigla":"VI","codiceCatastale":"C037","cap":"36022"},{"nome":"Castagnaro","codice":"023020","regione":"veneto","provincia":"verona","sigla":"VR","codiceCatastale":"C041","cap":"37043"},{"nome":"Castegnero","codice":"024027","regione":"veneto","provincia":"vicenza","sigla":"VI","codiceCatastale":"C056","cap":"36020"},{"nome":"Castel d'Azzano","codice":"023021","regione":"veneto","provincia":"verona","sigla":"VR","codiceCatastale":"C078","cap":"37060"},{"nome":"Castelbaldo","codice":"028029","regione":"veneto","provincia":"padova","sigla":"PD","codiceCatastale":"C057","cap":"35040"},{"nome":"Castelcucco","codice":"026011","regione":"veneto","provincia":"treviso","sigla":"TV","codiceCatastale":"C073","cap":"31030"},{"nome":"Castelfranco Veneto","codice":"026012","regione":"veneto","provincia":"treviso","sigla":"TV","codiceCatastale":"C111","cap":"31033"},{"nome":"Castelgomberto","codice":"024028","regione":"veneto","provincia":"vicenza","sigla":"VI","codiceCatastale":"C119","cap":"36070"},{"nome":"Castelguglielmo","codice":"029011","regione":"veneto","provincia":"rovigo","sigla":"RO","codiceCatastale":"C122","cap":"45020"},{"nome":"Castello di Godego","codice":"026013","regione":"veneto","provincia":"treviso","sigla":"TV","codiceCatastale":"C190","cap":"31030"},{"nome":"Castelmassa","codice":"029012","regione":"veneto","provincia":"rovigo","sigla":"RO","codiceCatastale":"C207","cap":"45035"},{"nome":"Castelnovo Bariano","codice":"029013","regione":"veneto","provincia":"rovigo","sigla":"RO","codiceCatastale":"C215","cap":"45030"},{"nome":"Castelnuovo del Garda","codice":"023022","regione":"veneto","provincia":"verona","sigla":"VR","codiceCatastale":"C225","cap":"37014"},{"nome":"Cavaion Veronese","codice":"023023","regione":"veneto","provincia":"verona","sigla":"VR","codiceCatastale":"C370","cap":"37010"},{"nome":"Cavallino-Treporti","codice":"027044","regione":"veneto","provincia":"venezia","sigla":"VE","codiceCatastale":"M308","cap":"30013"},{"nome":"Cavarzere","codice":"027006","regione":"veneto","provincia":"venezia","sigla":"VE","codiceCatastale":"C383","cap":"30014"},{"nome":"Cavaso del Tomba","codice":"026014","regione":"veneto","provincia":"treviso","sigla":"TV","codiceCatastale":"C384","cap":"31034"},{"nome":"Cazzano di Tramigna","codice":"023024","regione":"veneto","provincia":"verona","sigla":"VR","codiceCatastale":"C412","cap":"37030"},{"nome":"Ceggia","codice":"027007","regione":"veneto","provincia":"venezia","sigla":"VE","codiceCatastale":"C422","cap":"30022"},{"nome":"Cencenighe Agordino","codice":"025010","regione":"veneto","provincia":"belluno","sigla":"BL","codiceCatastale":"C458","cap":"32020"},{"nome":"Ceneselli","codice":"029014","regione":"veneto","provincia":"rovigo","sigla":"RO","codiceCatastale":"C461","cap":"45030"},{"nome":"Cerea","codice":"023025","regione":"veneto","provincia":"verona","sigla":"VR","codiceCatastale":"C498","cap":"37053"},{"nome":"Ceregnano","codice":"029015","regione":"veneto","provincia":"rovigo","sigla":"RO","codiceCatastale":"C500","cap":"45010"},{"nome":"Cerro Veronese","codice":"023026","regione":"veneto","provincia":"verona","sigla":"VR","codiceCatastale":"C538","cap":"37020"},{"nome":"Cervarese Santa Croce","codice":"028030","regione":"veneto","provincia":"padova","sigla":"PD","codiceCatastale":"C544","cap":"35030"},{"nome":"Cesiomaggiore","codice":"025011","regione":"veneto","provincia":"belluno","sigla":"BL","codiceCatastale":"C577","cap":"32030"},{"nome":"Cessalto","codice":"026015","regione":"veneto","provincia":"treviso","sigla":"TV","codiceCatastale":"C580","cap":"31040"},{"nome":"Chiampo","codice":"024029","regione":"veneto","provincia":"vicenza","sigla":"VI","codiceCatastale":"C605","cap":"36072"},{"nome":"Chiarano","codice":"026016","regione":"veneto","provincia":"treviso","sigla":"TV","codiceCatastale":"C614","cap":"31040"},{"nome":"Chies d'Alpago","codice":"025012","regione":"veneto","provincia":"belluno","sigla":"BL","codiceCatastale":"C630","cap":"32010"},{"nome":"Chioggia","codice":"027008","regione":"veneto","provincia":"venezia","sigla":"VE","codiceCatastale":"C638","cap":"30015"},{"nome":"Chiuppano","codice":"024030","regione":"veneto","provincia":"vicenza","sigla":"VI","codiceCatastale":"C650","cap":"36010"},{"nome":"Cibiana di Cadore","codice":"025013","regione":"veneto","provincia":"belluno","sigla":"BL","codiceCatastale":"C672","cap":"32040"},{"nome":"Cimadolmo","codice":"026017","regione":"veneto","provincia":"treviso","sigla":"TV","codiceCatastale":"C689","cap":"31010"},{"nome":"Cinto Caomaggiore","codice":"027009","regione":"veneto","provincia":"venezia","sigla":"VE","codiceCatastale":"C714","cap":"30020"},{"nome":"Cinto Euganeo","codice":"028031","regione":"veneto","provincia":"padova","sigla":"PD","codiceCatastale":"C713","cap":"35030"},{"nome":"Cison di Valmarino","codice":"026018","regione":"veneto","provincia":"treviso","sigla":"TV","codiceCatastale":"C735","cap":"31030"},{"nome":"Cittadella","codice":"028032","regione":"veneto","provincia":"padova","sigla":"PD","codiceCatastale":"C743","cap":"35013"},{"nome":"Codevigo","codice":"028033","regione":"veneto","provincia":"padova","sigla":"PD","codiceCatastale":"C812","cap":"35020"},{"nome":"Codognè","codice":"026019","regione":"veneto","provincia":"treviso","sigla":"TV","codiceCatastale":"C815","cap":"31013"},{"nome":"Cogollo del Cengio","codice":"024032","regione":"veneto","provincia":"vicenza","sigla":"VI","codiceCatastale":"C824","cap":"36010"},{"nome":"Colceresa","codice":"024126","regione":"veneto","provincia":"vicenza","sigla":"VI","codiceCatastale":"M426","cap":"36064"},{"nome":"Colle Santa Lucia","codice":"025014","regione":"veneto","provincia":"belluno","sigla":"BL","codiceCatastale":"C872","cap":"32020"},{"nome":"Colle Umberto","codice":"026020","regione":"veneto","provincia":"treviso","sigla":"TV","codiceCatastale":"C848","cap":"31014"},{"nome":"Cologna Veneta","codice":"023027","regione":"veneto","provincia":"verona","sigla":"VR","codiceCatastale":"C890","cap":"37044"},{"nome":"Colognola ai Colli","codice":"023028","regione":"veneto","provincia":"verona","sigla":"VR","codiceCatastale":"C897","cap":"37030"},{"nome":"Comelico Superiore","codice":"025015","regione":"veneto","provincia":"belluno","sigla":"BL","codiceCatastale":"C920","cap":"32040"},{"nome":"Cona","codice":"027010","regione":"veneto","provincia":"venezia","sigla":"VE","codiceCatastale":"C938","cap":"30010"},{"nome":"Concamarise","codice":"023029","regione":"veneto","provincia":"verona","sigla":"VR","codiceCatastale":"C943","cap":"37050"},{"nome":"Concordia Sagittaria","codice":"027011","regione":"veneto","provincia":"venezia","sigla":"VE","codiceCatastale":"C950","cap":"30023"},{"nome":"Conegliano","codice":"026021","regione":"veneto","provincia":"treviso","sigla":"TV","codiceCatastale":"C957","cap":"31015"},{"nome":"Conselve","codice":"028034","regione":"veneto","provincia":"padova","sigla":"PD","codiceCatastale":"C964","cap":"35026"},{"nome":"Corbola","codice":"029017","regione":"veneto","provincia":"rovigo","sigla":"RO","codiceCatastale":"C987","cap":"45015"},{"nome":"Cordignano","codice":"026022","regione":"veneto","provincia":"treviso","sigla":"TV","codiceCatastale":"C992","cap":"31016"},{"nome":"Cornedo Vicentino","codice":"024034","regione":"veneto","provincia":"vicenza","sigla":"VI","codiceCatastale":"D020","cap":"36073"},{"nome":"Cornuda","codice":"026023","regione":"veneto","provincia":"treviso","sigla":"TV","codiceCatastale":"D030","cap":"31041"},{"nome":"Correzzola","codice":"028035","regione":"veneto","provincia":"padova","sigla":"PD","codiceCatastale":"D040","cap":"35020"},{"nome":"Cortina d'Ampezzo","codice":"025016","regione":"veneto","provincia":"belluno","sigla":"BL","codiceCatastale":"A266","cap":"32043"},{"nome":"Costa di Rovigo","codice":"029018","regione":"veneto","provincia":"rovigo","sigla":"RO","codiceCatastale":"D105","cap":"45023"},{"nome":"Costabissara","codice":"024035","regione":"veneto","provincia":"vicenza","sigla":"VI","codiceCatastale":"D107","cap":"36030"},{"nome":"Costermano sul Garda","codice":"023030","regione":"veneto","provincia":"verona","sigla":"VR","codiceCatastale":"D118","cap":"37010"},{"nome":"Creazzo","codice":"024036","regione":"veneto","provincia":"vicenza","sigla":"VI","codiceCatastale":"D136","cap":"36051"},{"nome":"Crespadoro","codice":"024037","regione":"veneto","provincia":"vicenza","sigla":"VI","codiceCatastale":"D156","cap":"36070"},{"nome":"Crespino","codice":"029019","regione":"veneto","provincia":"rovigo","sigla":"RO","codiceCatastale":"D161","cap":"45030"},{"nome":"Crocetta del Montello","codice":"026025","regione":"veneto","provincia":"treviso","sigla":"TV","codiceCatastale":"C670","cap":"31035"},{"nome":"Curtarolo","codice":"028036","regione":"veneto","provincia":"padova","sigla":"PD","codiceCatastale":"D226","cap":"35010"},{"nome":"Danta di Cadore","codice":"025017","regione":"veneto","provincia":"belluno","sigla":"BL","codiceCatastale":"D247","cap":"32040"},{"nome":"Dolcè","codice":"023031","regione":"veneto","provincia":"verona","sigla":"VR","codiceCatastale":"D317","cap":"37020"},{"nome":"Dolo","codice":"027012","regione":"veneto","provincia":"venezia","sigla":"VE","codiceCatastale":"D325","cap":"30031"},{"nome":"Domegge di Cadore","codice":"025018","regione":"veneto","provincia":"belluno","sigla":"BL","codiceCatastale":"D330","cap":"32040"},{"nome":"Due Carrare","codice":"028106","regione":"veneto","provincia":"padova","sigla":"PD","codiceCatastale":"M300","cap":"35020"},{"nome":"Dueville","codice":"024038","regione":"veneto","provincia":"vicenza","sigla":"VI","codiceCatastale":"D379","cap":"36031"},{"nome":"Enego","codice":"024039","regione":"veneto","provincia":"vicenza","sigla":"VI","codiceCatastale":"D407","cap":"36052"},{"nome":"Eraclea","codice":"027013","regione":"veneto","provincia":"venezia","sigla":"VE","codiceCatastale":"D415","cap":"30020"},{"nome":"Erbè","codice":"023032","regione":"veneto","provincia":"verona","sigla":"VR","codiceCatastale":"D419","cap":"37060"},{"nome":"Erbezzo","codice":"023033","regione":"veneto","provincia":"verona","sigla":"VR","codiceCatastale":"D420","cap":"37020"},{"nome":"Este","codice":"028037","regione":"veneto","provincia":"padova","sigla":"PD","codiceCatastale":"D442","cap":"35042"},{"nome":"Falcade","codice":"025019","regione":"veneto","provincia":"belluno","sigla":"BL","codiceCatastale":"D470","cap":"32020"},{"nome":"Fara Vicentino","codice":"024040","regione":"veneto","provincia":"vicenza","sigla":"VI","codiceCatastale":"D496","cap":"36030"},{"nome":"Farra di Soligo","codice":"026026","regione":"veneto","provincia":"treviso","sigla":"TV","codiceCatastale":"D505","cap":"31010"},{"nome":"Feltre","codice":"025021","regione":"veneto","provincia":"belluno","sigla":"BL","codiceCatastale":"D530","cap":"32032"},{"nome":"Ferrara di Monte Baldo","codice":"023034","regione":"veneto","provincia":"verona","sigla":"VR","codiceCatastale":"D549","cap":"37020"},{"nome":"Ficarolo","codice":"029021","regione":"veneto","provincia":"rovigo","sigla":"RO","codiceCatastale":"D568","cap":"45036"},{"nome":"Fiesso d'Artico","codice":"027014","regione":"veneto","provincia":"venezia","sigla":"VE","codiceCatastale":"D578","cap":"30032"},{"nome":"Fiesso Umbertiano","codice":"029022","regione":"veneto","provincia":"rovigo","sigla":"RO","codiceCatastale":"D577","cap":"45024"},{"nome":"Follina","codice":"026027","regione":"veneto","provincia":"treviso","sigla":"TV","codiceCatastale":"D654","cap":"31051"},{"nome":"Fontanelle","codice":"026028","regione":"veneto","provincia":"treviso","sigla":"TV","codiceCatastale":"D674","cap":"31043"},{"nome":"Fontaniva","codice":"028038","regione":"veneto","provincia":"padova","sigla":"PD","codiceCatastale":"D679","cap":"35014"},{"nome":"Fonte","codice":"026029","regione":"veneto","provincia":"treviso","sigla":"TV","codiceCatastale":"D680","cap":"31010"},{"nome":"Fonzaso","codice":"025022","regione":"veneto","provincia":"belluno","sigla":"BL","codiceCatastale":"D686","cap":"32030"},{"nome":"Fossalta di Piave","codice":"027015","regione":"veneto","provincia":"venezia","sigla":"VE","codiceCatastale":"D740","cap":"30020"},{"nome":"Fossalta di Portogruaro","codice":"027016","regione":"veneto","provincia":"venezia","sigla":"VE","codiceCatastale":"D741","cap":"30025"},{"nome":"Fossò","codice":"027017","regione":"veneto","provincia":"venezia","sigla":"VE","codiceCatastale":"D748","cap":"30030"},{"nome":"Foza","codice":"024041","regione":"veneto","provincia":"vicenza","sigla":"VI","codiceCatastale":"D750","cap":"36010"},{"nome":"Frassinelle Polesine","codice":"029023","regione":"veneto","provincia":"rovigo","sigla":"RO","codiceCatastale":"D776","cap":"45030"},{"nome":"Fratta Polesine","codice":"029024","regione":"veneto","provincia":"rovigo","sigla":"RO","codiceCatastale":"D788","cap":"45025"},{"nome":"Fregona","codice":"026030","regione":"veneto","provincia":"treviso","sigla":"TV","codiceCatastale":"D794","cap":"31010"},{"nome":"Fumane","codice":"023035","regione":"veneto","provincia":"verona","sigla":"VR","codiceCatastale":"D818","cap":"37022"},{"nome":"Gaiarine","codice":"026031","regione":"veneto","provincia":"treviso","sigla":"TV","codiceCatastale":"D854","cap":"31018"},{"nome":"Gaiba","codice":"029025","regione":"veneto","provincia":"rovigo","sigla":"RO","codiceCatastale":"D855","cap":"45030"},{"nome":"Galliera Veneta","codice":"028039","regione":"veneto","provincia":"padova","sigla":"PD","codiceCatastale":"D879","cap":"35015"},{"nome":"Gallio","codice":"024042","regione":"veneto","provincia":"vicenza","sigla":"VI","codiceCatastale":"D882","cap":"36032"},{"nome":"Galzignano Terme","codice":"028040","regione":"veneto","provincia":"padova","sigla":"PD","codiceCatastale":"D889","cap":"35030"},{"nome":"Gambellara","codice":"024043","regione":"veneto","provincia":"vicenza","sigla":"VI","codiceCatastale":"D897","cap":"36053"},{"nome":"Gambugliano","codice":"024044","regione":"veneto","provincia":"vicenza","sigla":"VI","codiceCatastale":"D902","cap":"36050"},{"nome":"Garda","codice":"023036","regione":"veneto","provincia":"verona","sigla":"VR","codiceCatastale":"D915","cap":"37016"},{"nome":"Gavello","codice":"029026","regione":"veneto","provincia":"rovigo","sigla":"RO","codiceCatastale":"D942","cap":"45010"},{"nome":"Gazzo","codice":"028041","regione":"veneto","provincia":"padova","sigla":"PD","codiceCatastale":"D956","cap":"35010"},{"nome":"Gazzo Veronese","codice":"023037","regione":"veneto","provincia":"verona","sigla":"VR","codiceCatastale":"D957","cap":"37060"},{"nome":"Giacciano con Baruchella","codice":"029027","regione":"veneto","provincia":"rovigo","sigla":"RO","codiceCatastale":"E008","cap":"45020"},{"nome":"Giavera del Montello","codice":"026032","regione":"veneto","provincia":"treviso","sigla":"TV","codiceCatastale":"E021","cap":"31040"},{"nome":"Godega di Sant'Urbano","codice":"026033","regione":"veneto","provincia":"treviso","sigla":"TV","codiceCatastale":"E071","cap":"31010"},{"nome":"Gorgo al Monticano","codice":"026034","regione":"veneto","provincia":"treviso","sigla":"TV","codiceCatastale":"E092","cap":"31040"},{"nome":"Gosaldo","codice":"025025","regione":"veneto","provincia":"belluno","sigla":"BL","codiceCatastale":"E113","cap":"32020"},{"nome":"Grantorto","codice":"028042","regione":"veneto","provincia":"padova","sigla":"PD","codiceCatastale":"E145","cap":"35010"},{"nome":"Granze","codice":"028043","regione":"veneto","provincia":"padova","sigla":"PD","codiceCatastale":"E146","cap":"35040"},{"nome":"Grezzana","codice":"023038","regione":"veneto","provincia":"verona","sigla":"VR","codiceCatastale":"E171","cap":"37023"},{"nome":"Grisignano di Zocco","codice":"024046","regione":"veneto","provincia":"vicenza","sigla":"VI","codiceCatastale":"E184","cap":"36040"},{"nome":"Gruaro","codice":"027018","regione":"veneto","provincia":"venezia","sigla":"VE","codiceCatastale":"E215","cap":"30020"},{"nome":"Grumolo delle Abbadesse","codice":"024047","regione":"veneto","provincia":"vicenza","sigla":"VI","codiceCatastale":"E226","cap":"36040"},{"nome":"Guarda Veneta","codice":"029028","regione":"veneto","provincia":"rovigo","sigla":"RO","codiceCatastale":"E240","cap":"45030"},{"nome":"Illasi","codice":"023039","regione":"veneto","provincia":"verona","sigla":"VR","codiceCatastale":"E284","cap":"37031"},{"nome":"Isola della Scala","codice":"023040","regione":"veneto","provincia":"verona","sigla":"VR","codiceCatastale":"E349","cap":"37063"},{"nome":"Isola Rizza","codice":"023041","regione":"veneto","provincia":"verona","sigla":"VR","codiceCatastale":"E358","cap":"37050"},{"nome":"Isola Vicentina","codice":"024048","regione":"veneto","provincia":"vicenza","sigla":"VI","codiceCatastale":"E354","cap":"36033"},{"nome":"Istrana","codice":"026035","regione":"veneto","provincia":"treviso","sigla":"TV","codiceCatastale":"E373","cap":"31036"},{"nome":"Jesolo","codice":"027019","regione":"veneto","provincia":"venezia","sigla":"VE","codiceCatastale":"C388","cap":"30016"},{"nome":"La Valle Agordina","codice":"025027","regione":"veneto","provincia":"belluno","sigla":"BL","codiceCatastale":"E490","cap":"32020"},{"nome":"Laghi","codice":"024049","regione":"veneto","provincia":"vicenza","sigla":"VI","codiceCatastale":"E403","cap":"36010"},{"nome":"Lamon","codice":"025026","regione":"veneto","provincia":"belluno","sigla":"BL","codiceCatastale":"E429","cap":"32033"},{"nome":"Lastebasse","codice":"024050","regione":"veneto","provincia":"vicenza","sigla":"VI","codiceCatastale":"E465","cap":"36040"},{"nome":"Lavagno","codice":"023042","regione":"veneto","provincia":"verona","sigla":"VR","codiceCatastale":"E489","cap":"37030"},{"nome":"Lazise","codice":"023043","regione":"veneto","provincia":"verona","sigla":"VR","codiceCatastale":"E502","cap":"37017"},{"nome":"Legnago","codice":"023044","regione":"veneto","provincia":"verona","sigla":"VR","codiceCatastale":"E512","cap":"37045"},{"nome":"Legnaro","codice":"028044","regione":"veneto","provincia":"padova","sigla":"PD","codiceCatastale":"E515","cap":"35020"},{"nome":"Lendinara","codice":"029029","regione":"veneto","provincia":"rovigo","sigla":"RO","codiceCatastale":"E522","cap":"45026"},{"nome":"Limana","codice":"025029","regione":"veneto","provincia":"belluno","sigla":"BL","codiceCatastale":"E588","cap":"32020"},{"nome":"Limena","codice":"028045","regione":"veneto","provincia":"padova","sigla":"PD","codiceCatastale":"E592","cap":"35010"},{"nome":"Livinallongo del Col di Lana","codice":"025030","regione":"veneto","provincia":"belluno","sigla":"BL","codiceCatastale":"E622","cap":"32020"},{"nome":"Longare","codice":"024051","regione":"veneto","provincia":"vicenza","sigla":"VI","codiceCatastale":"E671","cap":"36023"},{"nome":"Longarone","codice":"025071","regione":"veneto","provincia":"belluno","sigla":"BL","codiceCatastale":"M342","cap":"32013"},{"nome":"Lonigo","codice":"024052","regione":"veneto","provincia":"vicenza","sigla":"VI","codiceCatastale":"E682","cap":"36045"},{"nome":"Loreggia","codice":"028046","regione":"veneto","provincia":"padova","sigla":"PD","codiceCatastale":"E684","cap":"35010"},{"nome":"Lorenzago di Cadore","codice":"025032","regione":"veneto","provincia":"belluno","sigla":"BL","codiceCatastale":"E687","cap":"32040"},{"nome":"Loreo","codice":"029030","regione":"veneto","provincia":"rovigo","sigla":"RO","codiceCatastale":"E689","cap":"45017"},{"nome":"Loria","codice":"026036","regione":"veneto","provincia":"treviso","sigla":"TV","codiceCatastale":"E692","cap":"31037"},{"nome":"Lozzo Atestino","codice":"028047","regione":"veneto","provincia":"padova","sigla":"PD","codiceCatastale":"E709","cap":"35034"},{"nome":"Lozzo di Cadore","codice":"025033","regione":"veneto","provincia":"belluno","sigla":"BL","codiceCatastale":"E708","cap":"32040"},{"nome":"Lugo di Vicenza","codice":"024053","regione":"veneto","provincia":"vicenza","sigla":"VI","codiceCatastale":"E731","cap":"36030"},{"nome":"Lusia","codice":"029031","regione":"veneto","provincia":"rovigo","sigla":"RO","codiceCatastale":"E761","cap":"45020"},{"nome":"Lusiana Conco","codice":"024127","regione":"veneto","provincia":"vicenza","sigla":"VI","codiceCatastale":"M427","cap":"36046"},{"nome":"Malcesine","codice":"023045","regione":"veneto","provincia":"verona","sigla":"VR","codiceCatastale":"E848","cap":"37018"},{"nome":"Malo","codice":"024055","regione":"veneto","provincia":"vicenza","sigla":"VI","codiceCatastale":"E864","cap":"36034"},{"nome":"Mansuè","codice":"026037","regione":"veneto","provincia":"treviso","sigla":"TV","codiceCatastale":"E893","cap":"31040"},{"nome":"Marano di Valpolicella","codice":"023046","regione":"veneto","provincia":"verona","sigla":"VR","codiceCatastale":"E911","cap":"37020"},{"nome":"Marano Vicentino","codice":"024056","regione":"veneto","provincia":"vicenza","sigla":"VI","codiceCatastale":"E912","cap":"36035"},{"nome":"Marcon","codice":"027020","regione":"veneto","provincia":"venezia","sigla":"VE","codiceCatastale":"E936","cap":"30020"},{"nome":"Mareno di Piave","codice":"026038","regione":"veneto","provincia":"treviso","sigla":"TV","codiceCatastale":"E940","cap":"31010"},{"nome":"Marostica","codice":"024057","regione":"veneto","provincia":"vicenza","sigla":"VI","codiceCatastale":"E970","cap":"36063"},{"nome":"Martellago","codice":"027021","regione":"veneto","provincia":"venezia","sigla":"VE","codiceCatastale":"E980","cap":"30030"},{"nome":"Maser","codice":"026039","regione":"veneto","provincia":"treviso","sigla":"TV","codiceCatastale":"F009","cap":"31010"},{"nome":"Maserà di Padova","codice":"028048","regione":"veneto","provincia":"padova","sigla":"PD","codiceCatastale":"F011","cap":"35020"},{"nome":"Maserada sul Piave","codice":"026040","regione":"veneto","provincia":"treviso","sigla":"TV","codiceCatastale":"F012","cap":"31052"},{"nome":"Masi","codice":"028049","regione":"veneto","provincia":"padova","sigla":"PD","codiceCatastale":"F013","cap":"35040"},{"nome":"Massanzago","codice":"028050","regione":"veneto","provincia":"padova","sigla":"PD","codiceCatastale":"F033","cap":"35010"},{"nome":"Meduna di Livenza","codice":"026041","regione":"veneto","provincia":"treviso","sigla":"TV","codiceCatastale":"F088","cap":"31040"},{"nome":"Megliadino San Vitale","codice":"028052","regione":"veneto","provincia":"padova","sigla":"PD","codiceCatastale":"F092","cap":"35040"},{"nome":"Melara","codice":"029032","regione":"veneto","provincia":"rovigo","sigla":"RO","codiceCatastale":"F095","cap":"45037"},{"nome":"Meolo","codice":"027022","regione":"veneto","provincia":"venezia","sigla":"VE","codiceCatastale":"F130","cap":"30020"},{"nome":"Merlara","codice":"028053","regione":"veneto","provincia":"padova","sigla":"PD","codiceCatastale":"F148","cap":"35040"},{"nome":"Mestrino","codice":"028054","regione":"veneto","provincia":"padova","sigla":"PD","codiceCatastale":"F161","cap":"35035"},{"nome":"Mezzane di Sotto","codice":"023047","regione":"veneto","provincia":"verona","sigla":"VR","codiceCatastale":"F172","cap":"37030"},{"nome":"Miane","codice":"026042","regione":"veneto","provincia":"treviso","sigla":"TV","codiceCatastale":"F190","cap":"31050"},{"nome":"Minerbe","codice":"023048","regione":"veneto","provincia":"verona","sigla":"VR","codiceCatastale":"F218","cap":"37046"},{"nome":"Mira","codice":"027023","regione":"veneto","provincia":"venezia","sigla":"VE","codiceCatastale":"F229","cap":"30034"},{"nome":"Mirano","codice":"027024","regione":"veneto","provincia":"venezia","sigla":"VE","codiceCatastale":"F241","cap":"30035"},{"nome":"Mogliano Veneto","codice":"026043","regione":"veneto","provincia":"treviso","sigla":"TV","codiceCatastale":"F269","cap":"31021"},{"nome":"Monastier di Treviso","codice":"026044","regione":"veneto","provincia":"treviso","sigla":"TV","codiceCatastale":"F332","cap":"31050"},{"nome":"Monfumo","codice":"026045","regione":"veneto","provincia":"treviso","sigla":"TV","codiceCatastale":"F360","cap":"31010"},{"nome":"Monselice","codice":"028055","regione":"veneto","provincia":"padova","sigla":"PD","codiceCatastale":"F382","cap":"35043"},{"nome":"Montagnana","codice":"028056","regione":"veneto","provincia":"padova","sigla":"PD","codiceCatastale":"F394","cap":"35044"},{"nome":"Monte di Malo","codice":"024063","regione":"veneto","provincia":"vicenza","sigla":"VI","codiceCatastale":"F486","cap":"36030"},{"nome":"Montebello Vicentino","codice":"024060","regione":"veneto","provincia":"vicenza","sigla":"VI","codiceCatastale":"F442","cap":"36054"},{"nome":"Montebelluna","codice":"026046","regione":"veneto","provincia":"treviso","sigla":"TV","codiceCatastale":"F443","cap":"31044"},{"nome":"Montecchia di Crosara","codice":"023049","regione":"veneto","provincia":"verona","sigla":"VR","codiceCatastale":"F461","cap":"37030"},{"nome":"Montecchio Maggiore","codice":"024061","regione":"veneto","provincia":"vicenza","sigla":"VI","codiceCatastale":"F464","cap":"36075"},{"nome":"Montecchio Precalcino","codice":"024062","regione":"veneto","provincia":"vicenza","sigla":"VI","codiceCatastale":"F465","cap":"36030"},{"nome":"Monteforte d'Alpone","codice":"023050","regione":"veneto","provincia":"verona","sigla":"VR","codiceCatastale":"F508","cap":"37032"},{"nome":"Montegalda","codice":"024064","regione":"veneto","provincia":"vicenza","sigla":"VI","codiceCatastale":"F514","cap":"36047"},{"nome":"Montegaldella","codice":"024065","regione":"veneto","provincia":"vicenza","sigla":"VI","codiceCatastale":"F515","cap":"36047"},{"nome":"Montegrotto Terme","codice":"028057","regione":"veneto","provincia":"padova","sigla":"PD","codiceCatastale":"F529","cap":"35036"},{"nome":"Monteviale","codice":"024066","regione":"veneto","provincia":"vicenza","sigla":"VI","codiceCatastale":"F662","cap":"36050"},{"nome":"Monticello Conte Otto","codice":"024067","regione":"veneto","provincia":"vicenza","sigla":"VI","codiceCatastale":"F675","cap":"36010"},{"nome":"Montorso Vicentino","codice":"024068","regione":"veneto","provincia":"vicenza","sigla":"VI","codiceCatastale":"F696","cap":"36050"},{"nome":"Morgano","codice":"026047","regione":"veneto","provincia":"treviso","sigla":"TV","codiceCatastale":"F725","cap":"31050"},{"nome":"Moriago della Battaglia","codice":"026048","regione":"veneto","provincia":"treviso","sigla":"TV","codiceCatastale":"F729","cap":"31010"},{"nome":"Motta di Livenza","codice":"026049","regione":"veneto","provincia":"treviso","sigla":"TV","codiceCatastale":"F770","cap":"31045"},{"nome":"Mozzecane","codice":"023051","regione":"veneto","provincia":"verona","sigla":"VR","codiceCatastale":"F789","cap":"37060"},{"nome":"Musile di Piave","codice":"027025","regione":"veneto","provincia":"venezia","sigla":"VE","codiceCatastale":"F826","cap":"30024"},{"nome":"Mussolente","codice":"024070","regione":"veneto","provincia":"vicenza","sigla":"VI","codiceCatastale":"F829","cap":"36065"},{"nome":"Nanto","codice":"024071","regione":"veneto","provincia":"vicenza","sigla":"VI","codiceCatastale":"F838","cap":"36024"},{"nome":"Negrar di Valpolicella","codice":"023052","regione":"veneto","provincia":"verona","sigla":"VR","codiceCatastale":"F861","cap":"37024"},{"nome":"Nervesa della Battaglia","codice":"026050","regione":"veneto","provincia":"treviso","sigla":"TV","codiceCatastale":"F872","cap":"31040"},{"nome":"Noale","codice":"027026","regione":"veneto","provincia":"venezia","sigla":"VE","codiceCatastale":"F904","cap":"30033"},{"nome":"Nogara","codice":"023053","regione":"veneto","provincia":"verona","sigla":"VR","codiceCatastale":"F918","cap":"37054"},{"nome":"Nogarole Rocca","codice":"023054","regione":"veneto","provincia":"verona","sigla":"VR","codiceCatastale":"F921","cap":"37060"},{"nome":"Nogarole Vicentino","codice":"024072","regione":"veneto","provincia":"vicenza","sigla":"VI","codiceCatastale":"F922","cap":"36070"},{"nome":"Nove","codice":"024073","regione":"veneto","provincia":"vicenza","sigla":"VI","codiceCatastale":"F957","cap":"36055"},{"nome":"Noventa di Piave","codice":"027027","regione":"veneto","provincia":"venezia","sigla":"VE","codiceCatastale":"F963","cap":"30020"},{"nome":"Noventa Padovana","codice":"028058","regione":"veneto","provincia":"padova","sigla":"PD","codiceCatastale":"F962","cap":"35027"},{"nome":"Noventa Vicentina","codice":"024074","regione":"veneto","provincia":"vicenza","sigla":"VI","codiceCatastale":"F964","cap":"36025"},{"nome":"Occhiobello","codice":"029033","regione":"veneto","provincia":"rovigo","sigla":"RO","codiceCatastale":"F994","cap":"45030"},{"nome":"Oderzo","codice":"026051","regione":"veneto","provincia":"treviso","sigla":"TV","codiceCatastale":"F999","cap":"31046"},{"nome":"Oppeano","codice":"023055","regione":"veneto","provincia":"verona","sigla":"VR","codiceCatastale":"G080","cap":"37050"},{"nome":"Orgiano","codice":"024075","regione":"veneto","provincia":"vicenza","sigla":"VI","codiceCatastale":"G095","cap":"36040"},{"nome":"Ormelle","codice":"026052","regione":"veneto","provincia":"treviso","sigla":"TV","codiceCatastale":"G115","cap":"31024"},{"nome":"Orsago","codice":"026053","regione":"veneto","provincia":"treviso","sigla":"TV","codiceCatastale":"G123","cap":"31010"},{"nome":"Ospedaletto Euganeo","codice":"028059","regione":"veneto","provincia":"padova","sigla":"PD","codiceCatastale":"G167","cap":"35045"},{"nome":"Ospitale di Cadore","codice":"025035","regione":"veneto","provincia":"belluno","sigla":"BL","codiceCatastale":"G169","cap":"32010"},{"nome":"Padova","codice":"028060","regione":"veneto","provincia":"padova","sigla":"PD","codiceCatastale":"G224","cap":"35121"},{"nome":"Paese","codice":"026055","regione":"veneto","provincia":"treviso","sigla":"TV","codiceCatastale":"G229","cap":"31038"},{"nome":"Palù","codice":"023056","regione":"veneto","provincia":"verona","sigla":"VR","codiceCatastale":"G297","cap":"37050"},{"nome":"Papozze","codice":"029034","regione":"veneto","provincia":"rovigo","sigla":"RO","codiceCatastale":"G323","cap":"45010"},{"nome":"Pastrengo","codice":"023057","regione":"veneto","provincia":"verona","sigla":"VR","codiceCatastale":"G365","cap":"37010"},{"nome":"Pedavena","codice":"025036","regione":"veneto","provincia":"belluno","sigla":"BL","codiceCatastale":"G404","cap":"32034"},{"nome":"Pedemonte","codice":"024076","regione":"veneto","provincia":"vicenza","sigla":"VI","codiceCatastale":"G406","cap":"36040"},{"nome":"Pederobba","codice":"026056","regione":"veneto","provincia":"treviso","sigla":"TV","codiceCatastale":"G408","cap":"31040"},{"nome":"Perarolo di Cadore","codice":"025037","regione":"veneto","provincia":"belluno","sigla":"BL","codiceCatastale":"G442","cap":"32010"},{"nome":"Pernumia","codice":"028061","regione":"veneto","provincia":"padova","sigla":"PD","codiceCatastale":"G461","cap":"35020"},{"nome":"Pescantina","codice":"023058","regione":"veneto","provincia":"verona","sigla":"VR","codiceCatastale":"G481","cap":"37026"},{"nome":"Peschiera del Garda","codice":"023059","regione":"veneto","provincia":"verona","sigla":"VR","codiceCatastale":"G489","cap":"37019"},{"nome":"Pettorazza Grimani","codice":"029035","regione":"veneto","provincia":"rovigo","sigla":"RO","codiceCatastale":"G525","cap":"45010"},{"nome":"Piacenza d'Adige","codice":"028062","regione":"veneto","provincia":"padova","sigla":"PD","codiceCatastale":"G534","cap":"35040"},{"nome":"Pianezze","codice":"024077","regione":"veneto","provincia":"vicenza","sigla":"VI","codiceCatastale":"G560","cap":"36060"},{"nome":"Pianiga","codice":"027028","regione":"veneto","provincia":"venezia","sigla":"VE","codiceCatastale":"G565","cap":"30030"},{"nome":"Piazzola sul Brenta","codice":"028063","regione":"veneto","provincia":"padova","sigla":"PD","codiceCatastale":"G587","cap":"35016"},{"nome":"Pieve del Grappa","codice":"026096","regione":"veneto","provincia":"treviso","sigla":"TV","codiceCatastale":"M422","cap":"31017"},{"nome":"Pieve di Cadore","codice":"025039","regione":"veneto","provincia":"belluno","sigla":"BL","codiceCatastale":"G642","cap":"32044"},{"nome":"Pieve di Soligo","codice":"026057","regione":"veneto","provincia":"treviso","sigla":"TV","codiceCatastale":"G645","cap":"31053"},{"nome":"Pincara","codice":"029036","regione":"veneto","provincia":"rovigo","sigla":"RO","codiceCatastale":"G673","cap":"45020"},{"nome":"Piombino Dese","codice":"028064","regione":"veneto","provincia":"padova","sigla":"PD","codiceCatastale":"G688","cap":"35017"},{"nome":"Piove di Sacco","codice":"028065","regione":"veneto","provincia":"padova","sigla":"PD","codiceCatastale":"G693","cap":"35028"},{"nome":"Piovene Rocchette","codice":"024078","regione":"veneto","provincia":"vicenza","sigla":"VI","codiceCatastale":"G694","cap":"36013"},{"nome":"Pojana Maggiore","codice":"024079","regione":"veneto","provincia":"vicenza","sigla":"VI","codiceCatastale":"G776","cap":"36026"},{"nome":"Polesella","codice":"029037","regione":"veneto","provincia":"rovigo","sigla":"RO","codiceCatastale":"G782","cap":"45038"},{"nome":"Polverara","codice":"028066","regione":"veneto","provincia":"padova","sigla":"PD","codiceCatastale":"G802","cap":"35020"},{"nome":"Ponso","codice":"028067","regione":"veneto","provincia":"padova","sigla":"PD","codiceCatastale":"G823","cap":"35040"},{"nome":"Ponte di Piave","codice":"026058","regione":"veneto","provincia":"treviso","sigla":"TV","codiceCatastale":"G846","cap":"31047"},{"nome":"Ponte nelle Alpi","codice":"025040","regione":"veneto","provincia":"belluno","sigla":"BL","codiceCatastale":"B662","cap":"32014"},{"nome":"Ponte San Nicolò","codice":"028069","regione":"veneto","provincia":"padova","sigla":"PD","codiceCatastale":"G855","cap":"35020"},{"nome":"Pontecchio Polesine","codice":"029038","regione":"veneto","provincia":"rovigo","sigla":"RO","codiceCatastale":"G836","cap":"45030"},{"nome":"Pontelongo","codice":"028068","regione":"veneto","provincia":"padova","sigla":"PD","codiceCatastale":"G850","cap":"35029"},{"nome":"Ponzano Veneto","codice":"026059","regione":"veneto","provincia":"treviso","sigla":"TV","codiceCatastale":"G875","cap":"31050"},{"nome":"Porto Tolle","codice":"029039","regione":"veneto","provincia":"rovigo","sigla":"RO","codiceCatastale":"G923","cap":"45018"},{"nome":"Porto Viro","codice":"029052","regione":"veneto","provincia":"rovigo","sigla":"RO","codiceCatastale":"G926","cap":"45014"},{"nome":"Portobuffolè","codice":"026060","regione":"veneto","provincia":"treviso","sigla":"TV","codiceCatastale":"G909","cap":"31040"},{"nome":"Portogruaro","codice":"027029","regione":"veneto","provincia":"venezia","sigla":"VE","codiceCatastale":"G914","cap":"30026"},{"nome":"Posina","codice":"024080","regione":"veneto","provincia":"vicenza","sigla":"VI","codiceCatastale":"G931","cap":"36010"},{"nome":"Possagno","codice":"026061","regione":"veneto","provincia":"treviso","sigla":"TV","codiceCatastale":"G933","cap":"31054"},{"nome":"Pove del Grappa","codice":"024081","regione":"veneto","provincia":"vicenza","sigla":"VI","codiceCatastale":"G943","cap":"36020"},{"nome":"Povegliano","codice":"026062","regione":"veneto","provincia":"treviso","sigla":"TV","codiceCatastale":"G944","cap":"31050"},{"nome":"Povegliano Veronese","codice":"023060","regione":"veneto","provincia":"verona","sigla":"VR","codiceCatastale":"G945","cap":"37064"},{"nome":"Pozzoleone","codice":"024082","regione":"veneto","provincia":"vicenza","sigla":"VI","codiceCatastale":"G957","cap":"36050"},{"nome":"Pozzonovo","codice":"028070","regione":"veneto","provincia":"padova","sigla":"PD","codiceCatastale":"G963","cap":"35020"},{"nome":"Pramaggiore","codice":"027030","regione":"veneto","provincia":"venezia","sigla":"VE","codiceCatastale":"G981","cap":"30020"},{"nome":"Preganziol","codice":"026063","regione":"veneto","provincia":"treviso","sigla":"TV","codiceCatastale":"H022","cap":"31022"},{"nome":"Pressana","codice":"023061","regione":"veneto","provincia":"verona","sigla":"VR","codiceCatastale":"H048","cap":"37040"},{"nome":"Quarto d'Altino","codice":"027031","regione":"veneto","provincia":"venezia","sigla":"VE","codiceCatastale":"H117","cap":"30020"},{"nome":"Quero Vas","codice":"025070","regione":"veneto","provincia":"belluno","sigla":"BL","codiceCatastale":"M332","cap":"32038"},{"nome":"Quinto di Treviso","codice":"026064","regione":"veneto","provincia":"treviso","sigla":"TV","codiceCatastale":"H131","cap":"31055"},{"nome":"Quinto Vicentino","codice":"024083","regione":"veneto","provincia":"vicenza","sigla":"VI","codiceCatastale":"H134","cap":"36050"},{"nome":"Recoaro Terme","codice":"024084","regione":"veneto","provincia":"vicenza","sigla":"VI","codiceCatastale":"H214","cap":"36076"},{"nome":"Refrontolo","codice":"026065","regione":"veneto","provincia":"treviso","sigla":"TV","codiceCatastale":"H220","cap":"31020"},{"nome":"Resana","codice":"026066","regione":"veneto","provincia":"treviso","sigla":"TV","codiceCatastale":"H238","cap":"31023"},{"nome":"Revine Lago","codice":"026067","regione":"veneto","provincia":"treviso","sigla":"TV","codiceCatastale":"H253","cap":"31020"},{"nome":"Riese Pio X","codice":"026068","regione":"veneto","provincia":"treviso","sigla":"TV","codiceCatastale":"H280","cap":"31039"},{"nome":"Rivamonte Agordino","codice":"025043","regione":"veneto","provincia":"belluno","sigla":"BL","codiceCatastale":"H327","cap":"32020"},{"nome":"Rivoli Veronese","codice":"023062","regione":"veneto","provincia":"verona","sigla":"VR","codiceCatastale":"H356","cap":"37010"},{"nome":"Roana","codice":"024085","regione":"veneto","provincia":"vicenza","sigla":"VI","codiceCatastale":"H361","cap":"36010"},{"nome":"Rocca Pietore","codice":"025044","regione":"veneto","provincia":"belluno","sigla":"BL","codiceCatastale":"H379","cap":"32023"},{"nome":"Romano d'Ezzelino","codice":"024086","regione":"veneto","provincia":"vicenza","sigla":"VI","codiceCatastale":"H512","cap":"36060"},{"nome":"Roncà","codice":"023063","regione":"veneto","provincia":"verona","sigla":"VR","codiceCatastale":"H522","cap":"37030"},{"nome":"Roncade","codice":"026069","regione":"veneto","provincia":"treviso","sigla":"TV","codiceCatastale":"H523","cap":"31056"},{"nome":"Ronco all'Adige","codice":"023064","regione":"veneto","provincia":"verona","sigla":"VR","codiceCatastale":"H540","cap":"37055"},{"nome":"Rosà","codice":"024087","regione":"veneto","provincia":"vicenza","sigla":"VI","codiceCatastale":"H556","cap":"36027"},{"nome":"Rosolina","codice":"029040","regione":"veneto","provincia":"rovigo","sigla":"RO","codiceCatastale":"H573","cap":"45010"},{"nome":"Rossano Veneto","codice":"024088","regione":"veneto","provincia":"vicenza","sigla":"VI","codiceCatastale":"H580","cap":"36028"},{"nome":"Rotzo","codice":"024089","regione":"veneto","provincia":"vicenza","sigla":"VI","codiceCatastale":"H594","cap":"36010"},{"nome":"Roverchiara","codice":"023065","regione":"veneto","provincia":"verona","sigla":"VR","codiceCatastale":"H606","cap":"37050"},{"nome":"Roverè Veronese","codice":"023067","regione":"veneto","provincia":"verona","sigla":"VR","codiceCatastale":"H608","cap":"37028"},{"nome":"Roveredo di Guà","codice":"023066","regione":"veneto","provincia":"verona","sigla":"VR","codiceCatastale":"H610","cap":"37040"},{"nome":"Rovigo","codice":"029041","regione":"veneto","provincia":"rovigo","sigla":"RO","codiceCatastale":"H620","cap":"45100"},{"nome":"Rovolon","codice":"028071","regione":"veneto","provincia":"padova","sigla":"PD","codiceCatastale":"H622","cap":"35030"},{"nome":"Rubano","codice":"028072","regione":"veneto","provincia":"padova","sigla":"PD","codiceCatastale":"H625","cap":"35030"},{"nome":"Saccolongo","codice":"028073","regione":"veneto","provincia":"padova","sigla":"PD","codiceCatastale":"H655","cap":"35030"},{"nome":"Salara","codice":"029042","regione":"veneto","provincia":"rovigo","sigla":"RO","codiceCatastale":"H689","cap":"45030"},{"nome":"Salcedo","codice":"024090","regione":"veneto","provincia":"vicenza","sigla":"VI","codiceCatastale":"F810","cap":"36040"},{"nome":"Salgareda","codice":"026070","regione":"veneto","provincia":"treviso","sigla":"TV","codiceCatastale":"H706","cap":"31040"},{"nome":"Salizzole","codice":"023068","regione":"veneto","provincia":"verona","sigla":"VR","codiceCatastale":"H714","cap":"37056"},{"nome":"Salzano","codice":"027032","regione":"veneto","provincia":"venezia","sigla":"VE","codiceCatastale":"H735","cap":"30030"},{"nome":"San Bellino","codice":"029043","regione":"veneto","provincia":"rovigo","sigla":"RO","codiceCatastale":"H768","cap":"45020"},{"nome":"San Biagio di Callalta","codice":"026071","regione":"veneto","provincia":"treviso","sigla":"TV","codiceCatastale":"H781","cap":"31048"},{"nome":"San Bonifacio","codice":"023069","regione":"veneto","provincia":"verona","sigla":"VR","codiceCatastale":"H783","cap":"37047"},{"nome":"San Donà di Piave","codice":"027033","regione":"veneto","provincia":"venezia","sigla":"VE","codiceCatastale":"H823","cap":"30027"},{"nome":"San Fior","codice":"026072","regione":"veneto","provincia":"treviso","sigla":"TV","codiceCatastale":"H843","cap":"31020"},{"nome":"San Giorgio delle Pertiche","codice":"028075","regione":"veneto","provincia":"padova","sigla":"PD","codiceCatastale":"H893","cap":"35010"},{"nome":"San Giorgio in Bosco","codice":"028076","regione":"veneto","provincia":"padova","sigla":"PD","codiceCatastale":"H897","cap":"35010"},{"nome":"San Giovanni Ilarione","codice":"023070","regione":"veneto","provincia":"verona","sigla":"VR","codiceCatastale":"H916","cap":"37035"},{"nome":"San Giovanni Lupatoto","codice":"023071","regione":"veneto","provincia":"verona","sigla":"VR","codiceCatastale":"H924","cap":"37057"},{"nome":"San Gregorio nelle Alpi","codice":"025045","regione":"veneto","provincia":"belluno","sigla":"BL","codiceCatastale":"H938","cap":"32030"},{"nome":"San Martino Buon Albergo","codice":"023073","regione":"veneto","provincia":"verona","sigla":"VR","codiceCatastale":"I003","cap":"37036"},{"nome":"San Martino di Lupari","codice":"028077","regione":"veneto","provincia":"padova","sigla":"PD","codiceCatastale":"I008","cap":"35018"},{"nome":"San Martino di Venezze","codice":"029044","regione":"veneto","provincia":"rovigo","sigla":"RO","codiceCatastale":"H996","cap":"45030"},{"nome":"San Mauro di Saline","codice":"023074","regione":"veneto","provincia":"verona","sigla":"VR","codiceCatastale":"H712","cap":"37030"},{"nome":"San Michele al Tagliamento","codice":"027034","regione":"veneto","provincia":"venezia","sigla":"VE","codiceCatastale":"I040","cap":"30028"},{"nome":"San Nicolò di Comelico","codice":"025046","regione":"veneto","provincia":"belluno","sigla":"BL","codiceCatastale":"I063","cap":"32040"},{"nome":"San Pietro di Cadore","codice":"025047","regione":"veneto","provincia":"belluno","sigla":"BL","codiceCatastale":"I088","cap":"32040"},{"nome":"San Pietro di Feletto","codice":"026073","regione":"veneto","provincia":"treviso","sigla":"TV","codiceCatastale":"I103","cap":"31020"},{"nome":"San Pietro di Morubio","codice":"023075","regione":"veneto","provincia":"verona","sigla":"VR","codiceCatastale":"I105","cap":"37050"},{"nome":"San Pietro in Cariano","codice":"023076","regione":"veneto","provincia":"verona","sigla":"VR","codiceCatastale":"I109","cap":"37029"},{"nome":"San Pietro in Gu","codice":"028078","regione":"veneto","provincia":"padova","sigla":"PD","codiceCatastale":"I107","cap":"35010"},{"nome":"San Pietro Mussolino","codice":"024094","regione":"veneto","provincia":"vicenza","sigla":"VI","codiceCatastale":"I117","cap":"36070"},{"nome":"San Pietro Viminario","codice":"028079","regione":"veneto","provincia":"padova","sigla":"PD","codiceCatastale":"I120","cap":"35020"},{"nome":"San Polo di Piave","codice":"026074","regione":"veneto","provincia":"treviso","sigla":"TV","codiceCatastale":"I124","cap":"31020"},{"nome":"San Stino di Livenza","codice":"027036","regione":"veneto","provincia":"venezia","sigla":"VE","codiceCatastale":"I373","cap":"30029"},{"nome":"San Tomaso Agordino","codice":"025049","regione":"veneto","provincia":"belluno","sigla":"BL","codiceCatastale":"I347","cap":"32020"},{"nome":"San Vendemiano","codice":"026076","regione":"veneto","provincia":"treviso","sigla":"TV","codiceCatastale":"I382","cap":"31020"},{"nome":"San Vito di Cadore","codice":"025051","regione":"veneto","provincia":"belluno","sigla":"BL","codiceCatastale":"I392","cap":"32046"},{"nome":"San Vito di Leguzzano","codice":"024096","regione":"veneto","provincia":"vicenza","sigla":"VI","codiceCatastale":"I401","cap":"36030"},{"nome":"San Zeno di Montagna","codice":"023079","regione":"veneto","provincia":"verona","sigla":"VR","codiceCatastale":"I414","cap":"37010"},{"nome":"San Zenone degli Ezzelini","codice":"026077","regione":"veneto","provincia":"treviso","sigla":"TV","codiceCatastale":"I417","cap":"31020"},{"nome":"Sandrigo","codice":"024091","regione":"veneto","provincia":"vicenza","sigla":"VI","codiceCatastale":"H829","cap":"36066"},{"nome":"Sanguinetto","codice":"023072","regione":"veneto","provincia":"verona","sigla":"VR","codiceCatastale":"H944","cap":"37058"},{"nome":"Sant'Ambrogio di Valpolicella","codice":"023077","regione":"veneto","provincia":"verona","sigla":"VR","codiceCatastale":"I259","cap":"37015"},{"nome":"Sant'Angelo di Piove di Sacco","codice":"028082","regione":"veneto","provincia":"padova","sigla":"PD","codiceCatastale":"I275","cap":"35020"},{"nome":"Sant'Anna d'Alfaedo","codice":"023078","regione":"veneto","provincia":"verona","sigla":"VR","codiceCatastale":"I292","cap":"37020"},{"nome":"Sant'Elena","codice":"028083","regione":"veneto","provincia":"padova","sigla":"PD","codiceCatastale":"I319","cap":"35040"},{"nome":"Sant'Urbano","codice":"028084","regione":"veneto","provincia":"padova","sigla":"PD","codiceCatastale":"I375","cap":"35040"},{"nome":"Santa Giustina","codice":"025048","regione":"veneto","provincia":"belluno","sigla":"BL","codiceCatastale":"I206","cap":"32035"},{"nome":"Santa Giustina in Colle","codice":"028080","regione":"veneto","provincia":"padova","sigla":"PD","codiceCatastale":"I207","cap":"35010"},{"nome":"Santa Lucia di Piave","codice":"026075","regione":"veneto","provincia":"treviso","sigla":"TV","codiceCatastale":"I221","cap":"31025"},{"nome":"Santa Maria di Sala","codice":"027035","regione":"veneto","provincia":"venezia","sigla":"VE","codiceCatastale":"I242","cap":"30036"},{"nome":"Santo Stefano di Cadore","codice":"025050","regione":"veneto","provincia":"belluno","sigla":"BL","codiceCatastale":"C919","cap":"32045"},{"nome":"Santorso","codice":"024095","regione":"veneto","provincia":"vicenza","sigla":"VI","codiceCatastale":"I353","cap":"36014"},{"nome":"Saonara","codice":"028085","regione":"veneto","provincia":"padova","sigla":"PD","codiceCatastale":"I418","cap":"35020"},{"nome":"Sarcedo","codice":"024097","regione":"veneto","provincia":"vicenza","sigla":"VI","codiceCatastale":"I425","cap":"36030"},{"nome":"Sarego","codice":"024098","regione":"veneto","provincia":"vicenza","sigla":"VI","codiceCatastale":"I430","cap":"36040"},{"nome":"Sarmede","codice":"026078","regione":"veneto","provincia":"treviso","sigla":"TV","codiceCatastale":"I435","cap":"31026"},{"nome":"Schiavon","codice":"024099","regione":"veneto","provincia":"vicenza","sigla":"VI","codiceCatastale":"I527","cap":"36060"},{"nome":"Schio","codice":"024100","regione":"veneto","provincia":"vicenza","sigla":"VI","codiceCatastale":"I531","cap":"36015"},{"nome":"Scorzè","codice":"027037","regione":"veneto","provincia":"venezia","sigla":"VE","codiceCatastale":"I551","cap":"30037"},{"nome":"Sedico","codice":"025053","regione":"veneto","provincia":"belluno","sigla":"BL","codiceCatastale":"I563","cap":"32036"},{"nome":"Segusino","codice":"026079","regione":"veneto","provincia":"treviso","sigla":"TV","codiceCatastale":"I578","cap":"31040"},{"nome":"Selva di Cadore","codice":"025054","regione":"veneto","provincia":"belluno","sigla":"BL","codiceCatastale":"I592","cap":"32020"},{"nome":"Selva di Progno","codice":"023080","regione":"veneto","provincia":"verona","sigla":"VR","codiceCatastale":"I594","cap":"37030"},{"nome":"Selvazzano Dentro","codice":"028086","regione":"veneto","provincia":"padova","sigla":"PD","codiceCatastale":"I595","cap":"35030"},{"nome":"Seren del Grappa","codice":"025055","regione":"veneto","provincia":"belluno","sigla":"BL","codiceCatastale":"I626","cap":"32030"},{"nome":"Sernaglia della Battaglia","codice":"026080","regione":"veneto","provincia":"treviso","sigla":"TV","codiceCatastale":"I635","cap":"31020"},{"nome":"Silea","codice":"026081","regione":"veneto","provincia":"treviso","sigla":"TV","codiceCatastale":"F116","cap":"31057"},{"nome":"Soave","codice":"023081","regione":"veneto","provincia":"verona","sigla":"VR","codiceCatastale":"I775","cap":"37038"},{"nome":"Solagna","codice":"024101","regione":"veneto","provincia":"vicenza","sigla":"VI","codiceCatastale":"I783","cap":"36020"},{"nome":"Solesino","codice":"028087","regione":"veneto","provincia":"padova","sigla":"PD","codiceCatastale":"I799","cap":"35047"},{"nome":"Sommacampagna","codice":"023082","regione":"veneto","provincia":"verona","sigla":"VR","codiceCatastale":"I821","cap":"37066"},{"nome":"Sona","codice":"023083","regione":"veneto","provincia":"verona","sigla":"VR","codiceCatastale":"I826","cap":"37060"},{"nome":"Sorgà","codice":"023084","regione":"veneto","provincia":"verona","sigla":"VR","codiceCatastale":"I850","cap":"37060"},{"nome":"Sospirolo","codice":"025056","regione":"veneto","provincia":"belluno","sigla":"BL","codiceCatastale":"I866","cap":"32037"},{"nome":"Sossano","codice":"024102","regione":"veneto","provincia":"vicenza","sigla":"VI","codiceCatastale":"I867","cap":"36040"},{"nome":"Soverzene","codice":"025057","regione":"veneto","provincia":"belluno","sigla":"BL","codiceCatastale":"I876","cap":"32010"},{"nome":"Sovizzo","codice":"024103","regione":"veneto","provincia":"vicenza","sigla":"VI","codiceCatastale":"I879","cap":"36050"},{"nome":"Sovramonte","codice":"025058","regione":"veneto","provincia":"belluno","sigla":"BL","codiceCatastale":"I673","cap":"32030"},{"nome":"Spinea","codice":"027038","regione":"veneto","provincia":"venezia","sigla":"VE","codiceCatastale":"I908","cap":"30038"},{"nome":"Spresiano","codice":"026082","regione":"veneto","provincia":"treviso","sigla":"TV","codiceCatastale":"I927","cap":"31027"},{"nome":"Stanghella","codice":"028088","regione":"veneto","provincia":"padova","sigla":"PD","codiceCatastale":"I938","cap":"35048"},{"nome":"Stienta","codice":"029045","regione":"veneto","provincia":"rovigo","sigla":"RO","codiceCatastale":"I953","cap":"45039"},{"nome":"Stra","codice":"027039","regione":"veneto","provincia":"venezia","sigla":"VE","codiceCatastale":"I965","cap":"30039"},{"nome":"Susegana","codice":"026083","regione":"veneto","provincia":"treviso","sigla":"TV","codiceCatastale":"L014","cap":"31058"},{"nome":"Taglio di Po","codice":"029046","regione":"veneto","provincia":"rovigo","sigla":"RO","codiceCatastale":"L026","cap":"45019"},{"nome":"Taibon Agordino","codice":"025059","regione":"veneto","provincia":"belluno","sigla":"BL","codiceCatastale":"L030","cap":"32027"},{"nome":"Tambre","codice":"025060","regione":"veneto","provincia":"belluno","sigla":"BL","codiceCatastale":"L040","cap":"32010"},{"nome":"Tarzo","codice":"026084","regione":"veneto","provincia":"treviso","sigla":"TV","codiceCatastale":"L058","cap":"31020"},{"nome":"Teglio Veneto","codice":"027040","regione":"veneto","provincia":"venezia","sigla":"VE","codiceCatastale":"L085","cap":"30025"},{"nome":"Teolo","codice":"028089","regione":"veneto","provincia":"padova","sigla":"PD","codiceCatastale":"L100","cap":"35037"},{"nome":"Terrassa Padovana","codice":"028090","regione":"veneto","provincia":"padova","sigla":"PD","codiceCatastale":"L132","cap":"35020"},{"nome":"Terrazzo","codice":"023085","regione":"veneto","provincia":"verona","sigla":"VR","codiceCatastale":"L136","cap":"37040"},{"nome":"Tezze sul Brenta","codice":"024104","regione":"veneto","provincia":"vicenza","sigla":"VI","codiceCatastale":"L156","cap":"36056"},{"nome":"Thiene","codice":"024105","regione":"veneto","provincia":"vicenza","sigla":"VI","codiceCatastale":"L157","cap":"36016"},{"nome":"Tombolo","codice":"028091","regione":"veneto","provincia":"padova","sigla":"PD","codiceCatastale":"L199","cap":"35019"},{"nome":"Tonezza del Cimone","codice":"024106","regione":"veneto","provincia":"vicenza","sigla":"VI","codiceCatastale":"D717","cap":"36040"},{"nome":"Torre di Mosto","codice":"027041","regione":"veneto","provincia":"venezia","sigla":"VE","codiceCatastale":"L267","cap":"30020"},{"nome":"Torrebelvicino","codice":"024107","regione":"veneto","provincia":"vicenza","sigla":"VI","codiceCatastale":"L248","cap":"36036"},{"nome":"Torreglia","codice":"028092","regione":"veneto","provincia":"padova","sigla":"PD","codiceCatastale":"L270","cap":"35038"},{"nome":"Torri del Benaco","codice":"023086","regione":"veneto","provincia":"verona","sigla":"VR","codiceCatastale":"L287","cap":"37010"},{"nome":"Torri di Quartesolo","codice":"024108","regione":"veneto","provincia":"vicenza","sigla":"VI","codiceCatastale":"L297","cap":"36040"},{"nome":"Trebaseleghe","codice":"028093","regione":"veneto","provincia":"padova","sigla":"PD","codiceCatastale":"L349","cap":"35010"},{"nome":"Trecenta","codice":"029047","regione":"veneto","provincia":"rovigo","sigla":"RO","codiceCatastale":"L359","cap":"45027"},{"nome":"Tregnago","codice":"023087","regione":"veneto","provincia":"verona","sigla":"VR","codiceCatastale":"L364","cap":"37039"},{"nome":"Trevenzuolo","codice":"023088","regione":"veneto","provincia":"verona","sigla":"VR","codiceCatastale":"L396","cap":"37060"},{"nome":"Trevignano","codice":"026085","regione":"veneto","provincia":"treviso","sigla":"TV","codiceCatastale":"L402","cap":"31040"},{"nome":"Treviso","codice":"026086","regione":"veneto","provincia":"treviso","sigla":"TV","codiceCatastale":"L407","cap":"31100"},{"nome":"Tribano","codice":"028094","regione":"veneto","provincia":"padova","sigla":"PD","codiceCatastale":"L414","cap":"35020"},{"nome":"Trissino","codice":"024110","regione":"veneto","provincia":"vicenza","sigla":"VI","codiceCatastale":"L433","cap":"36070"},{"nome":"Urbana","codice":"028095","regione":"veneto","provincia":"padova","sigla":"PD","codiceCatastale":"L497","cap":"35040"},{"nome":"Val di Zoldo","codice":"025073","regione":"veneto","provincia":"belluno","sigla":"BL","codiceCatastale":"M374","cap":"32012"},{"nome":"Val Liona","codice":"024123","regione":"veneto","provincia":"vicenza","sigla":"VI","codiceCatastale":"M384","cap":"36044"},{"nome":"Valbrenta","codice":"024125","regione":"veneto","provincia":"vicenza","sigla":"VI","codiceCatastale":"M423","cap":"36029"},{"nome":"Valdagno","codice":"024111","regione":"veneto","provincia":"vicenza","sigla":"VI","codiceCatastale":"L551","cap":"36078"},{"nome":"Valdastico","codice":"024112","regione":"veneto","provincia":"vicenza","sigla":"VI","codiceCatastale":"L554","cap":"36040"},{"nome":"Valdobbiadene","codice":"026087","regione":"veneto","provincia":"treviso","sigla":"TV","codiceCatastale":"L565","cap":"31049"},{"nome":"Valeggio sul Mincio","codice":"023089","regione":"veneto","provincia":"verona","sigla":"VR","codiceCatastale":"L567","cap":"37067"},{"nome":"Vallada Agordina","codice":"025062","regione":"veneto","provincia":"belluno","sigla":"BL","codiceCatastale":"L584","cap":"32020"},{"nome":"Valle di Cadore","codice":"025063","regione":"veneto","provincia":"belluno","sigla":"BL","codiceCatastale":"L590","cap":"32040"},{"nome":"Valli del Pasubio","codice":"024113","regione":"veneto","provincia":"vicenza","sigla":"VI","codiceCatastale":"L624","cap":"36030"},{"nome":"Vazzola","codice":"026088","regione":"veneto","provincia":"treviso","sigla":"TV","codiceCatastale":"L700","cap":"31028"},{"nome":"Vedelago","codice":"026089","regione":"veneto","provincia":"treviso","sigla":"TV","codiceCatastale":"L706","cap":"31050"},{"nome":"Veggiano","codice":"028096","regione":"veneto","provincia":"padova","sigla":"PD","codiceCatastale":"L710","cap":"35030"},{"nome":"Velo d'Astico","codice":"024115","regione":"veneto","provincia":"vicenza","sigla":"VI","codiceCatastale":"L723","cap":"36010"},{"nome":"Velo Veronese","codice":"023090","regione":"veneto","provincia":"verona","sigla":"VR","codiceCatastale":"L722","cap":"37030"},{"nome":"Venezia","codice":"027042","regione":"veneto","provincia":"venezia","sigla":"VE","codiceCatastale":"L736","cap":"30121"},{"nome":"Verona","codice":"023091","regione":"veneto","provincia":"verona","sigla":"VR","codiceCatastale":"L781","cap":"37121"},{"nome":"Veronella","codice":"023092","regione":"veneto","provincia":"verona","sigla":"VR","codiceCatastale":"D193","cap":"37040"},{"nome":"Vescovana","codice":"028097","regione":"veneto","provincia":"padova","sigla":"PD","codiceCatastale":"L805","cap":"35040"},{"nome":"Vestenanova","codice":"023093","regione":"veneto","provincia":"verona","sigla":"VR","codiceCatastale":"L810","cap":"37030"},{"nome":"Vicenza","codice":"024116","regione":"veneto","provincia":"vicenza","sigla":"VI","codiceCatastale":"L840","cap":"36100"},{"nome":"Vidor","codice":"026090","regione":"veneto","provincia":"treviso","sigla":"TV","codiceCatastale":"L856","cap":"31020"},{"nome":"Vigasio","codice":"023094","regione":"veneto","provincia":"verona","sigla":"VR","codiceCatastale":"L869","cap":"37068"},{"nome":"Vighizzolo d'Este","codice":"028098","regione":"veneto","provincia":"padova","sigla":"PD","codiceCatastale":"L878","cap":"35040"},{"nome":"Vigo di Cadore","codice":"025065","regione":"veneto","provincia":"belluno","sigla":"BL","codiceCatastale":"L890","cap":"32040"},{"nome":"Vigodarzere","codice":"028099","regione":"veneto","provincia":"padova","sigla":"PD","codiceCatastale":"L892","cap":"35010"},{"nome":"Vigonovo","codice":"027043","regione":"veneto","provincia":"venezia","sigla":"VE","codiceCatastale":"L899","cap":"30030"},{"nome":"Vigonza","codice":"028100","regione":"veneto","provincia":"padova","sigla":"PD","codiceCatastale":"L900","cap":"35010"},{"nome":"Villa Bartolomea","codice":"023095","regione":"veneto","provincia":"verona","sigla":"VR","codiceCatastale":"L912","cap":"37049"},{"nome":"Villa del Conte","codice":"028101","regione":"veneto","provincia":"padova","sigla":"PD","codiceCatastale":"L934","cap":"35010"},{"nome":"Villa Estense","codice":"028102","regione":"veneto","provincia":"padova","sigla":"PD","codiceCatastale":"L937","cap":"35040"},{"nome":"Villadose","codice":"029048","regione":"veneto","provincia":"rovigo","sigla":"RO","codiceCatastale":"L939","cap":"45010"},{"nome":"Villafranca di Verona","codice":"023096","regione":"veneto","provincia":"verona","sigla":"VR","codiceCatastale":"L949","cap":"37069"},{"nome":"Villafranca Padovana","codice":"028103","regione":"veneto","provincia":"padova","sigla":"PD","codiceCatastale":"L947","cap":"35010"},{"nome":"Villaga","codice":"024117","regione":"veneto","provincia":"vicenza","sigla":"VI","codiceCatastale":"L952","cap":"36021"},{"nome":"Villamarzana","codice":"029049","regione":"veneto","provincia":"rovigo","sigla":"RO","codiceCatastale":"L967","cap":"45030"},{"nome":"Villanova del Ghebbo","codice":"029050","regione":"veneto","provincia":"rovigo","sigla":"RO","codiceCatastale":"L985","cap":"45020"},{"nome":"Villanova di Camposampiero","codice":"028104","regione":"veneto","provincia":"padova","sigla":"PD","codiceCatastale":"L979","cap":"35010"},{"nome":"Villanova Marchesana","codice":"029051","regione":"veneto","provincia":"rovigo","sigla":"RO","codiceCatastale":"L988","cap":"45030"},{"nome":"Villaverla","codice":"024118","regione":"veneto","provincia":"vicenza","sigla":"VI","codiceCatastale":"M032","cap":"36030"},{"nome":"Villorba","codice":"026091","regione":"veneto","provincia":"treviso","sigla":"TV","codiceCatastale":"M048","cap":"31020"},{"nome":"Vittorio Veneto","codice":"026092","regione":"veneto","provincia":"treviso","sigla":"TV","codiceCatastale":"M089","cap":"31029"},{"nome":"Vo'","codice":"028105","regione":"veneto","provincia":"padova","sigla":"PD","codiceCatastale":"M103","cap":"35030"},{"nome":"Vodo Cadore","codice":"025066","regione":"veneto","provincia":"belluno","sigla":"BL","codiceCatastale":"M108","cap":"32040"},{"nome":"Volpago del Montello","codice":"026093","regione":"veneto","provincia":"treviso","sigla":"TV","codiceCatastale":"M118","cap":"31040"},{"nome":"Voltago Agordino","codice":"025067","regione":"veneto","provincia":"belluno","sigla":"BL","codiceCatastale":"M124","cap":"32020"},{"nome":"Zanè","codice":"024119","regione":"veneto","provincia":"vicenza","sigla":"VI","codiceCatastale":"M145","cap":"36010"},{"nome":"Zenson di Piave","codice":"026094","regione":"veneto","provincia":"treviso","sigla":"TV","codiceCatastale":"M163","cap":"31050"},{"nome":"Zermeghedo","codice":"024120","regione":"veneto","provincia":"vicenza","sigla":"VI","codiceCatastale":"M170","cap":"36050"},{"nome":"Zero Branco","codice":"026095","regione":"veneto","provincia":"treviso","sigla":"TV","codiceCatastale":"M171","cap":"31059"},{"nome":"Zevio","codice":"023097","regione":"veneto","provincia":"verona","sigla":"VR","codiceCatastale":"M172","cap":"37059"},{"nome":"Zimella","codice":"023098","regione":"veneto","provincia":"verona","sigla":"VR","codiceCatastale":"M178","cap":"37040"},{"nome":"Zoppè di Cadore","codice":"025069","regione":"veneto","provincia":"belluno","sigla":"BL","codiceCatastale":"M189","cap":"32010"},{"nome":"Zovencedo","codice":"024121","regione":"veneto","provincia":"vicenza","sigla":"VI","codiceCatastale":"M194","cap":"36020"},{"nome":"Zugliano","codice":"024122","regione":"veneto","provincia":"vicenza","sigla":"VI","codiceCatastale":"M199","cap":"36030"}]